y21,y22,y23,y24,y25,y26,y27,y28,y29,y210
 ,股票池,M1-F1,M1-F2,M1-F3,M1-F4,M2-F1,M2-F2,M2-F3,M2-F4
1,全市场,300669,600331,300881,600010,300669,600331,300881,600010
2,全市场,002996,000662,002996,002665,002996,000662,300859,601016
3,全市场,300458,002679,300859,603077,300458,603222,002756,002665
4,全市场,300881,600722,002756,601016,300848,600722,002996,000027
5,全市场,002988,603222,000708,002340,300827,600744,300819,002269
6,全市场,300812,002549,300819,000027,300881,002679,000708,000966
7,全市场,300179,600744,603995,600169,300146,601038,300848,603077
8,全市场,000065,002109,002318,000725,002988,002549,603995,000667
9,全市场,000151,600121,601003,600307,300812,002109,601003,002340
10,全市场,603080,600777,002110,000100,000151,000798,002318,600307
11,全市场,300827,603877,300848,002554,300203,000150,002443,600169
12,全市场,300146,601880,002443,000966,605018,002366,000761,600744
13,全市场,300203,000798,000761,002503,300859,603032,002110,002554
14,全市场,600540,300293,603878,601388,000065,600121,603878,601388
15,全市场,300839,600593,600126,000612,300725,000993,300864,000725
16,全市场,002828,601929,300864,002630,300179,000007,600117,002503
17,全市场,605050,300722,002478,600963,300205,603655,600126,000100
18,全市场,300848,600844,600117,000883,603080,600292,002478,000883
19,全市场,002941,000882,002813,600744,300839,600844,002075,603126
20,全市场,300863,600292,000717,600121,300856,002665,300417,000612
21,全市场,605018,603077,002075,000667,300864,600593,000717,601899
22,全市场,300205,300649,600231,600517,605050,000523,000898,002630
23,全市场,002731,300312,600808,600166,002828,002658,000778,600121
24,全市场,300725,300421,000778,000767,300663,600714,600231,601991
25,全市场,000813,002665,600581,000591,605255,603031,600808,002366
26,全市场,300600,300613,300417,601991,300400,600896,002813,600517
27,全市场,002416,300619,600507,601899,002941,600726,600581,000592
28,全市场,300856,000995,000898,002269,300867,600010,002658,600331
29,全市场,605166,002658,002998,600782,002731,002464,002893,600963
30,全市场,000617,600896,603332,000592,300563,600777,300675,000591
31,全市场,601158,002630,600569,002602,605222,603877,300692,600166
32,全市场,002769,002031,605006,000807,605369,002378,300887,600722
33,全市场,300400,300636,300887,600516,300891,002269,600282,000630
34,全市场,300820,600010,300867,300117,300600,002630,300867,000662
35,全市场,600339,002619,300891,000683,002769,000428,300697,600526
36,全市场,002953,601038,300692,600219,300860,300613,002998,600219
37,全市场,605222,603031,300896,000630,002893,000027,002805,002109
38,全市场,002997,002464,300697,000928,600761,002554,603332,603778
39,全市场,300663,000523,600282,000533,601158,601991,300891,000928
40,全市场,300847,300642,002805,002109,600888,000966,603826,600396
41,全市场,300457,002532,605018,600103,605188,300421,002612,000767
42,全市场,300891,002195,002893,600722,300664,300619,605006,000807
43,全市场,002980,603718,300675,002366,002997,600890,605018,000683
44,全市场,002893,600189,000709,601919,300847,601880,600569,002456
45,全市场,300860,000993,300839,600777,002416,000995,600507,002060
46,全市场,002603,300102,300835,002610,300863,001896,000709,603993
47,全市场,603019,600022,300863,600292,300697,603077,300896,000606
48,全市场,300289,300178,605136,002177,300457,300642,002824,601600
49,全市场,601702,600162,300748,601600,300484,601127,002315,600516
50,全市场,600128,600753,605255,600022,002980,601015,605255,600777
51,全市场,002150,600793,002824,000875,600216,300649,300863,002602
52,全市场,300537,603337,603826,002002,603931,002636,300839,000150
53,全市场,300563,601127,600259,600481,300877,600022,300751,600292
54,全市场,300664,002042,002460,000662,300120,002118,300621,000533
55,全市场,002474,300105,002988,600396,600339,600191,300835,601015
56,全市场,601811,002645,601702,600111,300289,002619,000550,601038
57,全市场,002887,603655,002658,000425,603826,300636,300812,601919
58,全市场,605188,600714,603260,001896,300577,300722,605136,600103
59,全市场,600761,300368,300827,601216,600540,002042,300827,002002
60,全市场,002226,001896,003003,300159,002226,600793,300385,600022
61,全市场,300655,002206,603098,000758,300274,300293,003003,002610
62,全市场,600769,002378,300840,603993,600141,600753,603026,600578
63,全市场,300276,300169,603612,601288,603859,300312,605199,600481
64,全市场,605255,002534,002941,000933,300820,002534,002988,002177
65,全市场,600216,600575,002612,002195,601137,002532,300400,002027
66,全市场,002136,600653,300812,002118,601811,000613,601677,300117
67,全市场,600888,300591,002315,601618,002422,601929,603801,000875
68,全市场,002962,002636,601088,002642,000617,002663,300040,600111
69,全市场,300842,603177,600956,600968,603900,600198,002460,002642
70,全市场,600419,000676,002828,002531,002443,002178,600259,600782
71,全市场,002422,002297,300751,002060,603693,603337,603612,000545
72,全市场,601137,300313,600980,002027,000813,002297,002876,601216
73,全市场,300004,300137,300877,000877,002953,600517,300877,600339
74,全市场,600291,603698,601677,600187,002136,002514,300840,001896
75,全市场,600168,600746,605111,002239,300842,300757,300363,000816
76,全市场,002208,002612,300713,300355,002039,603126,603877,600291
77,全市场,605369,600890,300750,600256,300690,002195,300759,002663
78,全市场,603301,300581,300618,000402,603013,603345,603693,002118
79,全市场,002443,601619,300862,002235,600507,002069,300280,600340
80,全市场,002773,002069,300621,300102,002940,000949,603486,002195
81,全市场,002951,300757,603026,000816,605366,600526,300748,002178
82,全市场,600173,603629,603080,601015,002150,002031,000531,000822
83,全市场,603859,600198,300752,600759,603301,000032,300234,000949
84,全市场,603078,601333,002993,002663,300172,002645,300862,600256
85,全市场,601088,002118,603931,600565,300819,600189,002534,600016
86,全市场,600064,600726,300062,300189,600456,600834,002941,000425
87,全市场,000782,300140,600809,600795,600419,002206,603080,601618
88,全市场,600640,000150,000550,600567,605166,000882,603200,601288
89,全市场,605366,603345,600519,002400,002669,300169,600809,601880
90,全市场,300120,600871,600456,601880,000544,000502,300713,002235
91,全市场,603931,300374,605199,600496,002983,300483,002207,600109
92,全市场,600141,002622,300040,601866,002959,603698,603718,000933
93,全市场,300141,000415,300725,300185,600168,603177,603260,000758
94,全市场,300097,601991,300537,000903,000600,000822,603444,600759
95,全市场,300172,601369,300759,601011,002978,603629,600674,600028
96,全市场,000034,600774,300842,600109,003010,002096,600452,000903
97,全市场,002848,300117,600036,000150,300833,000903,002993,002689
98,全市场,003000,600963,603693,000680,002213,600880,300537,002239
99,全市场,300713,601518,603185,300116,002938,601996,601702,002218
100,全市场,600802,000413,603801,600025,002887,002141,300820,600710
-1,全市场,603177,600807,300102,300725,002141,300042,002239,002993
-2,全市场,000793,003010,300355,300040,603629,300141,002689,300537
-3,全市场,002206,600835,300185,002911,601996,300833,600438,603180
-4,全市场,000861,603019,601866,000531,600880,002213,000758,002679
-5,全市场,002297,002213,601288,601799,000822,600168,000903,600452
-6,全市场,000963,300563,600759,300385,300169,002938,600759,603260
-7,全市场,002173,300400,000629,300815,002096,605166,000007,600674
-8,全市场,603096,603931,000875,603098,000903,002959,600028,603444
-9,全市场,300137,600216,002060,300840,603698,002983,000933,300713
-10,全市场,002612,002578,000933,600519,603177,000544,002235,002941
-11,全市场,300549,300847,000425,002876,300483,003010,601288,600809
-12,全市场,000523,300577,300178,300400,000502,002978,600109,603080
-13,全市场,603629,002226,002274,300280,002206,000600,601880,300748
-14,全市场,600322,002887,600396,300713,000882,600419,601618,603718
-15,全市场,300757,002443,601880,300363,600189,002669,600256,603200
-16,全市场,600293,603301,000903,603200,002645,603301,000425,002207
-17,全市场,300483,300690,000822,300862,600834,300172,000949,300862
-18,全市场,601005,300484,000150,600674,000949,002150,000822,002534
-19,全市场,002532,601126,000007,603603,002031,300819,002195,603486
-20,全市场,002645,300896,002235,603444,002069,605366,002178,300759
-21,全市场,300619,603859,002663,603486,002195,002940,002118,603693
-22,全市场,600199,300004,600028,603693,603345,601137,600016,000531
-23,全市场,603486,603013,002195,002941,000032,300690,002663,300280
-24,全市场,601966,600168,002178,300748,603126,600507,600340,300840
-25,全市场,002622,300289,300189,605199,600526,603013,600291,603877
-26,全市场,300642,002776,002602,300759,300757,002039,600339,600259
-27,全市场,002366,300664,002555,603612,002514,300842,000816,002460
-28,全市场,600743,002208,002378,600259,002297,002953,600782,603612
-29,全市场,603267,002693,000606,600809,600517,002136,001896,300363
-30,全市场,002534,601158,000157,300877,603337,000813,601216,300877
-31,全市场,603718,600640,000420,600540,002178,603693,000545,002876
-32,全市场,603698,600419,000545,300750,002663,002443,300117,300040
-33,全市场,600393,600630,600109,601677,600198,603900,002177,300234
-34,全市场,300178,002669,600392,603260,601929,000617,600578,002988
-35,全市场,601333,002980,601618,603801,000613,601811,000875,603801
-36,全市场,000415,300663,600292,603026,300312,300820,002642,601677
-37,全市场,002630,002452,002118,600507,600753,002422,600111,300400
-38,全市场,002096,300276,600438,300812,002534,603826,600481,003003
-39,全市场,000008,300205,600103,002315,002532,600141,000533,605199
-40,全市场,600871,300877,000816,003003,002042,603859,600103,603026
-41,全市场,601518,600128,002642,002988,300293,002226,600022,605136
-42,全市场,300649,600769,601216,002460,600793,300274,002610,300827
-43,全市场,002464,000005,600777,000550,002619,600540,002002,300385
-44,全市场,002042,605255,001896,300839,300636,300697,002027,300835
-45,全市场,600793,300867,603126,300827,300722,300289,600292,300812
-46,全市场,600751,605188,600340,300835,600022,300577,601919,000550
-47,全市场,603337,600740,600481,300751,600191,300120,000150,300839
-48,全市场,000413,605366,000928,605136,002636,600339,002602,300621
-49,全市场,000995,300891,600022,605255,002118,300877,601015,300751
-50,全市场,002847,000544,000683,002824,300642,603931,601038,300863
-51,全市场,600896,002941,601038,002207,300649,002980,600777,605255
-52,全市场,600726,000782,000883,002805,603077,600216,000606,002315
-53,全市场,002663,605369,601015,300863,601127,300484,002060,002824
-54,全市场,000027,002150,002002,300621,601015,600888,600516,300896
-55,全市场,300636,002474,600526,002612,300619,300863,601600,000709
-56,全市场,600575,601811,601919,002658,001896,002416,603993,600507
-57,全市场,300722,002998,000807,605018,300421,300457,000683,600569
-58,全市场,603345,300839,000592,603826,601880,002997,000807,605018
-59,全市场,002541,002199,002610,300891,000995,300847,603778,605006
-60,全市场,002378,300860,600016,605006,002378,300664,600396,603332
-61,全市场,600292,605222,600516,300896,600890,605188,000767,300891
-62,全市场,001896,300848,600963,300697,601991,601158,002456,603826
-63,全市场,600844,300457,000662,300692,300613,600761,000928,002612
-64,全市场,300421,002416,600517,600569,002554,300860,600526,002805
-65,全市场,600653,300856,002027,300675,000428,002769,600219,002998
-66,全市场,002549,002828,600111,603332,002630,605369,002109,300697
-67,全市场,603877,002953,601600,300887,000027,300891,000662,300867
-68,全市场,300293,300820,000767,300867,000966,002893,000630,600282
-69,全市场,600753,002731,002109,000709,002269,300600,600166,300887
-70,全市场,002665,002951,601991,002893,603877,605222,600722,300692
-71,全市场,603031,603126,600219,600282,600777,002731,000591,300675
-72,全市场,600010,002997,002503,002998,600010,300563,000592,002893
-73,全市场,600121,000617,000612,300417,002464,300867,600963,002658
-74,全市场,300234,600761,600166,002813,600726,002941,600517,600581
-75,全市场,002195,300725,002630,600956,600896,300400,002366,002813
-76,全市场,000993,002769,603993,300864,603031,300663,601991,600808
-77,全市场,600022,605018,002366,600808,600714,605255,600121,600231
-78,全市场,600162,002962,600307,000717,000523,002828,002630,000778
-79,全市场,603077,600339,000630,300848,002658,605050,600331,000717
-80,全市场,300613,300146,000591,600231,600593,300864,000612,300417
-81,全市场,002109,605166,002456,000778,600844,300856,601899,000898
-82,全市场,600714,300863,002269,600126,002665,300205,000883,600126
-83,全市场,002619,300203,601388,000898,600292,300839,603126,002478
-84,全市场,601127,000813,600121,600581,603655,603080,002503,002075
-85,全市场,002031,605050,600722,300819,000007,300179,000100,600117
-86,全市场,000798,600956,000966,600117,000993,300725,601388,300864
-87,全市场,002658,002893,000667,002110,603032,000065,000725,603878
-88,全市场,000882,603080,601899,002478,600121,605018,002554,002110
-89,全市场,600593,300458,002554,002075,002366,002988,600307,000761
-90,全市场,300312,000065,000100,603878,000150,300203,000667,002443
-91,全市场,601929,002988,000725,000761,000798,000151,600169,002318
-92,全市场,601880,300812,600331,002443,002109,300859,002340,601003
-93,全市场,601038,300600,600169,601003,002549,300812,600744,603995
-94,全市场,600777,300179,002340,002318,601038,300146,000966,300848
-95,全市场,002679,300827,603077,002996,002679,300881,603077,000708
-96,全市场,600744,000151,000027,603995,600744,300827,002269,300819
-97,全市场,603222,600540,600744,000708,600722,300848,000027,002996
-98,全市场,600722,300881,601016,300859,603222,300458,002665,002756
-99,全市场,000662,002996,002665,002756,000662,002996,601016,300859
-100,全市场,600331,300669,600010,300881,600331,300669,600010,300881
1,中证500,300146,603077,601456,603077,300146,601127,601456,601016
2,中证500,600339,601880,002941,600307,600141,603077,002941,600307
3,中证500,002941,601127,600259,601016,600507,000027,600259,603077
4,中证500,002603,002195,300618,000027,002941,600022,000600,000027
5,中证500,600273,600022,600507,002340,300274,600517,002110,002340
6,中证500,000813,000415,002110,600022,600339,002195,600507,000883
7,中证500,600141,600871,000600,600166,000778,601880,600917,600022
8,中证500,600507,601005,300274,600782,601456,603345,300274,002503
9,中证500,600026,600776,600338,600219,000600,603882,601778,000630
10,中证500,000778,600575,600141,000883,600064,600776,000717,600219
11,中证500,600835,603345,601778,000630,600273,601005,600141,600166
12,中证500,600064,603893,600917,002503,601200,600869,300618,600339
13,中证500,300274,000008,000877,600517,600216,601016,300474,600517
14,中证500,002683,000732,000717,000807,000581,600460,603486,600782
15,中证500,002416,600733,000970,000629,600835,000415,600338,600291
16,中证500,002110,600460,002174,002195,002603,600917,002174,002195
17,中证500,000581,600338,300474,000932,002110,600871,601003,000629
18,中证500,600216,600869,600126,603719,300496,000046,601127,000807
19,中证500,300024,603638,603486,600516,000062,603638,000778,603719
20,中证500,002468,600664,601003,002505,002416,603893,600126,600256
21,中证500,600126,603882,002028,601880,002683,000732,002075,601880
22,中证500,601200,000046,300146,600256,300024,002505,600808,002505
23,中证500,000089,002505,002056,000825,002595,002920,000690,000540
24,中证500,600895,601333,603444,600567,001914,000008,300146,002506
25,中证500,000869,002670,000778,601866,000830,600733,603444,601005
26,中证500,000062,600517,600808,000540,000543,002640,000970,600869
27,中证500,600516,000932,600549,000402,300699,000807,000543,600881
28,中证500,000039,000718,300496,600871,600026,600338,002028,600871
29,中证500,600153,600917,600529,000718,600563,603806,002563,000813
30,中证500,000830,300630,002075,002506,601799,600664,600131,600567
31,中证500,600704,601016,000690,300058,600126,603290,600282,601866
32,中证500,300699,603290,600131,600545,300166,000629,000400,603515
33,中证500,002429,000739,002709,600869,000089,600575,000826,000008
34,中证500,002233,002920,002266,600664,600642,300630,000877,002013
35,中证500,002797,000758,300418,002191,600516,002064,300496,000078
36,中证500,000975,000078,000400,600277,000039,000078,600529,300376
37,中证500,002926,603806,300070,000078,002926,601966,002266,002589
38,中证500,601799,601966,000543,002589,000813,000739,000898,600664
39,中证500,000988,000402,002563,300376,000988,601866,600642,000718
40,中证500,600528,601975,600642,603515,002648,000883,600903,002815
41,中证500,601456,002640,601127,600881,002396,601717,300070,000158
42,中证500,600073,603225,601966,002013,002434,000031,002709,600073
43,中证500,002302,600959,000826,000008,600895,600675,600398,600516
44,中证500,002030,000629,600985,002815,600073,601333,300324,002191
45,中证500,600640,002131,000830,600053,000970,000718,600985,600170
46,中证500,000528,000807,300595,601005,600153,000932,600549,300168
47,中证500,300166,601717,002048,600970,600529,601992,601139,603638
48,中证500,600623,002985,601139,000158,000869,603486,002056,000932
49,中证500,000970,603885,603568,600291,600648,002670,603568,603328
50,中证500,002648,600259,600282,600073,002281,000402,300010,603866
51,中证500,600060,000883,600903,603328,002797,002807,600392,601992
52,中证500,600717,000027,002155,000046,000975,603868,300418,600053
53,中证500,002223,600170,603260,600863,300474,002985,002653,600545
54,中证500,002408,600166,000528,000415,600528,002375,002568,000012
55,中证500,000600,600839,002511,000758,300070,002244,603885,600418
56,中证500,300070,002092,002074,300168,002128,000158,600188,002957
57,中证500,002281,600392,000975,000061,603355,603225,601966,600089
58,中证500,600642,600675,600216,002901,603568,002092,600021,002399
59,中证500,002185,300463,300012,002051,600623,600863,600968,600277
60,中证500,600291,002653,002124,600089,601000,000758,300595,300113
61,中证500,300212,600881,600315,002957,600580,002568,002372,300459
62,中证500,601997,000158,002568,600170,002233,603885,002048,600820
63,中证500,600529,601992,603737,300459,000488,002589,001914,000046
64,中证500,601298,300296,300324,601992,300482,300357,002511,000825
65,中证500,603338,600903,600968,603866,600699,600316,603355,000061
66,中证500,000623,002064,603885,002217,002408,002131,300012,600728
67,中证500,300496,002807,601200,000012,600062,002002,603198,002901
68,中证500,002396,603786,001914,002399,601997,603515,000528,600580
69,中证500,600563,300357,000878,600008,002946,000937,002074,300257
70,中证500,002595,002568,000636,300257,000090,600903,002124,002051
71,中证500,601611,603868,000513,600811,002468,603983,600216,603888
72,中证500,002128,002212,603983,002423,002030,000990,601718,600970
73,中证500,002191,603589,300223,002131,000685,002212,603737,002831
74,中证500,300058,600863,600827,300113,600195,300463,000513,002217
75,中证500,600062,002390,600167,600728,002223,600754,601200,600372
76,中证500,600418,603816,002138,603638,601611,600132,002010,002081
77,中证500,600801,603486,000501,603888,300212,600959,600329,002131
78,中证500,002946,600316,601799,600623,002429,300418,600315,603379
79,中证500,002434,603737,600188,600673,600258,600881,002640,000415
80,中证500,600580,600765,002640,002375,002074,002705,600167,600572
81,中证500,600258,601118,000598,600372,002273,600170,603983,600718
82,中证500,002085,000031,300699,600820,601298,601975,000685,002375
83,中证500,600511,000990,000930,600572,000528,600765,002138,300058
84,中证500,600699,000967,600398,002081,600640,600291,000598,300630
85,中证500,600410,600409,002372,600580,600879,600409,000830,000402
86,中证500,002966,002028,000685,000869,300001,600166,600827,600967
87,中证500,000090,002002,600426,600556,000400,601118,000501,600673
88,中证500,002004,601128,002080,600967,600466,600839,000301,002423
89,中证500,300088,002244,002203,300630,000028,002217,002444,600623
90,中证500,600089,600486,002653,603379,000623,603816,600563,600556
91,中证500,600648,002705,002444,002831,600875,300182,000636,603225
92,中证500,600006,300072,000301,002302,601689,600392,600875,600811
93,中证500,000061,300418,000089,000738,002709,300026,000930,002557
94,中证500,002152,000937,300244,600718,002155,600582,601799,000738
95,中证500,002273,603198,300010,601099,002048,603719,002408,002705
96,中证500,000543,002690,603198,601869,002174,600673,300223,600195
97,中证500,603568,601866,002683,600195,300017,000967,002249,002468
98,中证500,601828,600754,300285,600776,002191,603589,000089,603056
99,中证500,600500,603983,002010,600039,000513,002557,002948,002302
100,中证500,600398,600970,002408,000732,000301,600545,300244,000009
-1,中证500,002705,600466,601106,600563,600545,002709,002468,300244
-2,中证500,300418,600755,600062,601718,300072,000513,000009,000089
-3,中证500,603377,002155,600839,000598,002557,300017,002002,002948
-4,中证500,600486,000061,002038,002683,603589,000301,002705,300223
-5,中证500,002299,600410,600718,600160,600673,002048,002302,002249
-6,中证500,002250,000690,002818,300223,600582,002191,600195,002408
-7,中证500,000883,002408,002831,300244,300026,002174,002557,601799
-8,中证500,002867,002340,600657,601799,600166,601689,000738,000930
-9,中证500,000758,603568,601801,002080,600392,002155,600811,600875
-10,中证500,000932,002191,300072,300699,300182,600875,300058,000636
-11,中证500,601866,600500,000062,000975,600839,000028,603225,002444
-12,中证500,600392,000685,601860,002010,002217,000623,000402,000301
-13,中证500,002217,000528,601099,000089,603719,600466,600556,000501
-14,中证500,603737,601615,000869,000685,603816,000400,600623,600563
-15,中证500,600307,000623,601118,002444,601118,600879,002423,000830
-16,中证500,600917,600511,300168,000301,600409,300001,600673,600827
-17,中证500,002244,002221,002081,000636,300418,000528,600967,000598
-18,中证500,601118,603056,600580,601200,600291,600640,300630,002138
-19,中证500,002670,600529,601179,000488,601975,600258,600718,000685
-20,中证500,002212,600879,600623,600875,600765,601298,002375,603983
-21,中证500,603786,000028,600967,000930,600170,002273,600572,600167
-22,中证500,603883,002128,600811,000877,600881,002074,603379,600315
-23,中证500,600754,002004,600372,002948,002705,601611,002131,002640
-24,中证500,002093,300088,600728,000501,600959,300212,000415,601200
-25,中证500,600863,300017,603866,600329,002212,002429,002081,002010
-26,中证500,002390,002648,601869,600216,600132,002223,002831,000513
-27,中证500,002002,001914,002399,002138,300463,000685,600372,603737
-28,中证500,000158,600563,300113,603355,600754,600195,600970,600329
-29,中证500,002589,002440,600673,000878,000990,002408,002217,600216
-30,中证500,300012,600497,600572,603983,600903,002030,603888,002074
-31,中证500,000563,002946,002302,000528,603983,000090,300257,002124
-32,中证500,603868,600195,002131,600398,000937,002468,600580,000528
-33,中证500,300463,600062,000061,000513,603515,002946,002051,601718
-34,中证500,603198,600704,300257,002640,002002,601997,600418,300012
-35,中证500,603816,002709,603888,603568,002131,600062,600728,603198
-36,中证500,603983,600006,600820,600021,600316,300482,002901,002511
-37,中证500,600166,600699,002901,002266,300357,000488,000061,603355
-38,中证500,000718,601298,603379,002653,002589,600699,300113,001914
-39,中证500,603225,000869,600970,603198,603885,600623,002399,002048
-40,中证500,002375,002273,600277,002074,000758,600580,000046,300595
-41,中证500,601992,600126,002375,002124,002568,603568,600277,002372
-42,中证500,002791,002281,000046,300595,600863,601000,600820,600968
-43,中证500,600316,600968,002423,001914,002092,002233,300459,601966
-44,中证500,300357,002396,600545,601139,000158,300070,600089,600188
-45,中证500,002092,600580,000158,600315,603225,603355,000012,603885
-46,中证500,603515,600895,600170,300324,002244,600528,002957,300418
-47,中证500,600338,002223,002217,603737,002985,300474,600545,600021
-48,中证500,000732,002434,002051,002511,002807,002128,600053,002568
-49,中证500,600132,000488,603515,600642,603868,000975,000825,002056
-50,中证500,000031,600648,300459,300012,002375,002797,603866,603568
-51,中证500,300010,600642,000012,300070,000402,600529,603638,002653
-52,中证500,600733,601997,600053,603885,002670,002281,601992,600549
-53,中证500,600839,600717,002957,002568,603486,600648,300168,600392
-54,中证500,000629,002075,002416,600903,000718,000869,000932,300010
-55,中证500,603885,000988,000415,002048,601992,600073,603328,601139
-56,中证500,002131,000543,600089,002056,000932,000970,002191,300324
-57,中证500,002653,002595,601992,002372,601333,600895,600170,600985
-58,中证500,300630,002233,603328,000826,600675,600153,000158,002709
-59,中证500,603290,002797,600256,300418,000031,002396,600073,600398
-60,中证500,002985,600528,002815,601966,601717,000813,002815,300070
-61,中证500,600675,000039,600073,600985,601866,002434,600516,600642
-62,中证500,600959,002030,000078,002709,000739,002648,000078,600903
-63,中证500,603638,002429,600567,600131,000883,000988,002589,002266
-64,中证500,601717,601611,002589,600529,601966,002926,000718,000877
-65,中证500,600869,000975,002013,600549,000078,600516,600664,600529
-66,中证500,002640,600073,002506,000543,002064,000039,603515,000898
-67,中证500,603893,002926,000008,002563,600575,600642,300376,300496
-68,中证500,600881,600153,600664,300496,300630,000089,002013,000400
-69,中证500,000739,600418,000932,600282,000629,300166,000008,000826
-70,中证500,002064,300166,600869,300146,603806,600126,600567,600131
-71,中证500,002568,000089,000718,000400,600664,600563,601866,600282
-72,中证500,600517,002683,600871,600392,603290,601799,000813,002028
-73,中证500,601016,000830,000813,300010,600338,600026,600881,000970
-74,中证500,000807,600640,600881,000690,000807,000543,600871,002563
-75,中证500,600776,300699,002505,002028,002640,300699,600869,000543
-76,中证500,601975,600216,300376,000970,600733,002595,002506,603444
-77,中证500,000078,002468,600291,603444,000008,001914,000540,300146
-78,中证500,600170,002603,000540,002174,002920,000830,601005,600808
-79,中证500,603806,000600,601866,000898,002505,002683,002505,000690
-80,中证500,600460,002110,603719,600808,603893,300024,600256,600126
-81,中证500,002505,601456,002002,601127,000732,002416,601880,002075
-82,中证500,000046,300024,601880,600338,603638,000062,603719,000778
-83,中证500,002920,000062,000825,600126,600871,300496,000807,600338
-84,中证500,601966,601799,600516,600507,000046,002110,002195,002174
-85,中证500,601333,300496,002195,601778,000415,002603,000629,601003
-86,中证500,603486,600273,600517,300474,600917,600835,600291,601127
-87,中证500,603882,000581,000883,603486,600460,000581,600782,300618
-88,中证500,000027,600026,000807,600917,601016,600216,600339,300474
-89,中证500,600664,002416,000629,000778,600869,601200,600517,603486
-90,中证500,600575,601200,601005,300274,601005,600273,600166,600141
-91,中证500,603345,600064,002503,601003,603882,600064,600219,300274
-92,中证500,600871,300274,600166,600141,600776,000600,002503,601778
-93,中证500,601005,600835,600219,300618,603345,601456,000630,000717
-94,中证500,000008,600141,600022,000717,601880,000778,600022,600917
-95,中证500,000415,600507,000630,002075,002195,600339,000883,600507
-96,中证500,002195,000778,600307,000600,600517,300274,002340,002110
-97,中证500,600022,002941,002340,002110,600022,002941,000027,000600
-98,中证500,603077,000813,000027,600259,603077,600507,603077,600259
-99,中证500,601880,600339,601016,002941,000027,600141,600307,002941
-100,中证500,601127,300146,603077,601456,601127,300146,601016,601456
1,沪深300,002422,002153,000708,600010,002422,002153,000708,600010
2,沪深300,603019,600025,600019,601600,600886,600025,600019,601899
3,沪深300,600886,600795,002460,601899,603019,600010,002460,601600
4,沪深300,600887,300601,600111,000725,000895,603501,000963,000725
5,沪深300,000895,603501,000963,603993,600660,601216,600111,603993
6,沪深300,002773,601988,300033,002773,002938,000963,300033,002773
7,沪深300,603799,600208,002594,601919,300498,601288,600918,002027
8,沪深300,601088,600010,600918,601618,600887,300122,002594,601919
9,沪深300,600660,601288,300136,002027,600837,002311,300059,601618
10,沪深300,300498,300122,300059,601231,601088,300601,300136,601231
11,沪深300,002938,603833,002600,600297,600958,002812,002600,601808
12,沪深300,600837,002311,600009,601808,603195,600369,002555,600297
13,沪深300,002555,603392,002236,002153,601577,600208,002236,000627
14,沪深300,603195,300433,603799,600346,600900,603833,600009,600346
15,沪深300,600900,601788,002555,002044,601138,000627,300142,600028
16,沪深300,000425,601601,600362,000627,300136,603392,000723,603156
17,沪深300,600000,601216,300142,603658,603160,600795,600522,002153
18,沪深300,603160,002812,002241,603156,601318,601601,601577,002044
19,沪深300,601138,600111,601577,600299,603799,600340,002241,600299
20,沪深300,600585,601377,600522,603160,601939,000786,603799,603658
21,沪深300,600019,000786,000723,600025,600104,002415,600362,002841
22,沪深300,000651,002352,600309,002841,000425,601988,600309,601633
23,沪深300,600085,600176,600584,601633,600309,300433,603392,600016
24,沪深300,600104,600297,603392,600406,300059,002352,600584,600025
25,沪深300,600958,002415,002230,600028,600019,601377,002230,002456
26,沪深300,600519,000596,000977,002024,600276,601788,600352,002493
27,沪深300,601577,000963,603195,002493,601688,601901,000977,600406
28,沪深300,600036,002032,600989,601288,000961,603369,600900,002024
29,沪深300,601186,601901,002129,000786,002384,600745,603195,603160
30,沪深300,601318,600745,002601,600795,000651,601360,600989,600271
31,沪深300,601939,603369,600352,000596,600000,002841,002129,000786
32,沪深300,600276,600369,600900,600271,601186,000596,600655,000596
33,沪深300,002142,601360,601066,601727,002773,002032,002601,600958
34,沪深300,002456,000723,002008,600547,600085,002024,601117,600795
35,沪深300,600989,600066,601318,600489,600585,600066,600438,002252
36,沪深300,600332,603993,601117,002252,000725,600690,601066,600998
37,沪深300,300059,002714,600519,600332,002142,002001,002008,600332
38,沪深300,600109,002841,002602,600958,601021,601998,601318,600390
39,沪深300,002384,600690,603087,600390,000708,600018,603087,600845
40,沪深300,300136,002558,002202,600369,601231,000166,600519,600369
41,沪深300,601238,002001,600109,300628,600989,601808,002202,601216
42,沪深300,600383,603658,603259,002916,002555,600705,601939,601288
43,沪深300,600271,600018,000651,600845,600036,600297,600109,601727
44,沪深300,601688,002049,600655,600705,600519,002558,000651,300628
45,沪深300,002007,601989,601939,002558,600346,002304,002271,600705
46,沪深300,600196,000627,003816,600998,300033,603993,603259,601236
47,沪深300,600309,002027,002271,002120,000776,000625,002624,600161
48,沪深300,600177,002230,000002,601216,600332,002027,000002,002032
49,沪深300,000961,600998,002624,601236,000001,600176,002812,002120
50,沪深300,600547,002304,600438,300124,601155,002714,003816,000100
51,沪深300,600346,600438,002812,600161,600383,601872,600600,601021
52,沪深300,601698,601117,601012,600183,601012,600600,600893,600547
53,沪深300,300408,601390,600893,601021,300408,600111,000069,002558
54,沪深300,603288,601066,002352,600066,600029,600998,600068,601881
55,沪深300,601231,601872,601788,601881,002739,600763,601788,002916
56,沪深300,000776,601916,002384,002032,600547,601916,600340,600489
57,沪深300,600028,600926,601108,601198,600016,002607,601006,601696
58,沪深300,002624,300676,600068,002938,002624,002463,601012,600066
59,沪深300,600016,002024,603986,601696,600177,600926,601698,601198
60,沪深300,000725,600705,600600,600848,600570,000568,601108,603833
61,沪深300,002739,000625,000069,603833,002120,002241,002384,600848
62,沪深300,600999,002607,601006,002945,601211,601989,601162,002945
63,沪深300,000001,600161,601162,601877,600893,002410,002352,300124
64,沪深300,603986,601878,601698,600926,002508,601818,000338,600183
65,沪深300,600918,002463,300676,601238,600196,600390,601377,600926
66,沪深300,600015,600600,601688,002414,600999,002230,002157,601238
67,沪深300,600570,600703,002157,300433,300529,300676,300676,002938
68,沪深300,601198,002414,601377,002673,601238,601633,601688,601877
69,沪深300,002252,000166,600745,002410,600352,300014,603986,300014
70,沪深300,002146,000568,600887,000768,002007,002736,600004,603899
71,沪深300,600406,002736,000338,002050,601881,002600,600887,002410
72,沪深300,601990,600340,600004,000100,601933,600606,000625,002414
73,沪深300,002120,000157,600048,600050,603087,000723,600030,601360
74,沪深300,300003,002475,000860,600588,600655,600031,000661,600588
75,沪深300,002508,300124,600036,600760,002157,002049,000860,601607
76,沪深300,600233,600741,000661,601360,601990,002475,600031,002673
77,沪深300,601012,600763,000333,600436,600299,600809,600745,601818
78,沪深300,601211,601808,300003,601818,601698,600438,600048,600436
79,沪深300,601919,601600,000625,603899,000100,600161,000333,600050
80,沪深300,601155,002600,002714,600999,601328,000157,300003,000768
81,沪深300,600487,601009,600031,002607,603986,002958,600036,600115
82,沪深300,600118,601166,000568,002001,600233,000783,000568,002050
83,沪深300,000708,002410,600763,600637,600271,601658,300347,000166
84,沪深300,600011,600919,600340,601607,601336,601398,601658,600637
85,沪深300,601881,002241,000858,000166,600406,300124,601169,002736
86,沪深300,601607,300413,601838,002142,002146,601390,600763,600061
87,沪深300,600637,601633,000776,002736,601198,002414,000858,600999
88,沪深300,002157,601108,300347,600061,002129,002493,600886,002001
89,沪深300,600299,601818,600919,601901,600109,601117,000776,601901
90,沪深300,600498,000783,601878,002602,603288,600741,002714,000783
91,沪深300,603087,002044,002049,000783,000538,601555,002739,300433
92,沪深300,601336,601998,601816,002939,600918,601600,601555,002939
93,沪深300,600030,601555,601555,600115,601607,603658,601878,002821
94,沪深300,600893,600522,600176,002415,600030,600115,601838,300408
95,沪深300,601766,600031,601658,002007,002271,601888,600872,600482
96,沪深300,600029,002371,601169,300408,601919,601009,601077,002142
97,沪深300,601816,002958,600872,603501,601838,600522,300144,600760
98,沪深300,002602,000069,600030,601398,300003,601100,601816,603369
99,沪深300,600872,601888,002739,600208,000002,600489,600085,002415
100,沪深300,300144,600048,601211,600383,600845,601878,601211,002007
-1,沪深300,002714,601800,002142,601816,601066,300144,002007,601211
-2,沪深300,601998,601162,002311,600118,600489,002271,002415,600085
-3,沪深300,002236,601816,002607,600029,600522,000002,600760,601816
-4,沪深300,002414,600999,600837,601186,601100,601919,603369,300144
-5,沪深300,601888,601319,000876,600872,601888,601838,002142,601838
-6,沪深300,002024,601607,000768,300144,600115,300003,300433,600872
-7,沪深300,002958,600655,600498,600036,601009,603288,600482,002714
-8,沪深300,601899,600011,600999,600763,603658,600918,300408,601077
-9,沪深300,600489,600109,002001,601077,601600,601198,002821,601878
-10,沪深300,002601,002739,300408,601555,601555,000538,002939,002739
-11,沪深300,002475,000876,600050,000858,601117,600109,000783,601555
-12,沪深300,000783,601985,002050,000776,600741,002129,002001,000776
-13,沪深300,601658,002007,601901,600085,002493,601607,600999,000858
-14,沪深300,300628,300529,002414,601658,300124,600030,601901,600763
-15,沪深300,300676,600498,002939,000568,601390,002146,600061,600886
-16,沪深300,000723,002271,002736,600048,002414,600406,002736,601169
-17,沪深300,601169,603259,600436,601169,601398,601336,600637,601658
-18,沪深300,002179,600299,000783,000157,002958,600233,000166,300347
-19,沪深300,002044,601919,600061,300347,000783,600271,002050,000568
-20,沪深300,000625,600028,002938,600745,601658,603986,000768,600036
-21,沪深300,300347,600352,603369,000333,000157,601328,600115,300003
-22,沪深300,601225,601990,601225,603986,002049,000100,600050,000333
-23,沪深300,600438,600196,300124,300003,600161,601990,600436,600048
-24,沪深300,600031,600177,000166,000860,600809,601698,601818,600745
-25,沪深300,002594,600030,002821,600886,600031,002157,002673,000860
-26,沪深300,600926,600015,600183,600887,600438,600299,600588,600031
-27,沪深300,000568,601698,002916,002456,002475,603087,002414,000661
-28,沪深300,003816,601211,600482,600004,000723,601881,601607,600887
-29,沪深300,600809,600233,002673,600031,600606,600655,601360,600004
-30,沪深300,603658,600029,600637,002352,300014,601933,002410,000625
-31,沪深300,601117,600271,601877,000661,002600,600352,603899,603986
-32,沪深300,601100,002120,600588,300676,002736,002007,002938,600030
-33,沪深300,601077,000708,002410,002384,601633,601238,601877,300676
-34,沪深300,603993,603087,601238,000625,002230,300529,601238,601688
-35,沪深300,601818,603899,600115,601012,600390,600999,600926,002157
-36,沪深300,000671,002157,601360,601688,300676,600196,600183,601377
-37,沪深300,601808,002252,601607,601162,601818,002508,300124,002352
-38,沪深300,002463,002508,600926,601377,601989,600893,300014,000338
-39,沪深300,600741,600893,601818,002157,600926,601211,002945,601162
-40,沪深300,002600,601238,603899,601108,000568,002120,600848,002384
-41,沪深300,002410,600570,601288,000338,002241,600570,600489,601108
-42,沪深300,600703,600036,600848,601698,002410,600177,601198,601012
-43,沪深300,300124,601155,002120,601788,002463,002624,600547,601698
-44,沪深300,000860,002456,601198,003816,002607,600016,603833,601006
-45,沪深300,300413,300059,002024,600893,601916,600547,600066,601788
-46,沪深300,600690,601231,002945,601006,600111,002739,002916,600068
-47,沪深300,002027,002142,600066,002624,600763,600029,601696,000069
-48,沪深300,600998,002146,603833,600030,600998,601012,002558,600340
-49,沪深300,600111,600383,601881,000002,600600,600383,601881,600893
-50,沪深300,002736,000100,601021,603259,002714,300408,601021,600600
-51,沪深300,600390,600989,601696,000069,600176,601155,002120,003816
-52,沪深300,002241,000001,002558,600068,601872,000001,002032,000002
-53,沪深300,601390,600085,601727,601939,002027,600332,000100,002812
-54,沪深300,002558,002624,600161,600600,603993,000776,600161,002624
-55,沪深300,000157,300408,601236,000651,002304,300033,601236,603259
-56,沪深300,600340,000538,002032,002271,000625,600346,600705,002271
-57,沪深300,002493,600332,600795,603087,600297,600519,601288,000651
-58,沪深300,601916,600016,300628,600519,002558,600989,300628,601939
-59,沪深300,002001,600519,600705,002812,600705,601231,601727,002202
-60,沪深300,600745,000776,600369,002202,601808,600036,600369,600109
-61,沪深300,601901,601012,600390,601318,000166,002142,601216,600519
-62,沪深300,601216,600585,603160,601066,600018,002555,600845,603087
-63,沪深300,600600,600000,600332,002601,601998,601021,600390,601318
-64,沪深300,601788,601021,600845,002008,002001,000708,600332,601066
-65,沪深300,002304,000425,601216,601117,600066,002773,600998,002008
-66,沪深300,600066,600346,300014,002129,600690,000725,600795,601117
-67,沪深300,300433,300033,002252,600340,002024,600585,002252,600438
-68,沪深300,000166,601186,000596,600989,002032,600085,600958,002601
-69,沪深300,601360,600547,600998,600109,002841,601186,000596,600655
-70,沪深300,000627,000961,000786,603195,000596,600000,000786,002129
-71,沪深300,300601,002384,600406,600438,600745,000651,600271,600989
-72,沪深300,300122,000651,600958,600655,601360,002384,603160,603195
-73,沪深300,002415,603195,600025,000977,603369,000961,002024,600900
-74,沪深300,601989,000725,002493,600584,601901,601688,600406,000977
-75,沪深300,600763,601688,601633,002230,601788,600276,002493,600352
-76,沪深300,600297,600276,600271,600900,002352,600019,600025,002230
-77,沪深300,600705,601318,002841,600352,601377,300059,601633,600584
-78,沪深300,600369,600309,000100,600309,300433,000425,002841,603392
-79,沪深300,601377,300136,603658,603392,601988,600309,603658,600309
-80,沪深300,603369,600104,002153,600362,002415,600104,600299,600362
-81,沪深300,002032,600887,600297,002241,000786,601939,600016,603799
-82,沪深300,002607,600019,600346,603799,600795,603799,002044,002241
-83,沪深300,002352,601939,601231,601577,601601,601318,002153,601577
-84,沪深300,000596,002773,002044,600522,600340,603160,002456,600522
-85,沪深300,000786,002555,600299,300142,603392,300136,603156,300142
-86,沪深300,603833,601138,601808,000723,000627,600900,600346,000723
-87,沪深300,603392,603160,603156,002600,600208,601138,600028,600009
-88,沪深300,600025,600900,000627,600009,603833,603195,000627,002236
-89,沪深300,600010,601577,600028,002236,600369,601577,600297,002600
-90,沪深300,603501,601088,601618,300136,002812,600958,601808,002555
-91,沪深300,002812,600958,002773,300059,300601,601088,601231,300136
-92,沪深300,002841,300498,601919,002594,300122,600837,601618,300059
-93,沪深300,601288,603799,600016,600918,002311,600887,601919,002594
-94,沪深300,002311,002938,002456,300033,000963,300498,002027,600918
-95,沪深300,601601,600837,002027,002555,601216,600660,002773,300033
-96,沪深300,601988,600660,601600,600111,601288,002938,603993,600111
-97,沪深300,600208,603019,603993,002460,603501,000895,000725,000963
-98,沪深300,600795,002422,000725,000963,600010,603019,601600,002460
-99,沪深300,000963,600886,601899,600019,600025,600886,601899,600019
-100,沪深300,002153,000895,600010,000708,002153,002422,600010,000708
