Date,Adj Close
2010-01-01,98.89202092356068
2010-01-04,98.84526770601657
2010-01-05,98.54479266822132
2010-01-06,98.48848408493988
2010-01-07,98.77149808766974
2010-01-08,99.59520320339108
2010-01-11,98.71983617673877
2010-01-12,99.46553174838974
2010-01-13,100.87788477163507
2010-01-14,99.63657129384598
2010-01-15,99.26108203140086
2010-01-18,98.62364746303771
2010-01-19,99.14905392576624
2010-01-20,98.54455093191987
2010-01-21,100.07948999566081
2010-01-22,99.50365458629076
2010-01-25,99.89172367288393
2010-01-26,99.33000410214277
2010-01-27,99.91444237763442
2010-01-28,100.3110534341576
2010-01-29,101.69317329418499
2010-02-01,101.82101992162306
2010-02-02,101.04789197065797
2010-02-03,99.82365551078182
2010-02-04,101.3907561459112
2010-02-05,100.55267793833235
2010-02-08,99.34405656384301
2010-02-09,99.76475222170143
2010-02-10,99.76529693520273
2010-02-11,99.76215439693202
2010-02-12,99.62339685367492
2010-02-15,99.80443870470951
2010-02-16,100.39211765749869
2010-02-17,99.98478428639652
2010-02-18,100.06671129573749
2010-02-19,99.70437150795398
2010-02-22,99.89884496722563
2010-02-23,99.14303071864937
2010-02-24,99.09996247058093
2010-02-25,100.23967641913536
2010-02-26,99.75045996553862
2010-03-01,100.17467651393987
2010-03-02,100.34816123836325
2010-03-03,101.64762121724958
2010-03-04,102.1773491529027
2010-03-05,99.86494647596781
2010-03-08,100.84120448498271
2010-03-09,100.98604682863864
2010-03-10,101.48240918418774
2010-03-11,102.508476265601
2010-03-12,102.2582542871058
2010-03-15,101.5959226635905
2010-03-16,101.85172669045429
2010-03-17,102.48879962745319
2010-03-18,102.20328070419507
2010-03-19,103.20112272852282
2010-03-22,103.51251503795662
2010-03-23,104.20895908061931
2010-03-24,103.09146857779614
2010-03-25,102.32137052107169
2010-03-26,102.43262861250841
2010-03-29,102.91023526462158
2010-03-30,103.73569095896865
2010-03-31,103.44447792306222
2010-04-01,104.19837505959325
2010-04-02,104.01549251269219
2010-04-05,102.59893912040118
2010-04-06,101.52739421433081
2010-04-07,101.14931569270664
2010-04-08,101.31456991282451
2010-04-09,101.4829891528232
2010-04-12,101.96962482650575
2010-04-13,100.36521434201549
2010-04-14,99.80614433515929
2010-04-15,99.80525505850933
2010-04-16,98.46356046099474
2010-04-19,98.88256447986032
2010-04-20,97.95187831410857
2010-04-21,97.66408858707884
2010-04-22,97.922929667769
2010-04-23,97.99279753876864
2010-04-26,97.37615141465199
2010-04-27,98.03131387230393
2010-04-28,98.26912455190372
2010-04-29,98.11912852318353
2010-04-30,97.91280401367568
2010-05-03,97.91855007577585
2010-05-04,98.66171165295775
2010-05-05,97.96141333336848
2010-05-06,97.81515804288075
2010-05-07,97.54195388290294
2010-05-10,98.2321344624713
2010-05-11,99.25249334346744
2010-05-12,98.61051411918179
2010-05-13,98.57082840571054
2010-05-14,97.9668979647022
2010-05-17,97.31024201571479
2010-05-18,97.73209302812748
2010-05-19,97.91941693274396
2010-05-20,96.87096799327679
2010-05-21,96.52872760251383
2010-05-24,96.97674669952556
2010-05-25,96.84157755883794
2010-05-26,98.37156876672185
2010-05-27,98.7104718847769
2010-05-28,98.62080979945951
2010-05-31,98.69415461814069
2010-06-01,98.67477196493024
2010-06-02,97.15235842912995
2010-06-03,98.37422789117149
2010-06-04,97.3923587510849
2010-06-07,98.17966050312873
2010-06-08,99.05683715592589
2010-06-09,99.53686132933815
2010-06-10,100.3778856201069
2010-06-11,101.13677618027958
2010-06-14,101.69251926562015
2010-06-15,102.43737714140178
2010-06-16,103.97014157833277
2010-06-17,103.81198790497648
2010-06-18,104.2796409673928
2010-06-21,104.2856267561859
2010-06-22,104.09582941692766
2010-06-23,104.2182817567431
2010-06-24,103.86206038827194
2010-06-25,104.74189387142683
2010-06-28,103.82317561235979
2010-06-29,104.0406419661726
2010-06-30,104.74041779023395
2010-07-01,105.86331691544358
2010-07-02,105.63828516946123
2010-07-05,106.16102021135289
2010-07-06,105.76998967555006
2010-07-07,104.2524025215126
2010-07-08,105.09206733578525
2010-07-09,105.67776905173719
2010-07-12,104.10365234660955
2010-07-13,103.65707607454256
2010-07-14,103.04525824272541
2010-07-15,104.05564300715686
2010-07-16,103.42110671975308
2010-07-19,103.70471543193054
2010-07-20,103.31930966454198
2010-07-21,103.03733809234701
2010-07-22,103.9300453885988
2010-07-23,103.27907349646482
2010-07-26,103.62555234512139
2010-07-27,103.36218793142187
2010-07-28,104.082039228844
2010-07-29,103.51881483169424
2010-07-30,103.85967564563788
2010-08-02,104.2501650428513
2010-08-03,104.93247290533331
2010-08-04,106.83157206512573
2010-08-05,107.73690191714127
2010-08-06,108.043313274419
2010-08-09,107.75850841386054
2010-08-10,107.8906673005561
2010-08-11,109.42734828767972
2010-08-12,110.0758153095952
2010-08-13,110.54267664498005
2010-08-16,110.75355095040396
2010-08-17,111.04196020738095
2010-08-18,111.27871360804333
2010-08-19,110.14387087758566
2010-08-20,111.28344610792955
2010-08-23,112.40737598708436
2010-08-24,113.23826134995004
2010-08-25,112.11626829891847
2010-08-26,112.01646956472158
2010-08-27,112.04880635291848
2010-08-30,111.17957027905511
2010-08-31,109.96722405810515
2010-09-01,109.92615512690458
2010-09-02,110.85083894680523
2010-09-03,110.66236793276454
2010-09-06,111.33250092607594
2010-09-07,109.93558483277815
2010-09-08,108.73045862510308
2010-09-09,108.71311394803853
2010-09-10,109.49719385487909
2010-09-13,107.84603183294483
2010-09-14,110.223146301703
2010-09-15,109.56823152373505
2010-09-16,108.80199237877912
2010-09-17,110.95774625806098
2010-09-20,110.32154702366597
2010-09-21,110.44371822878499
2010-09-22,110.38992711241626
2010-09-23,110.62237574538014
2010-09-24,111.64656649521501
2010-09-27,111.44929888391133
2010-09-28,110.695937717784
2010-09-29,110.9245169605095
2010-09-30,109.93296485888733
2010-10-01,109.9353321230654
2010-10-04,110.23659740362288
2010-10-05,110.42794884445584
2010-10-06,108.3565940383447
2010-10-07,110.23647764017798
2010-10-08,110.66404433536438
2010-10-11,110.95233958501507
2010-10-12,110.96285570412209
2010-10-13,112.01500377381934
2010-10-14,111.22207663374628
2010-10-15,110.78378979750387
2010-10-18,111.50938921126907
2010-10-19,111.71371800480449
2010-10-20,112.35526485912972
2010-10-21,113.3280711909718
2010-10-22,114.45003874349705
2010-10-25,115.28825710223714
2010-10-26,115.47801574948278
2010-10-27,114.94151643014912
2010-10-28,114.12626024154275
2010-10-29,114.79441295125088
2010-11-01,114.36008543456428
2010-11-02,112.13917178053943
2010-11-03,113.29682892373418
2010-11-04,114.73691426918778
2010-11-05,114.4464481381085
2010-11-08,114.78112634958921
2010-11-09,114.04050007437891
2010-11-10,112.61242105424505
2010-11-11,111.96720702588836
2010-11-12,111.50909223125822
2010-11-15,110.55274593590903
2010-11-16,112.52355068949946
2010-11-17,112.26705342994909
2010-11-18,112.51747486571094
2010-11-19,111.82891753928226
2010-11-22,112.28111728988759
2010-11-23,111.04826319592813
2010-11-24,111.6107286360382
2010-11-25,111.20640460762627
2010-11-26,110.5935731138874
2010-11-29,110.81937659727947
2010-11-30,110.4646434360914
2010-12-01,111.40495180632148
2010-12-02,112.18436598279612
2010-12-03,111.87202708902417
2010-12-06,112.08995327536839
2010-12-07,111.9703370134183
2010-12-08,110.19468622908374
2010-12-09,110.55099877193142
2010-12-10,111.29129046029733
2010-12-13,111.69841995825205
2010-12-14,111.28568453020154
2010-12-15,110.20689142085773
2010-12-16,109.8262358098919
2010-12-17,111.22813951310194
2010-12-20,112.03021259180133
2010-12-21,113.11391204488402
2010-12-22,111.99418750501926
2010-12-23,112.66549634713492
2010-12-24,112.44379593457383
2010-12-27,113.29382997927877
2010-12-28,113.50890631735903
2010-12-29,113.48926110825074
2010-12-30,114.25847843266996
2010-12-31,116.21614772228601
2011-01-03,115.47802950786495
2011-01-04,115.98911518892783
2011-01-05,115.91589929213642
2011-01-06,116.29315247835154
2011-01-07,115.55324032982683
2011-01-10,116.1492920461011
2011-01-11,116.75638272489333
2011-01-12,116.13895287846067
2011-01-13,116.50795512741665
2011-01-14,115.88527103244712
2011-01-17,115.48790352460325
2011-01-18,114.75065348767275
2011-01-19,113.2072077723975
2011-01-20,114.11949755152446
2011-01-21,114.9540810061582
2011-01-24,115.03251685435458
2011-01-25,115.71734226929944
2011-01-26,115.54385004042511
2011-01-27,115.58536066283034
2011-01-28,113.7137014853012
2011-01-31,114.32615857163833
2011-02-01,112.83404085777758
2011-02-02,113.34924923968967
2011-02-03,112.1387414722645
2011-02-04,109.20287581637362
2011-02-07,108.60777289122132
2011-02-08,109.06358398760567
2011-02-09,109.15719544804202
2011-02-10,109.54747383334156
2011-02-11,108.94292814312898
2011-02-14,109.37417859839775
2011-02-15,110.51360152083609
2011-02-16,109.6073311662087
2011-02-17,109.17798306562361
2011-02-18,109.37906381208127
2011-02-21,107.66889765896252
2011-02-22,106.07521865381004
2011-02-23,106.7525924863077
2011-02-24,106.28742966517773
2011-02-25,105.95633432977647
2011-02-28,107.46138368190337
2011-03-01,106.69446380977065
2011-03-02,107.45392227410788
2011-03-03,107.80472046175026
2011-03-04,108.654734491958
2011-03-07,109.62608769940097
2011-03-08,110.36578929846273
2011-03-09,110.20398627411743
2011-03-10,110.61510140759529
2011-03-11,111.53469113068913
2011-03-14,110.89405424291716
2011-03-15,112.11801331066755
2011-03-16,110.52308828185002
2011-03-17,112.02407308422985
2011-03-18,110.76563729968736
2011-03-21,112.06351174903727
2011-03-22,111.18566482886902
2011-03-23,111.12773204490472
2011-03-24,111.77529196385356
2011-03-25,111.47584554468479
2011-03-28,111.01727940168362
2011-03-29,112.44693953929448
2011-03-30,111.44778901851129
2011-03-31,111.49522033291363
2011-04-01,111.27677390115413
2011-04-04,111.09764725053249
2011-04-05,111.02286229329856
2011-04-06,110.45808536030397
2011-04-07,109.28919745380634
2011-04-08,109.38801543226815
2011-04-11,110.61673794577591
2011-04-12,109.265390862637
2011-04-13,107.8788823941704
2011-04-14,108.24565789463712
2011-04-15,108.1022232741434
2011-04-18,107.45886706589877
2011-04-19,108.32580382597503
2011-04-20,109.10959875132077
2011-04-21,110.34701895318688
2011-04-22,109.839306182797
2011-04-25,110.61421219327623
2011-04-26,109.62097413689821
2011-04-27,110.57809506326541
2011-04-28,111.66430449994115
2011-04-29,109.63428038828698
2011-05-02,109.02875487254077
2011-05-03,108.56268149964994
2011-05-04,109.83710198343506
2011-05-05,109.75697788336944
2011-05-06,111.11252240838026
2011-05-09,110.11380309128793
2011-05-10,110.06181766788214
2011-05-11,109.34540348383648
2011-05-12,110.34458352833579
2011-05-13,110.83485699569798
2011-05-16,108.96148675159596
2011-05-17,109.4129168250763
2011-05-18,109.61913326382344
2011-05-19,110.28037346819957
2011-05-20,110.70695535943406
2011-05-23,109.77873070725737
2011-05-24,109.83383373560946
2011-05-25,110.09699406592561
2011-05-26,109.96466876592193
2011-05-27,110.47788451621491
2011-05-30,109.3744327175546
2011-05-31,109.52810256551967
2011-06-01,109.57706235711493
2011-06-02,110.13601306492362
2011-06-03,110.23881904006203
2011-06-06,109.42173923535347
2011-06-07,108.61152499724417
2011-06-08,109.75860065682146
2011-06-09,110.39522608914744
2011-06-10,109.06474472959874
2011-06-13,109.00060530120913
2011-06-14,110.5003187359668
2011-06-15,109.72208450755441
2011-06-16,109.55126909644773
2011-06-17,109.8204094622307
2011-06-20,110.67886172556658
2011-06-21,109.4596054333088
2011-06-22,109.25102327618418
2011-06-23,108.70951820929074
2011-06-24,107.61201393342053
2011-06-27,106.40372488399346
2011-06-28,104.61376572986674
2011-06-29,105.90456222546733
2011-06-30,105.33041384736536
2011-07-01,106.40184875883449
2011-07-04,106.96702626211977
2011-07-05,106.79371053932378
2011-07-06,106.77580952999939
2011-07-07,107.78291701255205
2011-07-08,107.65917545935145
2011-07-11,108.25436936658967
2011-07-12,107.82161410095188
2011-07-13,106.45874710672258
2011-07-14,106.79506431750873
2011-07-15,106.14357196823485
2011-07-18,105.91069964784181
2011-07-19,106.56132550470501
2011-07-20,106.63441684961785
2011-07-21,106.86527602324118
2011-07-22,107.70553544025137
2011-07-25,108.65376988833049
2011-07-26,107.3903861707191
2011-07-27,107.294316132603
2011-07-28,107.38186599684431
2011-07-29,107.73116529320824
2011-08-01,108.34791951950497
2011-08-02,108.51513746486481
2011-08-03,109.87316588363258
2011-08-04,109.61308751865575
2011-08-05,109.19902530260603
2011-08-08,109.37866699734344
2011-08-09,110.42979201237242
2011-08-10,108.17994860089235
2011-08-11,109.68444639305626
2011-08-12,110.35718199437127
2011-08-15,110.95867123159258
2011-08-16,110.2646011052829
2011-08-17,110.96306307864532
2011-08-18,111.75551577646512
2011-08-19,111.6370920770434
2011-08-22,113.3614095423231
2011-08-23,114.49887993031744
2011-08-24,113.56271999531384
2011-08-25,113.02623970820378
2011-08-26,112.13863130903631
2011-08-29,111.52643600362282
2011-08-30,112.82731507122692
2011-08-31,112.27877991980704
2011-09-01,112.69221386605277
2011-09-02,113.39832569074433
2011-09-05,113.35282043773036
2011-09-06,113.89811090885263
2011-09-07,113.39321871569625
2011-09-08,111.5135578847274
2011-09-09,111.97224383602291
2011-09-12,112.33911233016245
2011-09-13,112.33388040515906
2011-09-14,114.58323678105846
2011-09-15,113.4071131811066
2011-09-16,113.43795323878352
2011-09-19,112.50756733091423
2011-09-20,112.80230589589905
2011-09-21,114.04092382717725
2011-09-22,113.81521504415421
2011-09-23,113.51118285169579
2011-09-26,112.9562968550011
2011-09-27,113.6287293221364
2011-09-28,113.27752094403994
2011-09-29,113.16887257064523
2011-09-30,111.48372446629011
2011-10-03,112.85760792203921
2011-10-04,113.04356402371482
2011-10-05,113.76619278397726
2011-10-06,113.1254468385306
2011-10-07,114.20568793862384
2011-10-10,115.48610749325279
2011-10-11,113.07269750860232
2011-10-12,110.82737066167824
2011-10-13,111.63565025101454
2011-10-14,112.1666390409893
2011-10-17,111.2344129286109
2011-10-18,111.91196445378473
2011-10-19,111.26259087747994
2011-10-20,109.71167797852439
2011-10-21,110.83387114132563
2011-10-24,111.45717252037386
2011-10-25,110.85679937272434
2011-10-26,110.44033517544459
2011-10-27,110.19392414014173
2011-10-28,111.1126775034718
2011-10-31,111.65531703665121
2011-11-01,111.71895742741907
2011-11-02,109.90994419437452
2011-11-03,110.03673718927709
2011-11-04,109.20781653482854
2011-11-07,108.97892344011741
2011-11-08,110.66668252600438
2011-11-09,111.23886177850169
2011-11-10,111.04770215154176
2011-11-11,110.50289869375511
2011-11-14,109.7182023888801
2011-11-15,110.33030214344366
2011-11-16,109.56002240890226
2011-11-17,111.49198633032395
2011-11-18,112.79920510538707
2011-11-21,113.44950232763043
2011-11-22,112.04741750381004
2011-11-23,112.04476038682081
2011-11-24,110.80351584899934
2011-11-25,111.96759847642501
2011-11-28,111.17581204425584
2011-11-29,111.09240005961922
2011-11-30,111.42939850698232
2011-12-01,111.88757834147096
2011-12-02,111.75600658712683
2011-12-05,112.57931603853875
2011-12-06,113.0504425857798
2011-12-07,112.7032078559566
2011-12-08,112.68865794356032
2011-12-09,112.99020813098343
2011-12-12,111.99935150554461
2011-12-13,112.39473224149287
2011-12-14,111.97540859120858
2011-12-15,112.00354212171541
2011-12-16,111.85768431781631
2011-12-19,111.98821497806901
2011-12-20,113.97790841602699
2011-12-21,113.9604820844231
2011-12-22,113.8235718514982
2011-12-23,114.54243885792428
2011-12-26,116.45321469193388
2011-12-27,118.6142785218064
2011-12-28,117.34532862523012
2011-12-29,115.63229064460307
2011-12-30,116.07863173852913
2012-01-02,113.47214702137391
2012-01-03,113.25954085970733
2012-01-04,113.37027992444513
2012-01-05,115.05411222164201
2012-01-06,116.61325792369857
2012-01-09,117.5315150609195
2012-01-10,118.53323408987055
2012-01-11,119.13674876078251
2012-01-12,121.63632344857267
2012-01-13,121.74727454857417
2012-01-16,121.82970833516652
2012-01-17,119.44946089571435
2012-01-18,119.52695342274835
2012-01-19,118.89883215824443
2012-01-20,118.62990268456844
2012-01-23,119.28567641792715
2012-01-24,119.52474281870079
2012-01-25,119.54168118425737
2012-01-26,119.6809640739264
2012-01-27,119.02807513668685
2012-01-30,120.20733972466253
2012-01-31,121.3656355271536
2012-02-01,120.81018509351638
2012-02-02,120.32550555466848
2012-02-03,120.55658552670883
2012-02-06,121.58900478894428
2012-02-07,121.04332406656404
2012-02-08,120.14528054713769
2012-02-09,120.24545395739497
2012-02-10,121.42424135502925
2012-02-13,122.46449213828299
2012-02-14,122.29211866930194
2012-02-15,123.25382221674867
2012-02-16,122.77678191649566
2012-02-17,122.52902626966203
2012-02-20,124.13385686323109
2012-02-21,123.83423084397893
2012-02-22,123.78662308306639
2012-02-23,124.13345273951944
2012-02-24,122.74140175989852
2012-02-27,121.54350959773829
2012-02-28,122.81074940161105
2012-02-29,122.31209644650247
2012-03-01,120.77564848828047
2012-03-02,120.45073953040442
2012-03-05,119.18125718731176
2012-03-06,118.43228346210147
2012-03-07,118.73938726574
2012-03-08,120.31822045409113
2012-03-09,120.15285463374686
2012-03-12,120.12192491035611
2012-03-13,121.87753187819932
2012-03-14,121.53802013605271
2012-03-15,122.22879679711103
2012-03-16,121.18140603256946
2012-03-19,122.7314835121998
2012-03-20,120.74719504512588
2012-03-21,119.28657927194786
2012-03-22,119.34229866715901
2012-03-23,118.61721189157078
2012-03-26,117.74268034971134
2012-03-27,118.26009436589217
2012-03-28,118.19782636836862
2012-03-29,117.72012749507196
2012-03-30,117.63523624524348
2012-04-02,118.08258942556986
2012-04-03,119.72444247097837
2012-04-04,121.76326786144733
2012-04-05,122.2344131776282
2012-04-06,123.19627909763129
2012-04-09,122.41175695689238
2012-04-10,122.7148278843174
2012-04-11,123.32112170859895
2012-04-12,122.41301046256416
2012-04-13,121.76906481638767
2012-04-16,122.43605336294404
2012-04-17,123.24566645679764
2012-04-18,123.83039182971847
2012-04-19,124.2474235322073
2012-04-20,124.91837824277492
2012-04-23,125.32185610334811
2012-04-24,124.66439892740833
2012-04-25,124.52676857004957
2012-04-26,124.9930933777587
2012-04-27,125.79608918088209
2012-04-30,124.15620293434996
2012-05-01,123.54153021531842
2012-05-02,124.78215201965573
2012-05-03,126.07347190762881
2012-05-04,125.8609268866667
2012-05-07,123.72864140916138
2012-05-08,123.01902017417896
2012-05-09,123.3121930475369
2012-05-10,121.65742401721809
2012-05-11,122.47516045902394
2012-05-14,122.98055486936576
2012-05-15,123.18005732757887
2012-05-16,122.65740613686877
2012-05-17,121.77429498121984
2012-05-18,123.68585569495154
2012-05-21,122.67654873924059
2012-05-22,122.52566600092527
2012-05-23,121.35166471311314
2012-05-24,120.6552937384595
2012-05-25,120.7166067115069
2012-05-28,119.81582499438734
2012-05-29,120.58910772099665
2012-05-30,120.9711540882473
2012-05-31,120.42701811466337
2012-06-01,122.72872535870616
2012-06-04,122.3071651024827
2012-06-05,122.90928167606936
2012-06-06,121.76438545633698
2012-06-07,122.49998438856673
2012-06-08,123.29627653265831
2012-06-11,121.16735388775186
2012-06-12,121.8672899390527
2012-06-13,121.76265239971727
2012-06-14,121.81436055436694
2012-06-15,122.15600558430795
2012-06-18,124.18997023720809
2012-06-19,123.86319084384117
2012-06-20,122.64713123806436
2012-06-21,124.6692455033581
2012-06-22,124.82544726093599
2012-06-25,124.99993377709528
2012-06-26,124.32479086259139
2012-06-27,124.24245479811647
2012-06-28,123.8321900341104
2012-06-29,124.78965488397134
2012-07-02,124.58663254245192
2012-07-03,126.59325700577773
2012-07-04,127.1806174329448
2012-07-05,129.3423334457023
2012-07-06,129.62097076998202
2012-07-09,128.61484979481725
2012-07-10,130.8441928311354
2012-07-11,131.16114838771455
2012-07-12,131.43919501109255
2012-07-13,132.5512395045644
2012-07-16,132.06761042898506
2012-07-17,131.64669089617553
2012-07-18,132.91787684071556
2012-07-19,134.159118759774
2012-07-20,134.54118911424598
2012-07-23,134.83661001071323
2012-07-24,136.17919984732865
2012-07-25,136.09874891795099
2012-07-26,136.56759898332848
2012-07-27,134.76207370805415
2012-07-30,135.36484134788776
2012-07-31,134.77775842218068
2012-08-01,133.79415360240284
2012-08-02,134.11698729465914
2012-08-03,135.38611877614633
2012-08-06,137.0859620854146
2012-08-07,136.04118050767642
2012-08-08,135.65324682772683
2012-08-09,134.77307196035903
2012-08-10,134.59696594805192
2012-08-13,133.85090452568156
2012-08-14,133.91440436399637
2012-08-15,134.4415199484699
2012-08-16,133.68136182441535
2012-08-17,134.3039043758442
2012-08-20,133.74418042481605
2012-08-21,134.18741337987004
2012-08-22,135.4586037387101
2012-08-23,135.39272426553524
2012-08-24,136.61734570606214
2012-08-27,139.62486033958587
2012-08-28,140.03148911820483
2012-08-29,138.91287998701182
2012-08-30,138.4202196141596
2012-08-31,138.6303300876346
2012-09-03,139.47974131743294
2012-09-04,139.1691925676306
2012-09-05,137.9241378281453
2012-09-06,137.4375070457967
2012-09-07,137.98931765262662
2012-09-10,137.0326682470245
2012-09-11,136.81587866196344
2012-09-12,136.68861562442495
2012-09-13,135.69860500484654
2012-09-14,134.17005882153342
2012-09-17,135.16404879798296
2012-09-18,135.91320400548395
2012-09-19,136.398368316264
2012-09-20,137.0059714251489
2012-09-21,135.44724184338816
2012-09-24,135.70552257884185
2012-09-25,137.28958002458364
2012-09-26,136.29927502752406
2012-09-27,134.92019658404848
2012-09-28,134.37072050786642
2012-10-01,134.4299518403969
2012-10-02,134.60291596824376
2012-10-03,134.78588987653077
2012-10-04,134.68029755871672
2012-10-05,136.09070662485914
2012-10-08,137.4483366225368
2012-10-09,136.5464287271001
2012-10-10,136.6404604794162
2012-10-11,134.06552363792943
2012-10-12,133.882041751292
2012-10-15,133.23023189092373
2012-10-16,133.29207343053372
2012-10-17,131.3275568490702
2012-10-18,132.30819806940966
2012-10-19,133.73370733541736
2012-10-22,134.41703222538476
2012-10-23,134.90768923505752
2012-10-24,134.86264584568988
2012-10-25,136.75858479908385
2012-10-26,135.8669810104484
2012-10-29,137.80719734998925
2012-10-30,137.08333596968535
2012-10-31,136.7595869256411
2012-11-01,137.64737916021807
2012-11-02,139.148076528729
2012-11-05,140.7201738168789
2012-11-06,140.79040240656698
2012-11-07,143.97697340941642
2012-11-08,144.14727160709978
2012-11-09,143.1865063901128
2012-11-12,144.21163977196542
2012-11-13,143.04906285738508
2012-11-14,141.33406839416978
2012-11-15,141.64137999682688
2012-11-16,141.03057701914213
2012-11-19,141.93246047887658
2012-11-20,142.25955195619196
2012-11-21,142.60289299704374
2012-11-22,141.0051594739471
2012-11-23,142.15953003347815
2012-11-26,144.22550657831465
2012-11-27,146.73751202263912
2012-11-28,146.10451051858774
2012-11-29,145.01477035358064
2012-11-30,147.15722779955968
2012-12-03,146.7578150948621
2012-12-04,145.86288217624258
2012-12-05,146.63282839583354
2012-12-06,146.9258399002352
2012-12-07,145.35855554481623
2012-12-10,149.02888391182393
2012-12-11,149.37546400716056
2012-12-12,150.68519715185772
2012-12-13,148.61733714583173
2012-12-14,149.27078359218245
2012-12-17,149.7090611441286
2012-12-18,151.30753201301803
2012-12-19,150.4341250236683
2012-12-20,148.9965880394028
2012-12-21,148.54333838937544
2012-12-24,146.213557184837
2012-12-25,144.0840750535436
2012-12-26,143.0639500191711
2012-12-27,141.14597214823223
2012-12-28,142.30476177178167
2012-12-31,141.4797091650434
2013-01-01,140.14257420811464
2013-01-02,140.7387660770664
2013-01-03,140.32645687353352
2013-01-04,138.37047925578315
2013-01-07,139.77383491093687
2013-01-08,139.2771205917028
2013-01-09,139.98306072034663
2013-01-10,138.82252162346774
2013-01-11,139.58981284926668
2013-01-14,139.969363343265
2013-01-15,140.3068660767959
2013-01-16,141.95933620691915
2013-01-17,142.57773389578202
2013-01-18,143.63347820273907
2013-01-21,144.58432322426268
2013-01-22,144.34418656344027
2013-01-23,144.97341140023352
2013-01-24,143.56680686291747
2013-01-25,143.18254239827974
2013-01-28,142.15237186093523
2013-01-29,142.6491653905009
2013-01-30,142.753573994203
2013-01-31,141.15971005596717
2013-02-01,141.05099442864525
2013-02-04,143.72274982569277
2013-02-05,143.4270034604419
2013-02-06,143.0435199743184
2013-02-07,143.4095311286943
2013-02-08,145.1711571367001
2013-02-11,143.92670419382142
2013-02-12,144.18731739482857
2013-02-13,143.81324026642548
2013-02-14,143.73568289508134
2013-02-15,143.91149167144272
2013-02-18,145.19973006543864
2013-02-19,145.3964343512203
2013-02-20,145.77656246004867
2013-02-21,146.6613584864573
2013-02-22,145.85354193364788
2013-02-25,146.74789906953197
2013-02-26,144.44640128781847
2013-02-27,144.73035231018187
2013-02-28,143.6790017314178
2013-03-01,143.93271261356784
2013-03-04,145.864777748707
2013-03-05,146.65693450308777
2013-03-06,145.83994000992254
2013-03-07,146.7007194284066
2013-03-08,146.0379857804779
2013-03-11,147.5882496242042
2013-03-12,148.17121728749365
2013-03-13,150.33031795524775
2013-03-14,148.74692772340003
2013-03-15,149.10521395626114
2013-03-18,148.584209210197
2013-03-19,147.07879270657875
2013-03-20,148.55668665860205
2013-03-21,147.45233766216097
2013-03-22,145.71818906680096
2013-03-25,144.33537962599354
2013-03-26,142.13078475187982
2013-03-27,143.82377562005158
2013-03-28,143.4227680781972
2013-03-29,141.27876986490958
2013-04-01,140.5578713112302
2013-04-02,139.67040858530038
2013-04-03,141.19196106168027
2013-04-04,139.8818929405278
2013-04-05,139.89246182793562
2013-04-08,140.45759592958785
2013-04-09,140.7710618171359
2013-04-10,140.59940895026534
2013-04-11,140.55742869518446
2013-04-12,142.15128149629433
2013-04-15,142.53762657079832
2013-04-16,144.74207627708634
2013-04-17,143.95162884349168
2013-04-18,143.83788490309988
2013-04-19,143.1887919569502
2013-04-22,144.25946009566866
2013-04-23,144.4586903942622
2013-04-24,145.37258951534596
2013-04-25,143.3625089785116
2013-04-26,144.01043465216588
2013-04-29,145.8146890261342
2013-04-30,144.0612676593802
2013-05-01,145.28282096448973
2013-05-02,146.0087167706184
2013-05-03,148.35892241878662
2013-05-06,147.8110519820038
2013-05-07,145.1839554712705
2013-05-08,144.44820385127542
2013-05-09,145.7476652975104
2013-05-10,146.30554507970055
2013-05-13,147.23703510757326
2013-05-14,147.03902468562177
2013-05-15,148.3140215386695
2013-05-16,147.11060211918232
2013-05-17,146.6218131287726
2013-05-20,145.82887347868217
2013-05-21,145.5612594129108
2013-05-22,144.48705273804
2013-05-23,144.56710787956655
2013-05-24,145.33885602347544
2013-05-27,147.23283938424473
2013-05-28,147.3732287713224
2013-05-29,147.26062731979624
2013-05-30,147.35985595906402
2013-05-31,146.37624116133313
2013-06-03,145.740085328966
2013-06-04,147.09715749801754
2013-06-05,147.76988077059642
2013-06-06,146.49619950225144
2013-06-07,146.14869552330393
2013-06-10,145.7134088096133
2013-06-11,147.20222471239404
2013-06-12,145.09991854329036
2013-06-13,146.89563375220152
2013-06-14,146.1192294476629
2013-06-17,146.8622761797518
2013-06-18,147.59112750832026
2013-06-19,146.80136797636686
2013-06-20,146.03335545666008
2013-06-21,145.77706589863476
2013-06-24,148.83071616087204
2013-06-25,149.23946342205062
2013-06-26,150.27083424210775
2013-06-27,150.50274614888806
2013-06-28,150.9432682682872
2013-07-01,153.26334404319059
2013-07-02,152.01516199583892
2013-07-03,151.58344448328035
2013-07-04,151.6836382163139
2013-07-05,150.5600878255845
2013-07-08,151.42806117347345
2013-07-09,153.32829990695848
2013-07-10,154.08474334170364
2013-07-11,155.8563059496083
2013-07-12,155.47791072941698
2013-07-15,155.81309311780228
2013-07-16,154.6970163564741
2013-07-17,154.0423818321252
2013-07-18,156.14130329217966
2013-07-19,158.07001246809023
2013-07-22,159.02276416330835
2013-07-23,159.5885426322317
2013-07-24,158.34605688454758
2013-07-25,157.88764258287404
2013-07-26,158.30968658978736
2013-07-29,159.6061625675671
2013-07-30,158.86066456514519
2013-07-31,160.00464622118324
2013-08-01,161.2164919192778
2013-08-02,161.24225986041444
2013-08-05,160.81724600045882
2013-08-06,158.46471371813763
2013-08-07,157.4899565581187
2013-08-08,157.56008073539775
2013-08-09,156.2372807485541
2013-08-12,155.80517574566278
2013-08-13,154.20654241807142
2013-08-14,152.9627805876853
2013-08-15,154.2542945934453
2013-08-16,154.1778540916333
2013-08-19,153.58595858187547
2013-08-20,156.9132861913727
2013-08-21,158.84846734596408
2013-08-22,158.39522822506237
2013-08-23,157.43720633463386
2013-08-26,157.441944179704
2013-08-27,158.22415717985217
2013-08-28,158.4518249676335
2013-08-29,156.69251674541437
2013-08-30,158.69925504411938
2013-09-02,160.3941995474992
2013-09-03,162.4534793021136
2013-09-04,161.63435253666768
2013-09-05,160.97438677119095
2013-09-06,160.4217645226035
2013-09-09,159.77553496736047
2013-09-10,159.05082063495314
2013-09-11,160.41448802001477
2013-09-12,158.64916040681544
2013-09-13,157.11739065005227
2013-09-16,158.9031598841816
2013-09-17,159.35487305670577
2013-09-18,161.89390944650376
2013-09-19,160.8448987271943
2013-09-20,160.27673166199367
2013-09-23,160.69064546175508
2013-09-24,163.55846389741745
2013-09-25,162.5621006695864
2013-09-26,161.50402275285003
2013-09-27,163.3061540576868
2013-09-30,164.22191107211017
2013-10-01,163.9944965856369
2013-10-02,162.98477867056326
2013-10-03,165.26016833904768
2013-10-04,166.1320705820307
2013-10-07,163.7742208429789
2013-10-08,162.60260520967157
2013-10-09,162.85971564555544
2013-10-10,164.50274728007093
2013-10-11,166.40193231867542
2013-10-14,166.22403058455478
2013-10-15,164.37583065728117
2013-10-16,164.37189781615217
2013-10-17,163.80107835373002
2013-10-18,165.86480104414528
2013-10-21,165.33328167922986
2013-10-22,165.93640218901723
2013-10-23,166.84498931613967
2013-10-24,166.1859009770362
2013-10-25,166.10149174430265
2013-10-28,167.738777280636
2013-10-29,166.64941895717993
2013-10-30,165.5668556521005
2013-10-31,164.16820161753668
2013-11-01,164.39356703243703
2013-11-04,163.51046793584197
2013-11-05,165.71836629348752
2013-11-06,165.2517926878173
2013-11-07,164.839347751126
2013-11-08,164.94775021533022
2013-11-11,164.17993628383869
2013-11-12,164.4945585281341
2013-11-13,168.5885163039049
2013-11-14,166.7745972272345
2013-11-15,168.2752939723757
2013-11-18,168.22339267002062
2013-11-19,168.56497450347413
2013-11-20,167.7981487892504
2013-11-21,172.45179831335008
2013-11-22,172.01587474162224
2013-11-25,170.4908419938866
2013-11-26,171.88538698009182
2013-11-27,175.80250974735884
2013-11-28,177.00089138870442
2013-11-29,175.79786028819268
2013-12-02,176.83691008927823
2013-12-03,176.03270493660864
2013-12-04,176.81436884252778
2013-12-05,177.09400418814346
2013-12-06,174.64110172048137
2013-12-09,173.72683737556835
2013-12-10,175.95857949945471
2013-12-11,174.39206906301305
2013-12-12,171.94366533463452
2013-12-13,167.9182525120386
2013-12-16,167.12555239591074
2013-12-17,168.4849919678759
2013-12-18,169.66373975806505
2013-12-19,168.63143974606268
2013-12-20,167.9334898508175
2013-12-23,167.7971255255154
2013-12-24,165.10523249690874
2013-12-25,166.81492659593266
2013-12-26,166.65343630510367
2013-12-27,170.57665255965645
2013-12-30,172.6986186341547
2013-12-31,173.88920882116858
2014-01-01,172.8737930568771
2014-01-02,171.0591848407732
2014-01-03,170.60958024474317
2014-01-06,170.27900905943022
2014-01-07,170.19003862472314
2014-01-08,170.67483206417003
2014-01-09,169.72696872376687
2014-01-10,172.08868700847978
2014-01-13,172.06800505492546
2014-01-14,170.32445721204462
2014-01-15,170.5302060931048
2014-01-16,171.60688992146154
2014-01-17,172.1720258575061
2014-01-20,174.56573714388068
2014-01-21,176.0282874486966
2014-01-22,176.03379185510323
2014-01-23,174.67812894627167
2014-01-24,174.79774770860504
2014-01-27,176.1479270727684
2014-01-28,176.19168698343043
2014-01-29,174.87810798720344
2014-01-30,175.1573047991253
2014-01-31,174.65744832346002
2014-02-03,173.9020495453991
2014-02-04,174.93982747914183
2014-02-05,176.50675965379045
2014-02-06,176.742875734592
2014-02-07,177.96015460103106
2014-02-10,176.86851771195657
2014-02-11,177.89586679245403
2014-02-12,178.08160307861652
2014-02-13,176.10253929650494
2014-02-14,177.28062015049503
2014-02-17,180.5925501274197
2014-02-18,181.8229554435029
2014-02-19,182.70282500384232
2014-02-20,181.98592516973497
2014-02-21,181.2676652216077
2014-02-24,179.8183137884092
2014-02-25,179.5222275291241
2014-02-26,179.36403090465046
2014-02-27,177.50459199016194
2014-02-28,176.18564484881233
2014-03-03,173.64905031429424
2014-03-04,173.78523733339662
2014-03-05,174.7045243450226
2014-03-06,176.4421599183751
2014-03-07,176.9673825664134
2014-03-10,177.42148237237484
2014-03-11,176.9649278161306
2014-03-12,175.65719703296114
2014-03-13,173.7906641132993
2014-03-14,171.63777650902986
2014-03-17,169.81976617009133
2014-03-18,170.63642712002533
2014-03-19,170.96051255495752
2014-03-20,168.4353936379126
2014-03-21,169.4256903165159
2014-03-24,166.76576627618957
2014-03-25,165.25789811824507
2014-03-26,165.3920287386829
2014-03-27,166.37254285312147
2014-03-28,165.7967111544762
2014-03-31,168.83533438520934
2014-04-01,172.909745068285
2014-04-02,170.74859328382934
2014-04-03,170.00320064112788
2014-04-04,167.38556371812365
2014-04-07,169.29203651829096
2014-04-08,167.64744208844846
2014-04-09,168.66966394838119
2014-04-10,167.51417492085733
2014-04-11,171.99022056525618
2014-04-14,171.23853489564104
2014-04-15,171.18485767421515
2014-04-16,171.4153388563122
2014-04-17,170.11281243313968
2014-04-18,172.43045923022103
2014-04-21,173.12131062137453
2014-04-22,171.66956166924058
2014-04-23,172.33120961546473
2014-04-24,172.27440535034248
2014-04-25,172.1311101802922
2014-04-28,171.98901615349584
2014-04-29,170.22934787562957
2014-04-30,170.04765544376502
2014-05-01,168.9485219955037
2014-05-02,168.79269607240653
2014-05-05,169.06476463147274
2014-05-06,168.05481194440046
2014-05-07,168.26964109901877
2014-05-08,168.91828388621812
2014-05-09,169.37753738668428
2014-05-12,168.8084392787141
2014-05-13,168.3166141162733
2014-05-14,168.1438458254495
2014-05-15,165.540124866741
2014-05-16,165.2226257106983
2014-05-19,164.71681200543816
2014-05-20,166.23140814651117
2014-05-21,165.07895237265885
2014-05-22,163.31345563243232
2014-05-23,164.7625854403377
2014-05-26,165.92421330189083
2014-05-27,164.15405302475864
2014-05-28,165.29677609637253
2014-05-29,165.68045489087106
2014-05-30,168.63242543469622
2014-06-02,168.88810006859856
2014-06-03,167.6749326911024
2014-06-04,166.62009401895938
2014-06-05,167.35029852717616
2014-06-06,167.19488743020298
2014-06-09,165.65461130168134
2014-06-10,163.2009790612876
2014-06-11,164.51780331153589
2014-06-12,166.17634903353292
2014-06-13,166.53436200348602
2014-06-16,164.9284311661235
2014-06-17,162.63157472300534
2014-06-18,164.53531135822627
2014-06-19,165.86294268578797
2014-06-20,167.65407937568156
2014-06-23,168.71770138491206
2014-06-24,167.99577365190376
2014-06-25,167.1903218495993
2014-06-26,165.66123284035143
2014-06-27,165.37876389675722
2014-06-30,165.56201481963336
2014-07-01,165.43977350676133
2014-07-02,165.01394871715468
2014-07-03,167.24649687783187
2014-07-04,168.5114832172595
2014-07-07,168.88857001331877
2014-07-08,168.53008551795398
2014-07-09,170.19490220430265
2014-07-10,169.27988405996882
2014-07-11,168.16014061350592
2014-07-14,167.41790139604043
2014-07-15,166.7519295288817
2014-07-16,165.83781824130622
2014-07-17,165.66530356513425
2014-07-18,165.29527790529195
2014-07-21,165.53595892652748
2014-07-22,165.10279182005695
2014-07-23,165.46491238810995
2014-07-24,165.7022624950147
2014-07-25,164.16554860198585
2014-07-28,166.22656831732738
2014-07-29,166.6476079418369
2014-07-30,164.155738998018
2014-07-31,163.31512367685178
2014-08-01,164.7408551403669
2014-08-04,164.33165488991978
2014-08-05,163.2318219059107
2014-08-06,162.3035584209384
2014-08-07,159.9706377680602
2014-08-08,159.64192010154224
2014-08-11,158.29141932632143
2014-08-12,156.40721540163975
2014-08-13,155.24427883753438
2014-08-14,155.43491056522944
2014-08-15,156.29735225077525
2014-08-18,155.6536047680637
2014-08-19,156.3113351780728
2014-08-20,155.9719757298501
2014-08-21,156.03387797575178
2014-08-22,156.95971703608336
2014-08-25,157.98741083208697
2014-08-26,157.6015020863855
2014-08-27,157.85915721037054
2014-08-28,157.28703741867983
2014-08-29,154.19301852254213
2014-09-01,152.02143537606153
2014-09-02,151.425278283313
2014-09-03,152.19836288217948
2014-09-04,152.87177235683967
2014-09-05,152.58971810221314
2014-09-08,153.64773348698083
2014-09-09,151.7965830378996
2014-09-10,150.60109998017032
2014-09-11,150.20185454895454
2014-09-12,149.79530962871482
2014-09-15,148.0132665044901
2014-09-16,147.63816686066644
2014-09-17,149.63066775258648
2014-09-18,148.6756243852757
2014-09-19,148.97600125612334
2014-09-22,148.3629471238683
2014-09-23,150.358874059597
2014-09-24,151.42500355114942
2014-09-25,151.17295763713895
2014-09-26,149.69684359435342
2014-09-29,148.46017852478764
2014-09-30,149.18624791754235
2014-10-01,148.08097165476477
2014-10-02,146.94880192596244
2014-10-03,146.90202815309783
2014-10-06,148.45879808446648
2014-10-07,145.86535391531493
2014-10-08,145.99534952939484
2014-10-09,146.79571690251265
2014-10-10,147.71462933503742
2014-10-13,147.23310589673727
2014-10-14,146.33161430796287
2014-10-15,145.45777894970342
2014-10-16,145.21444595176212
2014-10-17,145.5831752384793
2014-10-20,146.4135900286394
2014-10-21,143.71870402783728
2014-10-22,142.54837742167717
2014-10-23,142.8151265377329
2014-10-24,141.6587369796165
2014-10-27,141.0222594066405
2014-10-28,140.94705918345872
2014-10-29,140.57274291061202
2014-10-30,140.97548315612215
2014-10-31,142.3373128215756
2014-11-03,142.39518129816486
2014-11-04,143.1073704773327
2014-11-05,142.82441824444777
2014-11-06,143.06343830414517
2014-11-07,141.4714116047927
2014-11-10,142.28000960187057
2014-11-11,143.18899167120188
2014-11-12,142.8167628628396
2014-11-13,142.60854608083721
2014-11-14,141.06143521076942
2014-11-17,142.24003148962345
2014-11-18,142.82538468085454
2014-11-19,143.15767926412136
2014-11-20,143.4023932379751
2014-11-21,143.06341821474973
2014-11-24,142.69413475304395
2014-11-25,141.45349088274187
2014-11-26,143.05299816066844
2014-11-27,141.83146077621
2014-11-28,142.2045608082451
2014-12-01,142.41395662194998
2014-12-02,144.43557562041335
2014-12-03,143.4383917804906
2014-12-04,144.50774242480855
2014-12-05,145.12248884041742
2014-12-08,144.8913371567978
2014-12-09,144.0164125060801
2014-12-10,143.89616808382326
2014-12-11,142.6996892386921
2014-12-12,142.46854587965805
2014-12-15,144.82952231352624
2014-12-16,146.47501816789998
2014-12-17,148.205156920638
2014-12-18,150.2296846703513
2014-12-19,150.80500247156158
2014-12-22,152.26263015884354
2014-12-23,151.95370597634644
2014-12-24,154.19437363243185
2014-12-25,153.00838437919316
2014-12-26,152.4404273880989
2014-12-29,153.38650059471362
2014-12-30,154.34005272781644
2014-12-31,154.83127307973993
2015-01-01,155.6016576930388
2015-01-02,155.62843780684142
2015-01-05,156.25823560666737
2015-01-06,157.27706273399392
2015-01-07,159.32522873410855
2015-01-08,158.4970779662791
2015-01-09,156.73746238886304
2015-01-12,156.53826199642177
2015-01-13,157.78703524689362
2015-01-14,155.39896644360408
2015-01-15,154.0976614465433
2015-01-16,153.61234180550966
2015-01-19,155.82185930257248
2015-01-20,157.21318510416023
2015-01-21,155.6872587997932
2015-01-22,155.41468139872626
2015-01-23,155.2091993119697
2015-01-26,154.81439756569654
2015-01-27,155.24186843915226
2015-01-28,157.36262985546392
2015-01-29,157.8365353630176
2015-01-30,157.90629552286336
2015-02-02,160.78128003654905
2015-02-03,161.076277956402
2015-02-04,161.08028073972395
2015-02-05,159.368579561984
2015-02-06,161.59338827372505
2015-02-09,161.31572891685298
2015-02-10,158.03516986608543
2015-02-11,158.3467060575345
2015-02-12,158.73495790973732
2015-02-13,156.19624237164862
2015-02-16,154.72256003771224
2015-02-17,152.8406762692998
2015-02-18,152.46181086316483
2015-02-19,149.953789338261
2015-02-20,150.54169687506996
2015-02-23,149.9508568760155
2015-02-24,148.28654578427393
2015-02-25,147.33006293515885
2015-02-26,147.90738276783745
2015-02-27,149.75821307943585
2015-03-02,152.84182522441645
2015-03-03,153.2247822862176
2015-03-04,151.4652841116376
2015-03-05,151.49434397510305
2015-03-06,152.12727523488277
2015-03-09,152.9650372800854
2015-03-10,149.5643798028387
2015-03-11,149.708268801169
2015-03-12,150.24731396232065
2015-03-13,149.60171295988337
2015-03-16,148.56640777498242
2015-03-17,148.13541284180286
2015-03-18,148.18534287875968
2015-03-19,149.41050999300145
2015-03-20,148.7823645928775
2015-03-23,150.38195170014717
2015-03-24,150.66581375926796
2015-03-25,150.59022005701382
2015-03-26,152.77516118568613
2015-03-27,153.06969014263763
2015-03-30,150.80351191198594
2015-03-31,152.27766447340497
2015-04-01,153.6047385291875
2015-04-02,153.8174435000496
2015-04-03,153.71504615254509
2015-04-06,151.65603029626539
2015-04-07,153.94013967384836
2015-04-08,153.7621689926308
2015-04-09,154.29667167490965
2015-04-10,156.67734820713278
2015-04-13,156.4897263805459
2015-04-14,154.92588769524772
2015-04-15,156.3190264735718
2015-04-16,158.0803881146696
2015-04-17,158.43848443961977
2015-04-20,158.2714768452496
2015-04-21,159.62364563475512
2015-04-22,158.58889622034192
2015-04-23,159.87548184843584
2015-04-24,161.00544038308405
2015-04-27,160.67441518208315
2015-04-28,158.5966174757669
2015-04-29,159.19582248110945
2015-04-30,160.92431556611496
2015-05-01,161.27661208991702
2015-05-04,162.41131244651717
2015-05-05,162.17378873274345
2015-05-06,163.79444437769183
2015-05-07,165.34380538085466
2015-05-08,164.8278527200611
2015-05-11,161.70570389057724
2015-05-12,159.5343653615194
2015-05-13,159.0410720662391
2015-05-14,160.19697980245667
2015-05-15,161.02499712900723
2015-05-18,163.309360483708
2015-05-19,165.68973801299757
2015-05-20,165.3887666216388
2015-05-21,166.01253256606967
2015-05-22,168.0442589373164
2015-05-25,168.80263615579162
2015-05-26,169.7427422141223
2015-05-27,170.8686371645835
2015-05-28,172.6816515685036
2015-05-29,173.7359782936172
2015-06-01,173.34780336305622
2015-06-02,171.67403007751142
2015-06-03,170.7075215469518
2015-06-04,166.86332358653326
2015-06-05,169.86991934101277
2015-06-08,169.73278971541976
2015-06-09,167.54427890953582
2015-06-10,166.84334841672268
2015-06-11,168.1332918256168
2015-06-12,170.92119548980412
2015-06-15,171.1446357800038
2015-06-16,173.69216922959242
2015-06-17,176.15711389034087
2015-06-18,177.3103339454415
2015-06-19,176.10990131720828
2015-06-22,172.71603657632437
2015-06-23,172.9885346612844
2015-06-24,172.41138554398063
2015-06-25,173.37476326815997
2015-06-26,173.78905092206372
2015-06-29,172.78942403339056
2015-06-30,172.53382550772653
2015-07-01,174.47774233374435
2015-07-02,175.63493604087253
2015-07-03,174.31271857121834
2015-07-06,174.5233784314966
2015-07-07,176.67295486779457
2015-07-08,176.1235552612221
2015-07-09,174.73734017883655
2015-07-10,175.4930626947256
2015-07-13,177.52409956839807
2015-07-14,176.3289540409299
2015-07-15,176.3967834426575
2015-07-16,180.0471667617799
2015-07-17,182.78510528366292
2015-07-20,181.74676404987403
2015-07-21,183.291619171643
2015-07-22,183.25189453253452
2015-07-23,184.66794798912917
2015-07-24,188.92244092255405
2015-07-27,190.06379055833813
2015-07-28,187.93126955470925
2015-07-29,185.27338063023024
2015-07-30,186.65134698843715
2015-07-31,186.16579982175227
2015-08-03,182.93410463533834
2015-08-04,181.12218043730414
2015-08-05,179.75711663626694
2015-08-06,179.68790087522703
2015-08-07,180.64934407046246
2015-08-10,181.47572233589955
2015-08-11,180.66506508581804
2015-08-12,176.75186232630367
2015-08-13,176.11747360311983
2015-08-14,177.29131253537506
2015-08-17,181.3336246336025
2015-08-18,182.97324720128174
2015-08-19,181.94640703881376
2015-08-20,179.8526650247596
2015-08-21,181.96717688332663
2015-08-24,183.6298063167713
2015-08-25,183.60477195643105
2015-08-26,183.89737226661393
2015-08-27,185.95411469867628
2015-08-28,189.5194969570934
2015-08-31,188.34972440940535
2015-09-01,187.0494336365176
2015-09-02,186.22406873105803
2015-09-03,184.26303245854587
2015-09-04,181.81598423918584
2015-09-07,179.4326631685113
2015-09-08,177.68754949409683
2015-09-09,177.18209036273817
2015-09-10,177.92924726890033
2015-09-11,177.13389535612077
2015-09-14,177.9180760361359
2015-09-15,178.75151589112522
2015-09-16,178.83789937698756
2015-09-17,179.3874567373584
2015-09-18,179.47274240495014
2015-09-21,177.4958784065122
2015-09-22,176.26320710463915
2015-09-23,177.48629203392622
2015-09-24,179.23630341039654
2015-09-25,180.34683467241535
2015-09-28,180.10894015788566
2015-09-29,181.78803577269858
2015-09-30,181.32527184855684
2015-10-01,181.51643897644857
2015-10-02,180.373737626026
2015-10-05,180.08985163472607
2015-10-06,179.85471530655587
2015-10-07,179.2800031754348
2015-10-08,179.7512153816901
2015-10-09,178.63302010277923
2015-10-12,178.6830018115772
2015-10-13,178.81632992374702
2015-10-14,177.36823892149965
2015-10-15,181.08990308178912
2015-10-16,181.66739060764857
2015-10-19,182.73618287520813
2015-10-20,180.9461968120111
2015-10-21,182.55716851164138
2015-10-22,181.08722287289626
2015-10-23,182.57005450246538
2015-10-26,182.65936078404178
2015-10-27,184.56291544329616
2015-10-28,183.22735995463958
2015-10-29,183.52531345596955
2015-10-30,184.45045546052066
2015-11-02,184.56647330753728
2015-11-03,186.6587179496173
2015-11-04,186.1941662626383
2015-11-05,185.6021463699454
2015-11-06,184.42589619054658
2015-11-09,185.05782061495242
2015-11-10,184.86115987710232
2015-11-11,185.38725573248917
2015-11-12,187.33061260727897
2015-11-13,188.94794633881102
2015-11-16,190.44957853095795
2015-11-17,191.08065492554172
2015-11-18,192.35545506569247
2015-11-19,189.42855468297114
2015-11-20,188.63682252876086
2015-11-23,188.75104492176658
2015-11-24,188.47399032308485
2015-11-25,190.0459386346414
2015-11-26,189.54143060043
2015-11-27,189.2549267572824
2015-11-30,187.66899282802606
2015-12-01,187.97198622133772
2015-12-02,189.29201399944213
2015-12-03,190.58851382589256
2015-12-04,189.6188096564914
2015-12-07,189.17679911072295
2015-12-08,189.35394091291403
2015-12-09,190.08027360481182
2015-12-10,191.17470111033924
2015-12-11,193.63799846734312
2015-12-14,194.63557013773317
2015-12-15,194.48141139441788
2015-12-16,195.23865905733464
2015-12-17,199.3202788955306
2015-12-18,199.53071342989915
2015-12-21,202.2572128444298
2015-12-22,200.964857303428
2015-12-23,201.76481826788287
2015-12-24,201.65984496004845
2015-12-25,201.08323776565285
2015-12-28,199.27289126746135
2015-12-29,198.96059806120954
2015-12-30,199.47803149766503
2015-12-31,198.9758733775772
2016-01-01,197.746010778859
2016-01-04,199.03115274934513
2016-01-05,202.43947351753474
2016-01-06,204.19261381510498
2016-01-07,205.31657833284603
2016-01-08,205.36368218491324
2016-01-11,204.29481764507997
2016-01-12,204.68464891044223
2016-01-13,205.50927285341652
2016-01-14,205.52119360220593
2016-01-15,204.55234187637242
2016-01-18,203.39434495001183
2016-01-19,203.8786962235431
2016-01-20,203.6155839546426
2016-01-21,204.2968703182029
2016-01-22,202.36300076136285
2016-01-25,200.5469416444315
2016-01-26,200.0185176411408
2016-01-27,201.11355997715194
2016-01-28,201.6343860642232
2016-01-29,199.62603621918723
2016-02-01,200.87726924024767
2016-02-02,201.3842889125732
2016-02-03,202.8512799013462
2016-02-04,205.4087502047105
2016-02-05,207.08889627944322
2016-02-08,208.3485716098613
2016-02-09,209.76432753712197
2016-02-10,210.15186185257852
2016-02-11,210.69283827760063
2016-02-12,210.81852445024495
2016-02-15,211.7418392859144
2016-02-16,211.55359176950833
2016-02-17,210.26197847008712
2016-02-18,210.19606208793152
2016-02-19,210.895474186708
2016-02-22,210.50489280523016
2016-02-23,210.5595523569919
2016-02-24,212.53438686367213
2016-02-25,215.70654868678488
2016-02-26,216.15427934398554
2016-02-29,215.5494590853858
2016-03-01,213.74892445840666
2016-03-02,215.03270063768443
2016-03-03,216.48784911782082
2016-03-04,219.48501210387857
2016-03-07,218.666780844817
2016-03-08,217.46575004566014
2016-03-09,217.85723826896057
2016-03-10,217.20189563914926
2016-03-11,215.41648467644387
2016-03-14,213.68749924784981
2016-03-15,212.1925169776804
2016-03-16,213.50035983107153
2016-03-17,212.74673763682287
2016-03-18,215.06756759010935
2016-03-21,217.3015127701418
2016-03-22,217.91531431684402
2016-03-23,217.04892503937293
2016-03-24,216.50439237091555
2016-03-25,220.09089307639348
2016-03-28,221.77315587969727
2016-03-29,224.4293223788069
2016-03-30,225.28318615994866
2016-03-31,224.3095354497101
2016-04-01,222.7240752124144
2016-04-04,227.89816922519552
2016-04-05,229.6173180098453
2016-04-06,229.06993811825402
2016-04-07,230.26948424041365
2016-04-08,228.36944730974298
2016-04-11,227.24351931570638
2016-04-12,228.61792837288323
2016-04-13,230.6077193775547
2016-04-14,234.07106591950688
2016-04-15,233.20468384191005
2016-04-18,236.54259190453683
2016-04-19,235.94060719598065
2016-04-20,232.0088105098623
2016-04-21,232.98801401688513
2016-04-22,232.75051458446913
2016-04-25,233.46275383542317
2016-04-26,234.7939696059057
2016-04-27,233.71899775292965
2016-04-28,231.77287613979001
2016-04-29,234.50872018733006
2016-05-02,233.07481135910928
2016-05-03,235.44546885758996
2016-05-04,236.42518504613594
2016-05-05,235.62296520811708
2016-05-06,235.9048203317517
2016-05-09,237.11851849818584
2016-05-10,235.1252747491659
2016-05-11,232.70563051019954
2016-05-12,233.2381123291632
2016-05-13,230.181821463386
2016-05-16,225.681364306048
2016-05-17,226.45101687785515
2016-05-18,227.26210808149725
2016-05-19,222.61644120993037
2016-05-20,220.52817661030048
2016-05-23,219.04362540371466
2016-05-24,217.4621393249841
2016-05-25,215.66523047486936
2016-05-26,217.2046194537849
2016-05-27,217.54888116544814
2016-05-30,216.50978949589538
2016-05-31,218.2531126519883
2016-06-01,220.4721838335884
2016-06-02,217.70316265844235
2016-06-03,216.86572360482836
2016-06-06,215.39012824833645
2016-06-07,213.4538741916912
2016-06-08,209.57638439563308
2016-06-09,209.6930626285354
2016-06-10,208.50342452281896
2016-06-13,207.0433365685874
2016-06-14,203.92605473190008
2016-06-15,201.56492376396324
2016-06-16,198.9450340755057
2016-06-17,201.04714828631379
2016-06-20,201.77523979419476
2016-06-21,200.7192230365383
2016-06-22,201.4356187111153
2016-06-23,198.2759513962419
2016-06-24,200.1106597147162
2016-06-27,201.28787662013661
2016-06-28,199.75962426541102
2016-06-29,198.81470597745619
2016-06-30,198.40601261558723
2016-07-01,200.05723126255518
2016-07-04,194.9863816853518
2016-07-05,194.59999942021116
2016-07-06,197.30479785770083
2016-07-07,197.5970276277662
2016-07-08,196.15060426362498
2016-07-11,200.79300071539566
2016-07-12,198.8778569884608
2016-07-13,200.22320142523535
2016-07-14,201.59556010656422
2016-07-15,201.44559987695928
2016-07-18,199.82575086396955
2016-07-19,199.17635192202832
2016-07-20,200.63279244755213
2016-07-21,201.95678690939408
2016-07-22,200.57533865496868
2016-07-25,200.2837400520597
2016-07-26,200.59703284691795
2016-07-27,201.00712205161014
2016-07-28,200.46850797954195
2016-07-29,200.5359119386652
2016-08-01,199.2992630551608
2016-08-02,199.90647540826558
2016-08-03,199.12125656334592
2016-08-04,199.31529544593914
2016-08-05,201.19451355272565
2016-08-08,199.34776913441078
2016-08-09,199.21580885002
2016-08-10,199.19579477696462
2016-08-11,196.54348668718896
2016-08-12,199.59158570876698
2016-08-15,197.19052973038865
2016-08-16,195.90605685126434
2016-08-17,198.74280533500533
2016-08-18,200.0160924571268
2016-08-19,198.24356108367024
2016-08-22,196.8383673884717
2016-08-23,197.21672160050053
2016-08-24,195.07674441559269
2016-08-25,195.5692294782289
2016-08-26,196.6966378375285
2016-08-29,194.6807560206561
2016-08-30,196.0069456043355
2016-08-31,194.55648412656166
2016-09-01,196.30806417688444
2016-09-02,197.35536502902008
2016-09-05,199.21790207313643
2016-09-06,196.11245840292327
2016-09-07,194.51396450441405
2016-09-08,195.09610749666203
2016-09-09,196.47746015876305
2016-09-12,195.3363245889003
2016-09-13,197.08145831816003
2016-09-14,198.06914894092913
2016-09-15,196.31961839448522
2016-09-16,197.8458533340271
2016-09-19,196.91891516547986
2016-09-20,193.89855675829878
2016-09-21,193.3440717963287
2016-09-22,192.52734332424208
2016-09-23,193.70462462611394
2016-09-26,195.6136639123247
2016-09-27,198.53011981539547
2016-09-28,200.4359356185642
2016-09-29,200.66898876367966
2016-09-30,200.5935420300079
2016-10-03,201.67036281235568
2016-10-04,202.255506423632
2016-10-05,200.4250838221835
2016-10-06,200.1600452007511
2016-10-07,200.07191952483453
2016-10-10,197.37726918672044
2016-10-11,197.4898763677015
2016-10-12,199.5884787758966
2016-10-13,200.64470361890955
2016-10-14,198.10832241716216
2016-10-17,199.72732300544564
2016-10-18,200.97946816675233
2016-10-19,200.26345196942157
2016-10-20,198.52377242857878
2016-10-21,197.52655690152795
2016-10-24,198.12373276494637
2016-10-25,198.82687394432006
2016-10-26,200.83123853271968
2016-10-27,196.38042197058533
2016-10-28,196.4946917345586
2016-10-31,195.57276392249807
2016-11-01,192.79283995427366
2016-11-02,190.65380767091997
2016-11-03,190.13267437781718
2016-11-04,188.64999811328306
2016-11-07,187.7198934868657
2016-11-08,189.35740293760236
2016-11-09,188.63809690105307
2016-11-10,191.9139668355218
2016-11-11,191.96519098394864
2016-11-14,190.33680977829053
2016-11-15,190.64638031074705
2016-11-16,192.5910372166894
2016-11-17,193.42987509052483
2016-11-18,192.2173982213106
2016-11-21,191.65812234289368
2016-11-22,191.5315059523222
2016-11-23,192.23496166485648
2016-11-24,191.31082792671685
2016-11-25,192.8735729707789
2016-11-28,192.79873167103463
2016-11-29,192.0155381707239
2016-11-30,193.8371581151015
2016-12-01,195.26363459906068
2016-12-02,193.63642612265662
2016-12-05,193.37727914332558
2016-12-06,191.55459397207895
2016-12-07,193.8721760120923
2016-12-08,192.93296675692577
2016-12-09,191.79265055183154
2016-12-12,191.70891518688939
2016-12-13,191.80555301179436
2016-12-14,190.09909565411732
2016-12-15,190.80375209406512
2016-12-16,189.39829622039724
2016-12-19,188.4533047154102
2016-12-20,185.98057200577188
2016-12-21,184.2920254342234
2016-12-22,185.59389374691898
2016-12-23,187.71707740984976
2016-12-26,185.5275663732742
2016-12-27,183.49988930313074
2016-12-28,182.8055285894183
2016-12-29,182.33747587807102
2016-12-30,179.82604834396895
2017-01-02,179.21249046300142
2017-01-03,176.48865098891403
2017-01-04,176.41035916415257
2017-01-05,176.26017958512168
2017-01-06,175.53272559021386
2017-01-09,176.9024019575938
2017-01-10,177.60844606930567
2017-01-11,176.74705112154336
2017-01-12,177.61096322819327
2017-01-13,174.2938749091294
2017-01-16,174.10963697093817
2017-01-17,170.56532270532648
2017-01-18,172.43539242813083
2017-01-19,172.74379322869058
2017-01-20,171.70449786507726
2017-01-23,170.81184589805454
2017-01-24,170.42948645889786
2017-01-25,170.82631691287332
2017-01-26,171.12417246618583
2017-01-27,172.1314901128071
2017-01-30,172.5428039129334
2017-01-31,169.12205500323682
2017-02-01,168.48040251373556
2017-02-02,167.50601207475722
2017-02-03,164.9233910033111
2017-02-06,164.19647315932917
2017-02-07,162.46980681620943
2017-02-08,164.61438304441424
2017-02-09,166.4478354026024
2017-02-10,166.48014468372722
2017-02-13,168.23191695433113
2017-02-14,167.12911319724844
2017-02-15,167.5767949028461
2017-02-16,165.97411450342273
2017-02-17,165.45484916260475
2017-02-20,164.49937853335788
2017-02-21,166.445369976578
2017-02-22,167.74092043540088
2017-02-23,166.93819926954797
2017-02-24,167.44498415264425
2017-02-27,166.953308429003
2017-02-28,165.80424041533837
2017-03-01,166.15340631856742
2017-03-02,164.81539469599477
2017-03-03,165.00135487639102
2017-03-06,165.27755958680387
2017-03-07,165.884914776494
2017-03-08,167.3763038781088
2017-03-09,165.54980318817988
2017-03-10,168.30732715863942
2017-03-13,170.19169490534944
2017-03-14,170.02072871621218
2017-03-15,169.31497190660826
2017-03-16,171.16079280212014
2017-03-17,172.7486184479599
2017-03-20,173.6489531726727
2017-03-21,175.63682539023247
2017-03-22,175.71267931002032
2017-03-23,175.43553877985988
2017-03-24,173.3383381824297
2017-03-27,173.48692203360204
2017-03-28,173.6525928218476
2017-03-29,173.43445702386563
2017-03-30,172.40596397723812
2017-03-31,170.93629207834354
2017-04-03,168.8369470900512
2017-04-04,171.1720225450011
2017-04-05,168.86659767003235
2017-04-06,168.5034200739991
2017-04-07,169.2828469380404
2017-04-10,169.4657635787497
2017-04-11,166.6693142099153
2017-04-12,164.33897013661988
2017-04-13,163.58532451203573
2017-04-14,164.6445502870069
2017-04-17,162.63119751165155
2017-04-18,163.15766631393473
2017-04-19,163.64403141843894
2017-04-20,163.1193660644432
2017-04-21,162.80381989871336
2017-04-24,162.52774645202365
2017-04-25,161.47525890496024
2017-04-26,160.9844579585214
2017-04-27,159.38354596202004
2017-04-28,160.67855436994137
2017-05-01,160.79753689913417
2017-05-02,161.60880844531636
2017-05-03,161.84165788036006
2017-05-04,159.81148748723163
2017-05-05,159.70856742155433
2017-05-08,160.35842930656548
2017-05-09,159.59173423009358
2017-05-10,159.5358059000147
2017-05-11,158.64427198315195
2017-05-12,157.75374553869344
2017-05-15,159.43505418361798
2017-05-16,159.33484204197396
2017-05-17,158.2845589427772
2017-05-18,159.96101071667573
2017-05-19,159.2435884937857
2017-05-22,160.29386326904438
2017-05-23,162.83324106212842
2017-05-24,162.582757878604
2017-05-25,163.50469526083904
2017-05-26,163.77847243902573
2017-05-29,162.57346138219714
2017-05-30,164.36751238819804
2017-05-31,163.97978807564476
2017-06-01,164.61414874355012
2017-06-02,166.11887212493556
2017-06-05,165.65052736268217
2017-06-06,164.98385127646168
2017-06-07,163.97937521010456
2017-06-08,164.18968302198275
2017-06-09,163.67282318582542
2017-06-12,165.12525535374644
2017-06-13,164.79032687247053
2017-06-14,164.3360557646355
2017-06-15,166.49686932342703
2017-06-16,167.00512091710786
2017-06-19,165.52624572911773
2017-06-20,164.12274044049042
2017-06-21,165.28032916848935
2017-06-22,164.43061654652212
2017-06-23,163.9980575671515
2017-06-26,164.69311925586373
2017-06-27,164.9946117354138
2017-06-28,166.77277924944704
2017-06-29,168.24769697301366
2017-06-30,167.56869685216253
2017-07-03,168.95041071343996
2017-07-04,169.05792080308643
2017-07-05,168.7291673895051
2017-07-06,169.81246823958637
2017-07-07,168.4293558624833
2017-07-10,170.88393953784387
2017-07-11,171.34383293601908
2017-07-12,173.1059115945832
2017-07-13,170.63199307153397
2017-07-14,170.3878186350647
2017-07-17,172.67336119779003
2017-07-18,172.64910492416396
2017-07-19,174.28016389179734
2017-07-20,174.6034828667515
2017-07-21,174.3968969797616
2017-07-24,175.70278629886022
2017-07-25,174.54724295346685
2017-07-26,175.74093510026057
2017-07-27,174.49807228081445
2017-07-28,173.88475333112868
2017-07-31,174.9100778605462
2017-08-01,176.19267902670387
2017-08-02,179.96674428633506
2017-08-03,182.14612330939624
2017-08-04,182.83230457028014
2017-08-07,181.7564925273071
2017-08-08,182.28415829885154
2017-08-09,183.75958073498086
2017-08-10,181.7862787352658
2017-08-11,182.53572051083944
2017-08-14,180.7830974736986
2017-08-15,181.18178904062628
2017-08-16,180.3138475447616
2017-08-17,180.00199585516376
2017-08-18,178.77334976092283
2017-08-21,178.6241480463702
2017-08-22,178.90405871456602
2017-08-23,179.5955190328515
2017-08-24,179.07103344368682
2017-08-25,180.16428389218083
2017-08-28,176.4747893191667
2017-08-29,176.34879143182033
2017-08-30,175.16077548207966
2017-08-31,177.03386066240904
