y21,y22,y23,y24,y25
 ,股票池,apb-1d,apb-5d,apb-1m
1,全市场,002400,600074,600074
2,全市场,002581,300064,300234
3,全市场,000662,300178,300178
4,全市场,600855,300738,600090
5,全市场,002464,603726,002740
6,全市场,600983,600753,300457
7,全市场,600268,002044,300738
8,全市场,600527,300765,600211
9,全市场,000889,600090,000802
10,全市场,300399,002880,002685
11,全市场,300485,002320,603359
12,全市场,000609,300637,300300
13,全市场,000019,300234,300446
14,全市场,002269,000802,603187
15,全市场,300576,300632,002679
16,全市场,002030,300532,300156
17,全市场,600127,603359,600722
18,全市场,002437,300520,002880
19,全市场,002740,603711,300152
20,全市场,300698,600722,603668
21,全市场,300368,601717,300157
22,全市场,300364,000860,002044
23,全市场,603533,002679,300459
24,全市场,000687,603787,600805
25,全市场,300002,300609,601717
26,全市场,300049,300446,300064
27,全市场,603920,300703,000860
28,全市场,300064,600805,603603
29,全市场,000908,300789,300637
30,全市场,000955,603396,002846
31,全市场,300390,300546,002320
32,全市场,300793,300043,002292
33,全市场,300452,002963,300072
34,全市场,603313,300689,300317
35,全市场,300391,300457,300297
36,全市场,603577,603157,002462
37,全市场,002725,002071,600831
38,全市场,300782,000503,000885
39,全市场,002503,300268,300043
40,全市场,603693,300295,300703
41,全市场,300538,002609,300431
42,全市场,002329,603444,002963
43,全市场,603157,300593,603006
44,全市场,603183,300487,603787
45,全市场,300658,000626,600882
46,全市场,603127,002007,000626
47,全市场,002603,300505,603638
48,全市场,002119,300778,000503
49,全市场,600079,000587,600753
50,全市场,002160,300467,603788
51,全市场,002409,300628,000632
52,全市场,002584,300797,000708
53,全市场,600933,603026,002116
54,全市场,300443,300459,601077
55,全市场,002498,002462,300487
56,全市场,300167,000007,300778
57,全市场,600712,002902,600100
58,全市场,002953,002729,300367
59,全市场,300401,603006,300270
60,全市场,600162,603227,002007
61,全市场,002209,002003,600128
62,全市场,600829,300157,002902
63,全市场,300506,603178,300205
64,全市场,600172,002802,002817
65,全市场,600191,603516,002003
66,全市场,603320,002509,600026
67,全市场,300141,603788,600271
68,全市场,603887,000885,603229
69,全市场,300277,603558,000587
70,全市场,601606,600271,002476
71,全市场,600396,300005,002209
72,全市场,600303,002212,300689
73,全市场,300363,002717,300470
74,全市场,300702,300799,300789
75,全市场,002370,600388,300797
76,全市场,002838,300072,603178
77,全市场,002768,300312,603227
78,全市场,300218,300152,300461
79,全市场,002901,603739,300467
80,全市场,000061,300470,603167
81,全市场,002401,300369,600107
82,全市场,001914,300695,300773
83,全市场,603278,002607,600697
84,全市场,600246,002896,600784
85,全市场,600315,002376,300350
86,全市场,603601,600128,300765
87,全市场,002638,600100,603520
88,全市场,603918,300156,300628
89,全市场,600078,603603,300779
90,全市场,000996,300656,300743
91,全市场,300463,002209,300167
92,全市场,300334,002621,603883
93,全市场,603309,300461,300312
94,全市场,000505,002685,603711
95,全市场,000525,600592,601677
96,全市场,002156,002466,603040
97,全市场,000702,603519,300004
98,全市场,002952,600333,603661
99,全市场,603605,002116,300520
100,全市场,300737,300762,000951
-1,全市场,000058,002103,600511
-2,全市场,002587,300042,601789
-3,全市场,600692,300722,300511
-4,全市场,000723,000068,603728
-5,全市场,300402,300343,300386
-6,全市场,300210,000554,300298
-7,全市场,300192,600218,603895
-8,全市场,002843,600830,000524
-9,全市场,603123,603106,002170
-10,全市场,600598,300035,000421
-11,全市场,300100,002421,603266
-12,全市场,300187,002645,002329
-13,全市场,601886,002564,600983
-14,全市场,300069,002930,002103
-15,全市场,600361,000428,000048
-16,全市场,300234,002205,002148
-17,全市场,300343,601126,603320
-18,全市场,002663,600300,600250
-19,全市场,002786,603032,002375
-20,全市场,002888,300039,002495
-21,全市场,300323,002553,300132
-22,全市场,603131,600387,601106
-23,全市场,300664,002584,002836
-24,全市场,600853,002170,002911
-25,全市场,603158,300579,000833
-26,全市场,600733,300510,603687
-27,全市场,002632,000038,300277
-28,全市场,300300,600796,300202
-29,全市场,002040,002843,002416
-30,全市场,603377,002588,000767
-31,全市场,000159,002662,002883
-32,全市场,600250,300085,300292
-33,全市场,600093,600303,002808
-34,全市场,002108,000767,002581
-35,全市场,300386,002437,000887
-36,全市场,002412,000019,603991
-37,全市场,002682,603991,600272
-38,全市场,300317,002269,002856
-39,全市场,002480,300386,300318
-40,全市场,002195,600728,600218
-41,全市场,002417,300452,300049
-42,全市场,300201,002668,002674
-43,全市场,002892,300002,603321
-44,全市场,300612,601216,000662
-45,全市场,603366,002030,603088
-46,全市场,603332,002537,000779
-47,全市场,002608,600139,603928
-48,全市场,000524,603321,002030
-49,全市场,603629,002808,300452
-50,全市场,000099,300277,603106
-51,全市场,002808,300399,300201
-52,全市场,000957,600983,002498
-53,全市场,600780,603598,002472
-54,全市场,300058,603088,000019
-55,全市场,002330,000564,603810
-56,全市场,600688,000061,300463
-57,全市场,002246,300443,002537
-58,全市场,600833,603928,300540
-59,全市场,600533,600272,000090
-60,全市场,000688,300008,300158
-61,全市场,300468,002770,002875
-62,全市场,300435,600467,600829
-63,全市场,603101,603003,300443
-64,全市场,300663,600148,600812
-65,全市场,002674,600268,300071
-66,全市场,600120,300540,300026
-67,全市场,000607,002152,300485
-68,全市场,603698,300201,002104
-69,全市场,002763,600829,300793
-70,全市场,002668,600501,000796
-71,全市场,603277,600527,600396
-72,全市场,000755,300158,603003
-73,全市场,601595,002492,002061
-74,全市场,603059,300292,002492
-75,全市场,600386,300465,601126
-76,全市场,002836,002104,002932
-77,全市场,300540,000833,000908
-78,全市场,002307,002165,002165
-79,全市场,600336,300364,002152
-80,全市场,603922,002472,300325
-81,全市场,000989,002061,600556
-82,全市场,601107,000779,600315
-83,全市场,603709,300151,002678
-84,全市场,000421,002400,300002
-85,全市场,002676,300325,603709
-86,全市场,300071,002178,000061
-87,全市场,002453,600191,002400
-88,全市场,300675,002204,600527
-89,全市场,002135,603183,600350
-90,全市场,600283,300202,300368
-91,全市场,300471,000908,000609
-92,全市场,603106,002464,603693
-93,全市场,300419,603067,002464
-94,全市场,600812,300071,002662
-95,全市场,001872,300368,002204
-96,全市场,600094,002875,600268
-97,全市场,603928,603997,002480
-98,全市场,002767,300318,603183
-99,全市场,002875,000662,300151
-100,全市场,002678,600812,000564
1,中证500,002030,601717,600694
2,中证500,002437,002212,600729
3,中证500,300002,002439,002818
4,中证500,002603,603444,601717
5,中证500,600079,600729,600415
6,中证500,600315,300010,000501
7,中证500,002503,603883,300459
8,中证500,600657,600694,600827
9,中证500,000061,300324,300297
10,中证500,002152,002818,600755
11,中证500,603256,600388,600859
12,中证500,603766,600216,600058
13,中证500,601717,300459,300072
14,中证500,601179,600521,600026
15,中证500,002180,600507,002419
16,中证500,600863,300296,002212
17,中证500,002812,300072,603883
18,中证500,002075,300001,300324
19,中证500,600804,002544,002640
20,中证500,002439,600415,600466
21,中证500,002507,600409,300010
22,中证500,000887,600058,600079
23,中证500,600277,600859,002920
24,中证500,601928,600885,600521
25,中证500,600959,603939,603806
26,中证500,002285,600763,002812
27,中证500,601326,601718,600545
28,中证500,600335,603707,300529
29,中证500,601098,600967,002439
30,中证500,600499,002920,002373
31,中证500,600536,600466,000623
32,中证500,603338,600201,002544
33,中证500,002131,000501,600216
34,中证500,002375,600745,601718
35,中证500,002925,600673,603939
36,中证500,000766,603806,600388
37,中证500,002358,600161,002821
38,中证500,603444,000623,002280
39,中证500,002244,002051,603877
40,中证500,300418,603025,000066
41,中证500,600132,002118,603707
42,中证500,600064,300207,002048
43,中证500,002223,002280,600132
44,中证500,600862,603877,600885
45,中证500,603515,002131,002110
46,中证500,002957,603233,600266
47,中证500,601168,300297,600161
48,中证500,603659,002110,601866
49,中证500,601801,600338,603256
50,中证500,600649,002465,603444
51,中证500,300012,002373,300001
52,中证500,600751,300012,601068
53,中证500,600901,603983,601598
54,中证500,002366,603650,600037
55,中证500,601333,603515,002482
56,中证500,603355,603486,002038
57,中证500,000537,600195,600017
58,中证500,601019,600765,600739
59,中证500,601615,002078,603025
60,中证500,600125,601068,600580
61,中证500,002273,002038,600959
62,中证500,600017,601928,600499
63,中证500,300134,600017,300308
64,中证500,002048,603256,002085
65,中证500,002815,300529,000975
66,中证500,603056,601801,300253
67,中证500,600410,300383,002078
68,中证500,002821,600166,600409
69,中证500,600258,002217,300166
70,中证500,601799,300014,600317
71,中证500,002128,002048,603056
72,中证500,600037,600062,600062
73,中证500,603983,600545,300115
74,中证500,601000,300166,600575
75,中证500,600757,600959,600967
76,中证500,600141,000559,600446
77,中证500,000012,600348,603486
78,中证500,000060,603766,002957
79,中证500,000519,600500,002440
80,中证500,600770,601019,600717
81,中证500,600881,601333,600718
82,中证500,601001,600823,600875
83,中证500,002385,002821,601611
84,中证500,600717,000758,002285
85,中证500,000686,002019,601333
86,中证500,000826,600037,300296
87,中证500,000930,600160,600763
88,中证500,601016,300199,002118
89,中证500,600967,600575,601000
90,中证500,600908,601598,002028
91,中证500,601598,600717,002368
92,中证500,600058,600486,600673
93,中证500,000718,002440,601228
94,中证500,600317,601869,603712
95,中证500,002174,002665,601869
96,中证500,600939,002368,603766
97,中证500,603379,600643,600970
98,中证500,002212,600827,603885
99,中证500,000830,600446,002268
100,中证500,300383,601228,600704
-1,中证500,601872,603228,002075
-2,中证500,600053,600639,601200
-3,中证500,600779,002180,002665
-4,中证500,300197,002387,600392
-5,中证500,002709,603816,001872
-6,中证500,600811,000528,002387
-7,中证500,601860,600657,002672
-8,中证500,002419,300168,600410
-9,中证500,002482,600150,002155
-10,中证500,600026,000078,002635
-11,中证500,600006,300027,603377
-12,中证500,600098,600435,002221
-13,中证500,601100,000636,600125
-14,中证500,000636,603882,002273
-15,中证500,002110,600572,603338
-16,中证500,002013,600801,002603
-17,中证500,002625,600410,002064
-18,中证500,002414,600536,600811
-19,中证500,600256,002414,600759
-20,中证500,002280,600835,600259
-21,中证500,600633,002155,601969
-22,中证500,600917,300180,600895
-23,中证500,002390,002384,000980
-24,中证500,603883,601608,600260
-25,中证500,300308,002317,002839
-26,中证500,002242,002423,600835
-27,中证500,600435,601872,600657
-28,中证500,000960,600811,600639
-29,中证500,002745,600754,603816
-30,中证500,600739,002064,000553
-31,中证500,603228,600392,002203
-32,中证500,000553,600895,000600
-33,中证500,002317,002249,603888
-34,中证500,600161,002004,000869
-35,中证500,600339,600098,000025
-36,中证500,002434,600143,600754
-37,中证500,002640,600312,600536
-38,中证500,002399,002385,600748
-39,中证500,601678,002221,300180
-40,中证500,000980,601200,600060
-41,中证500,002818,603888,600777
-42,中证500,002221,601179,601865
-43,中证500,300168,600120,002128
-44,中证500,002002,600335,601615
-45,中证500,600392,002195,600862
-46,中证500,002302,000025,601127
-47,中证500,600640,603000,000006
-48,中证500,000400,000848,600312
-49,中证500,600748,600737,603000
-50,中证500,600787,603377,300244
-51,中证500,002129,300244,002249
-52,中证500,601865,600748,600557
-53,中证500,002085,000887,603228
-54,中证500,300199,002444,600098
-55,中证500,000009,600053,603882
-56,中证500,000547,002203,002444
-57,中证500,002268,601106,002004
-58,中证500,600895,601975,002745
-59,中证500,002423,002049,600335
-60,中证500,600754,000006,000021
-61,中证500,600759,001872,002093
-62,中证500,002004,300026,600737
-63,中证500,300324,600777,600869
-64,中证500,002353,002074,300197
-65,中证500,600418,600804,600053
-66,中证500,600827,600759,002491
-67,中证500,600777,000553,000681
-68,中证500,603000,002635,601975
-69,中证500,600707,002416,601179
-70,中证500,300182,002491,600120
-71,中证500,002941,600126,300058
-72,中证500,600167,000090,600143
-73,中证500,600150,002375,600126
-74,中证500,600260,002505,002946
-75,中证500,600511,002183,600804
-76,中证500,000158,002946,002470
-77,中证500,603888,600260,000766
-78,中证500,300244,600079,300027
-79,中证500,000997,600350,002503
-80,中证500,600645,000766,002416
-81,中证500,002470,000987,601608
-82,中证500,601106,601127,000519
-83,中证500,300459,002075,600728
-84,中证500,600557,002503,002183
-85,中证500,601718,600869,002074
-86,中证500,600312,300058,600640
-87,中证500,600572,000021,002437
-88,中证500,601608,000519,600511
-89,中证500,601975,300197,002375
-90,中证500,600598,002470,601106
-91,中证500,300180,600315,000887
-92,中证500,002946,600511,002030
-93,中证500,002387,600640,000090
-94,中证500,000006,000061,300026
-95,中证500,603377,600728,000061
-96,中证500,002195,000564,002152
-97,中证500,300058,002437,600315
-98,中证500,600120,300002,300002
-99,中证500,600094,002030,600350
-100,中证500,001872,002152,000564
1,沪深300,300413,002044,002044
2,沪深300,601236,002466,603160
3,沪深300,300347,002007,002007
4,沪深300,601225,002841,600100
5,沪深300,601088,600271,600271
6,沪深300,600741,600100,300347
7,沪深300,600299,002607,002607
8,沪深300,002555,002032,002027
9,沪深300,002938,603160,603260
10,沪深300,603260,600309,002466
11,沪深300,601828,300347,002938
12,沪深300,300122,000629,000703
13,沪深300,600438,603260,600309
14,沪深300,002241,002179,600928
15,沪深300,601698,601225,600583
16,沪深300,300433,600372,002032
17,沪深300,002508,300024,600352
18,沪深300,601727,600028,600674
19,沪深300,002411,601898,600887
20,沪深300,000415,600352,600010
21,沪深300,000661,600741,002468
22,沪深300,002468,000703,600176
23,沪深300,600809,600188,600028
24,沪深300,000627,000895,600221
25,沪深300,000629,601238,002010
26,沪深300,000728,000725,002202
27,沪深300,002460,000627,000338
28,沪深300,601238,600219,601225
29,沪深300,600188,600018,600276
30,沪深300,600309,000338,603259
31,沪深300,600004,600383,000895
32,沪深300,002142,000786,600188
33,沪深300,002081,600928,300024
34,沪深300,000625,300498,600741
35,沪深300,600219,601298,601298
36,沪深300,600705,000063,002773
37,沪深300,600196,002202,002179
38,沪深300,600588,000568,603288
39,沪深300,600271,000413,601229
40,沪深300,600522,601600,002841
41,沪深300,000895,603833,600519
42,沪深300,601021,000630,600018
43,沪深300,002673,000415,002555
44,沪深300,002007,600637,002508
45,沪深300,002422,601989,300003
46,沪深300,600221,600038,000629
47,沪深300,601336,603501,000671
48,沪深300,601668,000625,002916
49,沪深300,600109,603259,002352
50,沪深300,601898,600406,600383
51,沪深300,601877,600887,000625
52,沪深300,600487,002010,601989
53,沪深300,600660,601088,601877
54,沪深300,600177,600674,600372
55,沪深300,600663,601577,600085
56,沪深300,000425,600705,601577
57,沪深300,600025,600221,000961
58,沪深300,600050,601377,600482
59,沪深300,002304,002001,600522
60,沪深300,002202,600276,600038
61,沪深300,002146,600346,000415
62,沪深300,600570,002558,600705
63,沪深300,601169,600176,601919
64,沪深300,601600,002916,600196
65,沪深300,603156,601919,000627
66,沪深300,002466,000768,600299
67,沪深300,600406,601555,000661
68,沪深300,002252,601877,601390
69,沪深300,002739,002508,601117
70,沪深300,600352,601117,600183
71,沪深300,600372,601138,002153
72,沪深300,000069,601108,600999
73,沪深300,601198,600085,002001
74,沪深300,603833,601857,601018
75,沪深300,600919,600183,600487
76,沪深300,002773,002555,601238
77,沪深300,000100,002352,603833
78,沪深300,002410,601006,600219
79,沪深300,300144,000671,603799
80,沪深300,601006,600153,300413
81,沪深300,000938,601229,601088
82,沪深300,000876,600516,601939
83,沪深300,600029,601236,600438
84,沪深300,600637,002153,603156
85,沪深300,002179,002027,600566
86,沪深300,601328,600010,600369
87,沪深300,601618,600919,000776
88,沪深300,000413,300003,601377
89,沪深300,600009,002422,601600
90,沪深300,601155,002773,600919
91,沪深300,000630,300413,002271
92,沪深300,002311,300124,600406
93,沪深300,600104,600498,601198
94,沪深300,600674,600015,002294
95,沪深300,600519,600177,600886
96,沪深300,603501,600299,600498
97,沪深300,600390,600297,601888
98,沪深300,600048,600369,000786
99,沪深300,603259,601155,600637
100,沪深300,000338,002673,600015
-1,沪深300,000333,600196,603019
-2,沪深300,000596,603156,601009
-3,沪深300,002714,600362,601727
-4,沪深300,601211,600795,600023
-5,沪深300,600958,300136,600588
-6,沪深300,002352,603288,002081
-7,沪深300,601808,002008,601186
-8,沪深300,600011,600690,600068
-9,沪深300,600100,002271,601336
-10,沪深300,002027,600482,002415
-11,沪深300,000709,002142,601766
-12,沪深300,600535,300122,002142
-13,沪深300,002008,600660,002422
-14,沪深300,600276,601318,002714
-15,沪深300,601577,601336,300015
-16,沪深300,603019,601166,601800
-17,沪深300,600585,600999,601111
-18,沪深300,600900,600000,300144
-19,沪深300,002230,600438,600585
-20,沪深300,600036,600926,601992
-21,沪深300,600085,600522,601601
-22,沪深300,300408,600066,600690
-23,沪深300,300070,600703,600000
-24,沪深300,601919,601111,600011
-25,沪深300,002916,600023,600900
-26,沪深300,601111,000651,300433
-27,沪深300,601818,000596,601006
-28,沪深300,601012,000938,000858
-29,沪深300,600489,300070,000898
-30,沪深300,601800,601360,601108
-31,沪深300,600547,600019,601360
-32,沪深300,300033,601800,600030
-33,沪深300,600837,601018,603899
-34,沪深300,002001,000963,002958
-35,沪深300,002601,600089,600436
-36,沪深300,000961,601186,600027
-37,沪深300,601601,601009,601899
-38,沪深300,600031,600968,600050
-39,沪深300,600482,600655,600663
-40,沪深300,601186,002739,002475
-41,沪深300,601901,600848,002460
-42,沪深300,002456,000001,000963
-43,沪深300,600566,600585,000651
-44,沪深300,601888,600547,601162
-45,沪深300,601766,601901,000538
-46,沪深300,600928,600233,600104
-47,沪深300,603899,600760,603501
-48,沪深300,603993,002475,603993
-49,沪深300,601390,600588,000596
-50,沪深300,600893,600068,600760
-51,沪深300,002607,600809,600153
-52,沪深300,601216,601899,600109
-53,沪深300,601360,601162,000001
-54,沪深300,002841,300059,600019
-55,沪深300,600655,300142,600362
-56,沪深300,300498,000100,600703
-57,沪深300,601688,600030,002739
-58,沪深300,603160,601021,002008
-59,沪深300,600068,601601,300017
-60,沪深300,601633,603899,000425
-61,沪深300,000001,000876,300059
-62,沪深300,000963,002415,600208
-63,沪深300,002120,300433,002410
-64,沪深300,600346,600340,002241
-65,沪深300,601212,603986,603986
-66,沪深300,001979,002304,601857
-67,沪深300,601989,300017,601212
-68,沪深300,002050,600004,601628
-69,沪深300,000568,600036,300124
-70,沪深300,002958,603799,000100
-71,沪深300,600867,002601,600489
-72,沪深300,000703,601628,601021
-73,沪深300,002602,002460,600570
-74,沪深300,601138,002958,601808
-75,沪深300,600183,600977,002456
-76,沪深300,600111,600570,601012
-77,沪深300,600998,600208,600977
-78,沪深300,601607,000425,600036
-79,沪深300,603986,002594,601633
-80,沪深300,601933,600109,600233
-81,沪深300,600498,000423,002050
-82,沪深300,300017,002241,002411
-83,沪深300,600887,601212,600926
-84,沪深300,603288,300033,002304
-85,沪深300,300142,002456,600733
-86,沪深300,002153,600489,300033
-87,沪深300,600030,002050,002601
-88,沪深300,600977,601066,600809
-89,沪深300,600089,002411,000423
-90,沪深300,002558,600998,000723
-91,沪深300,600968,601012,600340
-92,沪深300,000423,002602,600998
-93,沪深300,603799,601808,002602
-94,沪深300,300124,002120,300142
-95,沪深300,600208,600867,601066
-96,沪深300,601066,600733,600867
-97,沪深300,601018,000723,002252
-98,沪深300,000723,002252,601698
-99,沪深300,601162,601698,600004
-100,沪深300,600733,601216,601216
