time,volatility,returns
0.0,0.2,0.010644458093555536
0.003968253968253968,0.1925301676507949,0.005704664039023389
0.007936507936507936,0.31652843621102755,-0.021537608245858448
0.011904761904761904,0.284181491104128,0.006156909436992293
0.015873015873015872,0.4663204136976073,-0.01977889159098624
0.01984126984126984,0.5633292219036726,-0.007698261320787223
0.023809523809523808,0.5563165862770115,-0.004418949032309215
0.027777777777777776,0.40307788960265223,0.02341945305953827
0.031746031746031744,0.3012033546383157,-0.020211980493337372
0.03571428571428571,0.3545926861238178,0.006444290071502843
0.03968253968253968,0.40028252657493835,-0.015049326606449979
0.04365079365079365,0.30739219739352097,0.0015498393395049865
0.047619047619047616,0.3554773724337452,0.032383545067964134
0.051587301587301584,0.6225990701161508,0.016086745807128325
0.05555555555555555,0.5823843924121429,0.07998760354261904
0.05952380952380952,0.40031198123523337,0.041573723556848984
0.06349206349206349,0.5946367684414565,0.03254203781365425
0.06746031746031746,0.7049435519224103,-0.021078555881252934
0.07142857142857142,0.7374173368793862,0.058875739125130624
0.07539682539682539,0.7335673600879888,0.025626635962522182
0.07936507936507936,0.9359082098093495,-0.050369850072764365
0.08333333333333333,1.2249316882737014,-0.08030460921707436
0.0873015873015873,1.4337621502513576,-0.04025507794678751
0.09126984126984126,1.4255827632016655,-0.08611220098707305
0.09523809523809523,1.7890359742897513,-0.165760843456738
0.0992063492063492,1.4684971147993164,0.08209329576761369
0.10317460317460317,1.6540885129962561,-0.09549416055726788
0.10714285714285714,2.0291520493978483,-0.13073389631730126
0.1111111111111111,1.774748512013522,-0.03786963709662817
0.11507936507936507,1.2959242507962347,0.004334737699754429
0.11904761904761904,1.529587532217065,-0.0395345642338646
0.12301587301587301,1.2746785093672615,-0.004290522028526475
0.12698412698412698,1.757726761428064,0.028655668368579888
0.13095238095238093,3.6197380470633633,0.10390757522763237
0.1349206349206349,3.6703485516611742,0.050836595981422386
0.1388888888888889,1.403482163036835,0.02717669460013961
0.14285714285714285,1.1028218733943271,-0.003727969526922938
0.1468253968253968,0.8337480434915687,-0.018407090091976018
0.15079365079365079,0.4030456321661389,0.020168318965983083
0.15476190476190477,0.600869082334378,-0.03659535730010815
0.15873015873015872,0.6062948368010241,-0.03447474546664699
0.16269841269841268,0.7161153277880642,-0.019444173454659812
0.16666666666666666,1.0648814275993048,-0.06138512580626295
0.17063492063492064,1.5317452172896178,0.13673803023168077
0.1746031746031746,2.49737645061557,0.11733714363779735
0.17857142857142855,2.294783618054356,-0.2836176211411543
0.18253968253968253,2.01316378933419,0.06785176722420601
0.1865079365079365,1.1719856235908575,0.06054730236714641
0.19047619047619047,0.8702800323459444,0.0334448924200541
0.19444444444444442,0.5561898638574598,-0.020521788316780337
0.1984126984126984,0.8142825387593743,-0.08261388711405648
0.20238095238095238,0.6508059216284398,0.03091613933388615
0.20634920634920634,0.7124350211672158,-0.11745940156627072
0.2103174603174603,0.5736301936511715,0.032864572098843116
0.21428571428571427,0.3765938719707959,-0.02213155741060054
0.21825396825396826,0.4179209909482145,-0.009767166595611583
0.2222222222222222,0.393495082124745,-0.0003824483701089737
0.22619047619047616,0.3121354846889696,-0.009073006171010499
0.23015873015873015,0.15674862492409192,-0.014383762875821817
0.23412698412698413,0.11229397439935052,0.0045001895100411325
0.23809523809523808,0.10383658917714743,0.005157914109287388
0.24206349206349204,0.061094020163269404,0.003990784880297669
0.24603174603174602,0.04938188784405386,-0.0011559438278206857
0.25,0.042132159115112616,-0.0028771522583556377
0.25396825396825395,0.01717544392360298,0.0003054825064923203
0.2579365079365079,0.027433993447929496,-0.001019689101362724
0.26190476190476186,0.0514066035447579,-0.007281764604532577
0.26587301587301587,0.04890504036144622,9.20007879360646e-05
0.2698412698412698,0.03401629089482622,0.0005756113527615694
0.2738095238095238,0.07120046027257396,-0.002914550570239739
0.2777777777777778,0.04860641357228628,0.003450468836791933
0.28174603174603174,0.043671797411963684,0.000942879639606954
0.2857142857142857,0.02897076783350217,-0.001692292938064003
0.28968253968253965,0.03193412273289896,0.0025000809232353567
0.2936507936507936,0.020974008905054617,9.474255960029402e-05
0.2976190476190476,0.019952404442440706,-0.00015417374554074707
0.30158730158730157,0.020774368793323474,-0.000933629988753272
0.3055555555555555,0.012435882894656873,-0.0014385940695491315
0.30952380952380953,0.016044197809551197,-3.7584100951926795e-05
0.3134920634920635,0.02733337987674382,0.00196542335058993
0.31746031746031744,0.018038396702946376,-0.0002493120235536963
0.3214285714285714,0.03596528880019696,-0.0005161966281105133
0.32539682539682535,0.04878667819092039,-0.00484114580334836
0.32936507936507936,0.04645915863380934,0.0008332044803840144
0.3333333333333333,0.08227492039046058,-0.0020830803515098505
0.33730158730158727,0.06851647118857951,0.0017670880506502637
0.3412698412698413,0.0648251959589266,-0.00532453751805518
0.34523809523809523,0.03876526032415541,0.0009909794220453036
0.3492063492063492,0.05424832212811115,-0.005279609264834268
0.35317460317460314,0.05944048144132357,0.002003430014077806
0.3571428571428571,0.09502540127183297,-0.009348514435009225
0.3611111111111111,0.07127375370327049,0.0032991928392534556
0.36507936507936506,0.05009790103065412,0.005351858298728554
0.369047619047619,0.029716678384710073,-0.0022050935545599422
0.373015873015873,0.03698170924500422,-0.0009701848054405278
0.376984126984127,0.02487716079853304,-3.100901761120678e-05
0.38095238095238093,0.02360815624445171,0.0015576682594367647
0.3849206349206349,0.025031795533249485,-0.0008927782923330382
0.38888888888888884,0.025773008395141236,-0.002803642156082478
0.39285714285714285,0.012802303524495406,-0.0006270432754121281
0.3968253968253968,0.012216122215580364,-0.00037486077935256103
0.40079365079365076,0.011715582753921221,0.0004351524747599581
0.40476190476190477,0.013186094629852827,0.0008959999584770492
0.4087301587301587,0.013227619603237413,0.00022977559111361326
0.4126984126984127,0.01682875819902136,0.0008029512449359841
0.41666666666666663,0.0241476610525602,-0.0012960892061218182
0.4206349206349206,0.03023237115125256,-0.002319886773539581
0.4246031746031746,0.037151031450510345,-0.002497153157010101
0.42857142857142855,0.06420046957851513,-0.00454469549612245
0.4325396825396825,0.08375240853169719,0.00042918475590183417
0.4365079365079365,0.06283717835470884,-0.0014103232385562939
0.44047619047619047,0.0735782633344056,0.0023958018022560935
0.4444444444444444,0.10459060071480725,-0.003581494600995432
0.4484126984126984,0.09049008921579978,-0.009321357551319309
0.45238095238095233,0.10072965412671056,-0.008873356096175705
0.45634920634920634,0.06874908576331827,0.00033384855369837673
0.4603174603174603,0.10069336811903647,-0.0035417386780295227
0.46428571428571425,0.07865696919088545,-0.00385093757920748
0.46825396825396826,0.11294279707201918,-0.012017059331484082
0.4722222222222222,0.22402469337447795,0.004473058047987822
0.47619047619047616,0.2321733780163786,0.005038385214594232
0.4801587301587301,0.21068450389989257,0.0004319459172062802
0.4841269841269841,0.12271325048708455,-0.0011097450759260134
0.4880952380952381,0.09379726183475623,-0.002978332411575265
0.49206349206349204,0.11242105806868244,0.003288840674757568
0.496031746031746,0.09485085375540944,-0.002315474934834175
0.5,0.08917356089004608,-0.0062033175245470515
0.503968253968254,0.09951913214609406,-0.0010168508341567282
0.5079365079365079,0.07590014888092225,0.0046215170512793405
0.5119047619047619,0.09641661176653203,-0.0020955257908796274
0.5158730158730158,0.09707704304479826,-0.005438863300994639
0.5198412698412698,0.09301334417049614,-0.01126176223477596
0.5238095238095237,0.14055358143036498,-0.0016699406435033283
0.5277777777777778,0.14086894577348164,-0.007981807722633488
0.5317460317460317,0.10327036724905343,-0.004143446480629963
0.5357142857142857,0.08934203759896103,0.0006797507324556826
0.5396825396825397,0.06699909057144866,0.00014036046792823532
0.5436507936507936,0.12470534259444865,0.012470415690691699
0.5476190476190476,0.13310127852779155,-0.0054453405824105815
0.5515873015873015,0.12396373801838534,0.005029055180986188
0.5555555555555556,0.14894293320878516,-0.016356796023799962
0.5595238095238095,0.11290098719955999,-0.006395727241986694
0.5634920634920635,0.1855087110020529,0.005987269754570012
0.5674603174603174,0.16525899393847843,0.005243785448499889
0.5714285714285714,0.1622964120399956,-0.01236164944855865
0.5753968253968254,0.20282515619872743,-0.00731795579039719
0.5793650793650793,0.14749844714256483,-0.02464991244107604
0.5833333333333333,0.18868556539744616,-0.006429349431965763
0.5873015873015872,0.11450877140447178,-0.012188848610387652
0.5912698412698413,0.14482953978670854,-0.003630831625498008
0.5952380952380952,0.1277295626429558,-0.004290984626508358
0.5992063492063492,0.18231082738219517,-0.018390593452700915
0.6031746031746031,0.21480823365751256,0.005306283262304561
0.6071428571428571,0.31777266949981914,0.012426661211192649
0.611111111111111,0.41678780566704243,0.01590476373614053
0.615079365079365,0.3055322180196569,0.0029930008442595793
0.6190476190476191,0.5125104639332724,0.0024167919150183386
0.623015873015873,0.36225030490701926,0.024137347261986044
0.626984126984127,0.3531610442048981,0.026481565055702858
0.6309523809523809,0.24833439147825842,0.012016638527527573
0.6349206349206349,0.16758397583873957,-0.011755122138868451
0.6388888888888888,0.17712998714869202,-0.016919790660322745
0.6428571428571428,0.2617313135760546,-0.005559999119795858
0.6468253968253967,0.6258218815091704,-0.053313501137611165
0.6507936507936507,0.551101062255991,0.006813776501909417
0.6547619047619048,0.35919623940713263,0.005583016348544517
0.6587301587301587,0.4060659247557462,0.007639016180805523
0.6626984126984127,0.2615311658438295,-0.018198180045311985
0.6666666666666666,0.29270115858745155,0.016793106197362108
0.6706349206349206,0.13445933599608748,-0.0022835443446117486
0.6746031746031745,0.33424737313037134,0.0015224813409640341
0.6785714285714285,0.344905063849329,-0.009892925725920083
0.6825396825396826,0.43027854380401404,-0.017086592546734454
0.6865079365079365,0.30056485042348413,-0.013601616985320275
0.6904761904761905,0.5847331926785904,-0.047535518635615594
0.6944444444444444,0.6176444565779187,-0.04953482777420764
0.6984126984126984,0.5554684716659921,-0.04193221688705887
0.7023809523809523,0.6033693128355163,0.04390837547182837
0.7063492063492063,0.9030847281755432,0.05203283406298975
0.7103174603174602,0.6268515127584924,-0.002379844305659904
0.7142857142857142,0.4764952593094597,0.02421468137530867
0.7182539682539683,0.8356030306059881,0.0781249157843212
0.7222222222222222,0.8769907289076766,-0.01308196869260693
0.7261904761904762,1.6457306807789296,-0.13585786686098233
0.7301587301587301,1.0573798817796296,0.01684872045509053
0.7341269841269841,1.080841160998492,0.017603879353162693
0.738095238095238,1.1604734749659493,-0.10445047470804522
0.742063492063492,0.861744474484254,0.07438714052510688
0.746031746031746,0.5281563440744311,0.0018095759050385555
0.75,0.628670078322211,-0.012546903506240548
0.753968253968254,0.45784117211518005,0.027215271655585026
0.7579365079365079,0.6094578493588989,-0.06417014263325971
0.7619047619047619,0.6471227986684988,-0.03168877916939911
0.7658730158730158,0.6254458295386752,-0.03018363415198405
0.7698412698412698,0.2878928416396161,-0.013214935583632065
0.7738095238095237,0.32452073541213133,-0.02383079620878898
0.7777777777777777,0.17754925617088632,0.011595044686161404
0.7817460317460317,0.12826469061329002,-0.010026393731468464
0.7857142857142857,0.08538428636868817,-0.002262078346940882
0.7896825396825397,0.12955623578839529,0.004874098596506456
0.7936507936507936,0.11767492325019697,-0.008090619725206567
0.7976190476190476,0.07312414783057018,-5.4188871244361436e-05
0.8015873015873015,0.0587402973051917,0.002285464869563275
0.8055555555555555,0.03301660832424847,-0.002946364739986715
0.8095238095238095,0.042945160709416653,1.077670598352561e-05
0.8134920634920635,0.04712147519113021,0.001539490957270322
0.8174603174603174,0.029266955964523923,-0.001887781764994443
0.8214285714285714,0.04357896009293898,-0.0007353629612790037
0.8253968253968254,0.028618449183170032,0.0031132753591346335
0.8293650793650793,0.026478306455512288,-0.0005083028361608173
0.8333333333333333,0.01635867610182949,-0.00030888979650656385
0.8373015873015872,0.01713410971798355,2.475840841558024e-05
0.8412698412698412,0.012236017421179196,0.0002933537190778109
0.8452380952380952,0.007588678875895329,-6.074515458883854e-05
0.8492063492063492,0.00822249089218502,0.0010671172453461941
0.8531746031746031,0.01133703866897247,-1.2226137282672078e-05
0.8571428571428571,0.0077898137435943,0.0003745610025349604
0.861111111111111,0.016491098077801733,0.00029487169443887743
0.865079365079365,0.02047720569806243,-0.0005198048769304745
0.869047619047619,0.013441375378646618,-0.00034605214447461853
0.873015873015873,0.005784954124673652,2.715974177060052e-05
0.876984126984127,0.007748498929320592,-0.00019513921585199051
0.8809523809523809,0.016959920355008973,-6.684670568673445e-05
0.8849206349206349,0.017079094356524917,-0.00043197704698845675
0.8888888888888888,0.012865447570446185,-1.3987166610739958e-05
0.8928571428571428,0.007479589342151218,-0.0008244271417648954
0.8968253968253967,0.005954556626053628,6.517214150395975e-05
0.9007936507936507,0.00982256167344147,-0.0005300661247262228
0.9047619047619047,0.009084152941518221,-0.00024198068825537466
0.9087301587301587,0.015509680445204135,-0.00037583535582311233
0.9126984126984127,0.01698834260906251,-0.0014175375132078523
0.9166666666666666,0.023299108413395248,0.0005155575784025702
0.9206349206349206,0.014750449893648774,0.0006011814077635724
0.9246031746031745,0.012554739645503117,2.453871209994542e-05
0.9285714285714285,0.013389553031877728,0.0014939257739827567
0.9325396825396824,0.013421854241192821,-0.00024924060909804616
0.9365079365079365,0.0129262548191579,-0.00024441322471367493
0.9404761904761905,0.02167424430914745,-0.004198610893106079
0.9444444444444444,0.04979721701102266,-0.0018241540148312679
0.9484126984126984,0.03020699039192288,-0.00036686980424298414
0.9523809523809523,0.04979711032826997,-0.005472088146223343
0.9563492063492063,0.04373016050279503,-0.0012696046336235268
0.9603174603174602,0.047893909926425546,0.001247468456690026
0.9642857142857142,0.04164670973537581,-0.006032595411466247
0.9682539682539681,0.040468794854892895,0.002369673232398838
0.9722222222222222,0.03894855200969906,-0.0026337701267098762
0.9761904761904762,0.04337521318773757,0.003443668898045731
0.9801587301587301,0.04497441967759486,0.0014806041307376867
0.9841269841269841,0.048179099121000754,-0.002715139379496614
0.988095238095238,0.08458021486184075,-0.0067597680688237915
0.992063492063492,0.059933820024656005,0.0017879669534836753
0.9960317460317459,0.12036748350358023,-0.004324379142940707
1.0,0.2562240392587274,0.023296348433820547
1.003968253968254,0.1987470402864617,0.02991458162106687
1.007936507936508,0.19081113850460568,0.005532208086947992
1.0119047619047619,0.1950369568623328,0.01686633729206846
1.0158730158730158,0.1911182163405822,0.014575111401696405
1.0198412698412698,0.3492691467788111,-0.007993169921735752
1.0238095238095237,0.4035304303766915,-0.03618334710273095
1.0277777777777777,0.33100072286058047,-0.04156831887268823
1.0317460317460316,0.3935861491872319,-0.007507398417999384
1.0357142857142856,0.2793565514760726,-0.0033487993235555113
1.0396825396825395,0.2148737773350268,-0.015239510064717085
1.0436507936507935,0.2028223022096642,0.0029005947119458515
1.0476190476190474,0.18727708173503274,-0.005737184696025794
1.0515873015873016,0.13240573662929692,0.004760523502211468
1.0555555555555556,0.11490559489238855,-0.003992336977554775
1.0595238095238095,0.15548054691673308,0.008169757207807571
1.0634920634920635,0.19374073504701214,-0.031403232826994816
1.0674603174603174,0.1552019610487151,0.008173227004498261
1.0714285714285714,0.12688606246099227,0.005342004448474512
1.0753968253968254,0.10213779223368769,0.009813725875162615
1.0793650793650793,0.1043439703595541,0.00046741050145638897
1.0833333333333333,0.12072810835512185,0.004396303689667164
1.0873015873015872,0.07956174393183407,0.008143730557361364
1.0912698412698412,0.06563737523933084,-0.005455568505749241
1.0952380952380951,0.07412945810754702,-0.00041447687209620633
1.099206349206349,0.054842431539390106,-0.009452376692880364
1.103174603174603,0.04421067779936049,0.0010211053049172933
1.107142857142857,0.03930410229059936,-0.0010330587936631186
1.1111111111111112,0.05022679531813559,-0.0010186093176143684
1.1150793650793651,0.05775370253500326,0.003439149578307549
1.119047619047619,0.06999579673065398,0.0090041232633716
1.123015873015873,0.05944424223464428,0.0033322274801567075
1.126984126984127,0.06289266372169687,-0.0016777418558105866
1.130952380952381,0.024236399575913933,-0.001393424735644319
1.1349206349206349,0.008144313890220191,-0.0004606744916681404
1.1388888888888888,0.006554410624524793,-0.0005361428944832426
1.1428571428571428,0.006132381141157158,0.0009827970087773793
1.1468253968253967,0.004567620084689034,4.2641290043319685e-05
1.1507936507936507,0.0035460334877752925,-0.00021771353680112685
1.1547619047619047,0.0036151255363334796,0.00021951364931348727
1.1587301587301586,0.005547466988212299,-8.19726237322647e-05
1.1626984126984126,0.007428629022738617,5.624730334754769e-07
1.1666666666666665,0.007833405123246328,9.791196864347079e-05
1.1706349206349205,0.00648222799367136,-0.0005538326934551862
1.1746031746031744,0.0047053698573549605,-0.0002400567961116622
1.1785714285714286,0.006915092610959361,-1.6581831198931518e-05
1.1825396825396826,0.010015498422794719,0.0004586047129679747
1.1865079365079365,0.009541659187336009,0.00012391723542245285
1.1904761904761905,0.013755246907259417,-0.00043753275611228983
1.1944444444444444,0.012555599695434108,-0.00041129269143763366
1.1984126984126984,0.011776540848340858,-5.817152109603065e-05
1.2023809523809523,0.017060521841557538,-0.001482623390614408
1.2063492063492063,0.015698119768635384,0.0003296726427497571
1.2103174603174602,0.024993072979057347,0.0009396841537288402
1.2142857142857142,0.03202664074771322,0.0007975781507839698
1.2182539682539681,0.03253191019005182,-0.0030204364003424953
1.222222222222222,0.02044127475755073,4.853611458216087e-05
1.226190476190476,0.01247178669530141,-0.00029215322697100446
1.23015873015873,0.010406633001966786,-0.00043556132068892024
1.234126984126984,0.016158615923074056,0.00020456023079160336
1.2380952380952381,0.01607265904696434,0.000781370876720359
1.242063492063492,0.038267936936074706,-0.0007879657991198105
1.246031746031746,0.03823410514260946,0.0007303312729447194
1.25,0.03295204187177182,-0.0004935974288172038
1.253968253968254,0.056501378925174955,-0.001483562469592017
1.257936507936508,0.06641709115692128,0.004056368419260448
1.2619047619047619,0.10804406787756525,-0.00012888415038186555
1.2658730158730158,0.12493369592237238,-0.0059718471893856866
1.2698412698412698,0.15073854348484372,0.008060787902179562
1.2738095238095237,0.12699274814708536,-0.0007382868308408316
1.2777777777777777,0.13826048385256037,-0.011680501011580765
1.2817460317460316,0.12130049631918167,0.00998740914692459
1.2857142857142856,0.08434812951748846,-0.003911283705092278
1.2896825396825395,0.17881974339341955,0.01732321931689659
1.2936507936507935,0.1971732673215219,0.01116536884161726
1.2976190476190474,0.24341449444203805,0.01962834172867062
1.3015873015873014,0.3414428459697307,0.016721287690577825
1.3055555555555556,0.262201074621699,0.016891838336487375
1.3095238095238095,0.347956680392737,-0.002384076943281654
1.3134920634920635,0.25000915920319455,0.0011447344766710283
1.3174603174603174,0.23365780890434773,-0.005923325136774902
1.3214285714285714,0.21896969088835094,0.01661640906480749
1.3253968253968254,0.14663891818877325,-0.009226853907153833
1.3293650793650793,0.09810669062027909,0.017103309273401666
1.3333333333333333,0.13730181271820377,0.003667274033562574
1.3373015873015872,0.1950244865238464,0.01171821594601274
1.3412698412698412,0.19768782055962528,-0.004020488682949996
1.3452380952380951,0.1519097790636068,0.01842469762649029
1.349206349206349,0.13621701165497155,0.002138804337904058
1.353174603174603,0.2739456335688192,-0.013756717217983567
1.357142857142857,0.18761626665066478,-0.003531857412515287
1.361111111111111,0.19415458284863124,0.0045873467477434895
1.3650793650793651,0.18719817474481162,0.004431680682375519
1.369047619047619,0.17796940781759496,-0.013283580851093744
1.373015873015873,0.18424324212192317,-0.02126764743135916
1.376984126984127,0.166410605243986,-0.011365073967359024
1.380952380952381,0.13194910430603415,0.007490415773398702
1.3849206349206349,0.18089913570127747,-0.015273476368028387
1.3888888888888888,0.09312606882587199,0.0055795112367072455
1.3928571428571428,0.11001553290461062,0.0028255073832483286
1.3968253968253967,0.08989556187427705,-0.003556966622152596
1.4007936507936507,0.07710283049782451,-0.0031548969418938584
1.4047619047619047,0.17646188715785552,0.0008455448672922785
1.4087301587301586,0.1265522523575545,0.010262132834319005
1.4126984126984126,0.1646662466089126,0.006499830325049112
1.4166666666666665,0.1125231540773521,0.0008503979871422524
1.4206349206349205,0.08229721789411389,0.004810472526947161
1.4246031746031744,0.05260288464881671,-0.0011599510239498978
1.4285714285714284,0.06800735199515005,0.0026272951979873916
1.4325396825396826,0.053103391556115445,-0.004780549001014367
1.4365079365079365,0.05572909236734994,0.0031743706076814266
1.4404761904761905,0.0611222052197736,0.0021160743458632026
1.4444444444444444,0.05763027846737149,-6.154813771932176e-05
1.4484126984126984,0.07259609478041636,0.0035401375510153697
1.4523809523809523,0.08079183302011787,-0.000820617723849524
1.4563492063492063,0.0698833643101908,0.009246083863773695
1.4603174603174602,0.060594021790472165,0.0011872170946659612
1.4642857142857142,0.08599182035852483,-0.002296962117712366
1.4682539682539681,0.09851883586945244,-0.0025726321084183676
1.472222222222222,0.10111575764991781,0.0005918490212775895
1.476190476190476,0.18175170083000813,-0.011729603646842359
1.48015873015873,0.13007053246646397,-0.007546272870155523
1.484126984126984,0.10444366798785164,-0.008334706260110717
1.488095238095238,0.08315519524657494,0.005760348181100603
1.492063492063492,0.05944176051391825,0.00032896826314175915
1.496031746031746,0.09885523217252436,-0.005043840468554053
1.5,0.07426773158210012,-0.006144954391550211
1.503968253968254,0.10252532247444884,-0.009134939701410699
1.507936507936508,0.05600380848326093,-0.0038485243887826565
1.5119047619047619,0.05434796508314743,0.00994755051833188
1.5158730158730158,0.04288298476331184,-0.0029116410456456166
1.5198412698412698,0.045046588608856554,2.1626320484347417e-05
1.5238095238095237,0.05608313428576011,-0.0010272881146774799
1.5277777777777777,0.0686622006481831,-0.0012814612974260797
1.5317460317460316,0.05764523935237153,0.00025070248736359317
1.5357142857142856,0.05391448498628365,-0.004799529015137292
1.5396825396825395,0.030893606568520672,-0.0018645049245016904
1.5436507936507935,0.03300334169736171,-0.0026964270742729154
1.5476190476190474,0.027442762096359916,-0.00046043205485836117
1.5515873015873014,0.02917107205356244,-0.0007013125776257522
1.5555555555555554,0.020832175814002055,-0.0017217295051742015
1.5595238095238095,0.011097466578638353,0.0009453733439013269
1.5634920634920635,0.007930450471479823,-0.0010499194147783957
1.5674603174603174,0.0044919187811848435,-0.0003579238706983706
1.5714285714285714,0.0032397536836614813,-7.5976860198e-05
1.5753968253968254,0.010991448162505236,0.0008523703918213029
1.5793650793650793,0.01582941696655134,0.0009028469656519808
1.5833333333333333,0.019436009855293677,0.0026137314485894085
1.5873015873015872,0.014949363224311696,0.0012349433958722246
1.5912698412698412,0.014898070591119328,0.000246483947778155
1.5952380952380951,0.012200257553536813,0.00023281235002278018
1.599206349206349,0.00695140167486044,-0.0007360602869145077
1.603174603174603,0.00959237061881778,2.598054808792628e-05
1.607142857142857,0.006984514022978928,-0.00016256424039827846
1.611111111111111,0.014992918359263108,1.0997656300926516e-05
1.615079365079365,0.014285223714524582,-0.000364957764903984
1.619047619047619,0.017445854776420508,0.0016599187620100553
1.623015873015873,0.017765531709836857,0.0015878554076345724
1.626984126984127,0.0181285794361889,0.0007129004864671579
1.630952380952381,0.022043662698162204,0.0005447458802939077
1.6349206349206349,0.021743541865147556,-0.0006187908594808973
1.6388888888888888,0.010624030416887502,2.181488693539369e-05
1.6428571428571428,0.010104551692648414,-0.00023104880044420877
1.6468253968253967,0.011094970083919787,-0.0005920625933671366
1.6507936507936507,0.013968272592775539,-0.0005404791502445903
1.6547619047619047,0.012590989934491724,-0.0009866600182953178
1.6587301587301586,0.011470381804946682,-0.0004567849790289285
1.6626984126984126,0.019489686613981105,0.002243800467675573
1.6666666666666665,0.02419922325095171,-1.9183106343827383e-06
1.6706349206349205,0.028687490883942193,0.001230671727810257
1.6746031746031744,0.018303657508433685,-5.3886518888687984e-05
1.6785714285714284,0.017715687941737127,0.0015496370375401676
1.6825396825396823,0.021916625919460354,-0.000841200225157409
1.6865079365079365,0.03193012954180693,0.0003683358333301976
1.6904761904761905,0.02767099278076884,0.0006140903527509679
1.6944444444444444,0.022493926853119375,-0.003313147029011398
1.6984126984126984,0.033773602973488435,-0.0022913596913320426
1.7023809523809523,0.04088382943579527,0.0013771337759619156
1.7063492063492063,0.05861401479859499,-0.0009755687685928048
1.7103174603174602,0.02989941719327929,-0.0024768876592873254
1.7142857142857142,0.022755654056208646,0.0002052425554592955
1.7182539682539681,0.019409608323761127,-0.0021834023837928327
1.722222222222222,0.027557529372745183,0.0019781419988296307
1.726190476190476,0.040213319838909745,9.077412733376881e-05
1.73015873015873,0.03666699954250749,-0.0007864836813238549
1.734126984126984,0.024655859623158333,-0.000676946483105716
1.738095238095238,0.02195032296837527,0.0017125440743598393
1.7420634920634919,0.025761416061588667,-0.0022857314317576804
1.746031746031746,0.01307566500540775,0.00046134600747423966
1.75,0.011366226360671479,0.00047974456658145346
1.753968253968254,0.010699934304726886,2.8157468331632195e-05
1.757936507936508,0.005770434913935866,-0.00016551999739329527
1.7619047619047619,0.006320560125746111,0.0005483678896059841
1.7658730158730158,0.004858679549164159,0.00031045489431060077
1.7698412698412698,0.006100153534763108,6.631900882585736e-05
1.7738095238095237,0.005892353180195746,0.0005940026133909829
1.7777777777777777,0.0031989815596655292,9.415732621748238e-05
1.7817460317460316,0.0019795304974251637,-0.00019940668275196267
1.7857142857142856,0.0014868477269316934,9.255142322460413e-05
1.7896825396825395,0.0021691243326899673,-0.00019156262651308758
1.7936507936507935,0.00212007057755866,-5.994200209968486e-05
1.7976190476190474,0.0012351430357798474,5.606806430749091e-05
1.8015873015873014,0.0027691709661526575,4.24354690062541e-06
1.8055555555555554,0.004572715964474473,-0.00010609373875369872
1.8095238095238093,0.005019891481994264,2.2250378663237446e-05
1.8134920634920635,0.003496342802256442,-0.00013899161692408523
1.8174603174603174,0.004443431444194134,-0.0001522513281948535
1.8214285714285714,0.0033612696447229366,0.0003044375546680126
1.8253968253968254,0.0027984945854397816,-0.00013674328682523662
1.8293650793650793,0.003395171618045346,-7.753168754053931e-05
1.8333333333333333,0.0024215506719447374,-8.08600290442629e-05
1.8373015873015872,0.0015964340620695729,9.341186945702998e-05
1.8412698412698412,0.0008308208570141697,-5.511099854706672e-05
1.8452380952380951,0.00036758394178683303,5.679224543421133e-06
1.849206349206349,0.0003128414407334864,1.2592344373889596e-05
1.853174603174603,0.00020224589982726347,3.3748431755646943e-06
1.857142857142857,0.00020754290318923297,6.8679094275862174e-06
1.861111111111111,0.00021996456158910615,-4.018912202793452e-06
1.865079365079365,0.00018670373003302682,-4.5620660205389415e-06
1.8690476190476188,0.00036724590805018115,6.404014105640224e-07
1.873015873015873,0.00028963785114025407,-1.6744623651715337e-05
1.876984126984127,0.00041461084391336507,7.34628479851633e-06
1.880952380952381,0.000262954569606051,1.6059440825690614e-05
1.8849206349206349,0.0002942924065507806,-5.030093234520312e-07
1.8888888888888888,0.0004352860222707901,-2.023608084497409e-05
1.8928571428571428,0.0004505619140988766,8.034166033778378e-06
1.8968253968253967,0.0010055928803507166,2.0111353441694522e-05
1.9007936507936507,0.0006728951738574915,5.312591435598759e-05
1.9047619047619047,0.0009561582280943148,7.912162211533827e-05
1.9087301587301586,0.0008181751411325486,0.00011832837936404175
1.9126984126984126,0.0006938537356849686,5.4541434788573836e-05
1.9166666666666665,0.0004582933442604083,2.137882785336849e-05
1.9206349206349205,0.00020858001787850335,4.220697692553067e-06
1.9246031746031744,0.0001768208082039111,-3.144275022545903e-05
1.9285714285714284,0.00013858519495221376,-1.913224421004769e-07
1.9325396825396823,9.56800881346371e-05,-1.863022469976529e-07
1.9365079365079363,6.901998745082386e-05,6.459253624088995e-07
1.9404761904761905,9.118582407488498e-05,-8.830189980665728e-07
1.9444444444444444,7.334034460405124e-05,-5.281821696626754e-06
1.9484126984126984,0.00011031805488896745,1.4410037308292218e-06
1.9523809523809523,0.0001260684890314708,4.106667078134316e-07
1.9563492063492063,6.51706079410175e-05,3.1459028364675943e-06
1.9603174603174602,5.919225278345744e-05,-2.032794006423867e-06
1.9642857142857142,3.105763130601003e-05,4.6851002103320555e-06
1.9682539682539681,3.3825101969731435e-05,-5.955144026153926e-07
1.972222222222222,2.4570152517773896e-05,-7.659279961024531e-07
1.976190476190476,1.3137286654632758e-05,3.652944726097565e-08
1.98015873015873,1.966971121107902e-05,1.2041852218635384e-07
1.984126984126984,1.78532329038258e-05,4.143082366539614e-07
1.988095238095238,1.5779719108993194e-05,-2.800336936290173e-07
1.9920634920634919,2.2689187426268816e-05,-1.5892587241326957e-06
1.9960317460317458,1.4360359189481616e-05,-7.596690268227151e-07
2.0,1.6406537665931317e-05,-3.779473748564279e-07
2.003968253968254,2.8684207568678237e-05,-1.522726358229196e-06
2.007936507936508,2.4645514692796838e-05,1.3991710181210304e-06
2.011904761904762,2.2781046650084804e-05,-1.151270616859812e-06
2.015873015873016,2.5665483587363583e-05,-3.0034134840700154e-06
2.0198412698412698,3.727001832902297e-05,9.77607284024545e-07
2.0238095238095237,6.0076619271620236e-05,3.4973936500034193e-06
2.0277777777777777,6.620940905473764e-05,4.191521270350592e-06
2.0317460317460316,5.875832444892975e-05,4.025700046397655e-06
2.0357142857142856,5.762512939622364e-05,-6.62787933249375e-06
2.0396825396825395,4.769421628298635e-05,-2.5063404558595774e-06
2.0436507936507935,1.8876907638882533e-05,5.340141223451863e-07
2.0476190476190474,1.3461723829530712e-05,-1.641551860049758e-06
2.0515873015873014,1.5688562889183445e-05,3.928815225632116e-07
2.0555555555555554,1.5892927564611694e-05,3.525444347740405e-07
2.0595238095238093,1.2126340925005761e-05,-3.2972700873736577e-07
2.0634920634920633,5.886532552905157e-06,2.094301362805829e-07
2.067460317460317,6.054781391219605e-06,4.3332290267107007e-07
2.071428571428571,8.369403080653623e-06,-2.349074888602072e-07
2.075396825396825,1.4428844420590786e-05,-7.382605731736281e-07
2.079365079365079,1.0935475795261222e-05,-4.7433510864994997e-07
2.083333333333333,1.2488661442769115e-05,-5.965352418022777e-07
2.087301587301587,1.0271093025266722e-05,9.579214817853334e-07
2.091269841269841,7.2454987882341315e-06,3.632626917291125e-07
2.095238095238095,7.996928491736981e-06,3.1742178694157634e-07
2.0992063492063493,8.685109585011842e-06,-7.937577154818739e-07
2.1031746031746033,1.3719260169445204e-05,-6.199317148112919e-07
2.107142857142857,2.0709019135333805e-05,1.3651600376894165e-06
2.111111111111111,3.317757921730772e-05,-2.0173018654164717e-06
2.115079365079365,2.077814617982827e-05,-1.2346655138540103e-06
2.119047619047619,2.2972098098625712e-05,6.448170129269963e-07
2.123015873015873,3.5714881205238306e-05,3.6894097206885314e-07
2.126984126984127,3.0130765486202418e-05,-8.354869349721064e-07
2.130952380952381,4.664457052858142e-05,-1.5843387443906867e-06
2.134920634920635,7.210840736427341e-05,7.705049000280894e-06
2.138888888888889,4.304418175029087e-05,1.5413579802888874e-06
2.142857142857143,3.892688265855678e-05,1.7017107327763302e-06
2.1468253968253967,6.381437073698916e-05,-7.195010959013288e-07
2.1507936507936507,6.214236855396777e-05,-4.658012374299092e-07
2.1547619047619047,5.277407890443381e-05,5.674047352412836e-06
2.1587301587301586,8.330137142254289e-05,-4.23891189153646e-06
2.1626984126984126,6.393856554763835e-05,6.843557908376905e-06
2.1666666666666665,8.724252760067203e-05,5.4992883922807265e-06
2.1706349206349205,0.00019148521151981745,-1.7653292900293925e-06
2.1746031746031744,0.0001901153231897705,-1.388398039888e-06
2.1785714285714284,0.0001294341693563061,1.4912863652450084e-05
2.1825396825396823,6.416857641680434e-05,5.93941433617381e-06
2.1865079365079363,2.9685887265864727e-05,1.5423367248143731e-06
2.1904761904761902,4.7565744050072364e-05,-5.664286462092869e-06
2.194444444444444,2.5950844341186707e-05,3.1821255145074935e-07
2.198412698412698,2.6036086969434227e-05,4.876782149208035e-06
2.202380952380952,3.2037721041629e-05,8.476240354976182e-07
2.206349206349206,2.7808681675522096e-05,-1.0320812192633339e-06
2.21031746031746,3.107034995597399e-05,6.850151695006471e-07
2.214285714285714,2.8939154379713716e-05,3.5358858954511603e-06
2.218253968253968,4.3424489691001774e-05,6.51021263085769e-06
2.2222222222222223,3.892669318515989e-05,8.599627139176919e-07
2.2261904761904763,5.51594547089496e-05,6.360550664112883e-07
2.2301587301587302,4.8461644848584905e-05,1.7032323976836572e-07
2.234126984126984,3.2245806280874145e-05,2.1092886768401943e-06
2.238095238095238,1.5112315777818142e-05,9.57633047461461e-07
2.242063492063492,1.2848258596849649e-05,8.683850612658177e-07
2.246031746031746,3.356433680459848e-05,3.231274986046126e-08
2.25,7.355635484292774e-05,-3.132174560210637e-06
2.253968253968254,5.306764551940295e-05,-2.0643095957933574e-06
2.257936507936508,5.558530185356207e-05,-3.0252558149641874e-06
2.261904761904762,6.236058200837866e-05,3.4131899274371306e-06
2.265873015873016,9.035355131457835e-05,6.469747521653815e-06
2.2698412698412698,8.238380856935195e-05,1.9212659982797227e-06
2.2738095238095237,0.0001339230741702851,3.7690987517927422e-06
2.2777777777777777,0.00020837564341375572,-1.129641513259503e-05
2.2817460317460316,0.0003237663891932662,-1.0983614558350508e-05
2.2857142857142856,0.0002148348379685293,2.831424074370954e-06
2.2896825396825395,0.00016336343071186345,-1.4417909732472542e-05
2.2936507936507935,0.00015462478726468925,-1.3878774738959873e-05
2.2976190476190474,0.00010144020583780457,-7.930118515913766e-07
2.3015873015873014,5.8011577334129204e-05,4.0380034441698135e-06
2.3055555555555554,6.1792517068144e-05,-2.1132063351759916e-06
2.3095238095238093,7.966489656724894e-05,4.337234354603511e-06
2.3134920634920633,6.014111612475319e-05,6.583297503828528e-06
2.317460317460317,6.0280085445294136e-05,4.887542394629363e-06
2.321428571428571,5.31682643838195e-05,2.5040673037710803e-06
2.325396825396825,4.412610990977528e-05,-3.9630594711707714e-06
2.329365079365079,3.952405500557443e-05,-2.2435581174558863e-07
2.333333333333333,3.878541058958626e-05,-4.6286106480515035e-06
2.337301587301587,2.9328699967940527e-05,-2.6801662481988204e-06
2.341269841269841,3.865215541761176e-05,2.978863507791292e-06
2.345238095238095,3.959502011446003e-05,2.7669873212566052e-06
2.349206349206349,2.6578418249827782e-05,-3.0334377301742884e-06
2.3531746031746033,2.5393825638562888e-05,-3.8055420238504294e-06
2.357142857142857,1.90112255540674e-05,7.56116822473087e-07
2.361111111111111,2.3954706016218407e-05,5.768378147720237e-07
2.365079365079365,3.656757240313374e-05,4.4856130006726526e-07
2.369047619047619,6.685351374389525e-05,6.49967005627209e-06
2.373015873015873,4.248988680556828e-05,-3.4615709574084846e-06
2.376984126984127,6.744914397290719e-05,6.498597143958054e-06
2.380952380952381,4.973306837959272e-05,4.552843224485596e-06
2.384920634920635,5.4602600251719094e-05,-1.8587666979731863e-06
2.388888888888889,8.514773871900845e-05,-8.26404291634552e-06
2.392857142857143,8.485757735531165e-05,1.9298045937204784e-06
2.3968253968253967,5.923986528038307e-05,1.0167095960699222e-06
2.4007936507936507,5.474928709183453e-05,-1.0357663764506138e-06
2.4047619047619047,8.427937103006641e-05,1.2302220312715159e-05
2.4087301587301586,0.00011679158737080931,4.49001414452903e-06
2.4126984126984126,0.00017586110665592582,-4.798438446574712e-06
2.4166666666666665,0.00015517957080700092,-6.4518038553270715e-06
2.4206349206349205,0.00011838986440799273,6.447656345418137e-06
2.4246031746031744,0.0001007124437848593,-6.414364924961146e-06
2.4285714285714284,8.910961759929918e-05,-2.5530519797791277e-06
2.4325396825396823,9.669916744475262e-05,2.9989497649212164e-06
2.4365079365079363,0.0001384319640628005,6.556404662988215e-06
2.4404761904761902,0.0002908526577848518,-2.30932873626556e-05
2.444444444444444,0.0002670364386346826,-3.1563643671452065e-05
2.448412698412698,0.00014171326553250526,4.692572350311785e-06
2.452380952380952,0.00026120918552485404,-1.7978810608491446e-05
2.456349206349206,0.0002715309071665718,-3.7103671611691053e-06
2.46031746031746,0.00022787916494792037,7.887959694923414e-06
2.464285714285714,0.00023526633756570145,3.704680547834795e-06
2.468253968253968,0.000249731952217759,-1.5932516920895143e-05
2.472222222222222,0.00016987324698247502,-4.7514520925383526e-06
2.4761904761904763,0.00012490984680647404,9.52199727486877e-06
2.4801587301587302,0.00010475098238137874,4.6945323065529913e-07
2.484126984126984,0.00012282299243916194,8.89720131298934e-06
2.488095238095238,0.00012358271605365038,-2.7973397318968945e-06
2.492063492063492,0.00010917834913231101,4.286551224642717e-06
2.496031746031746,9.358630677834126e-05,2.746622608380319e-07
2.5,5.818741574519505e-05,2.3227494270196453e-06
2.503968253968254,5.2977232785947566e-05,-1.2889635153791226e-06
2.507936507936508,4.6411202366840434e-05,2.0277955068380018e-06
2.511904761904762,5.9492471866146436e-05,-2.096570295636119e-06
2.515873015873016,4.382451522831146e-05,-2.218782104600829e-06
2.5198412698412698,2.817070978755443e-05,3.6058468080062166e-06
2.5238095238095237,3.404461848687084e-05,-2.1064786467525434e-06
2.5277777777777777,4.696220911061107e-05,1.3924761402732391e-06
2.5317460317460316,4.590761966028559e-05,-4.3424187280226246e-06
2.5357142857142856,5.119803129981902e-05,-2.4335872378716656e-06
2.5396825396825395,4.9282273398263765e-05,-1.842196697820229e-06
2.5436507936507935,6.470368935624302e-05,-3.9948681227646275e-08
2.5476190476190474,9.43217574390184e-05,4.897095261809138e-06
2.5515873015873014,7.833405583182057e-05,9.082056052874768e-07
2.5555555555555554,8.67129855832255e-05,-3.317856918580296e-06
2.5595238095238093,0.00010692541561679572,6.38492963094977e-06
2.5634920634920633,0.00014722016591979043,1.7780996741480078e-06
2.567460317460317,0.0001445164822563364,9.641239491165075e-06
2.571428571428571,0.00016672068054672816,2.5439211902035352e-05
2.575396825396825,0.00014661205913620915,1.9012432844862907e-06
2.579365079365079,0.00014234221216785037,6.098436558206907e-06
2.583333333333333,8.65538019936468e-05,1.6341830949662103e-08
2.587301587301587,8.278945407451668e-05,-2.3223047653738202e-06
2.591269841269841,3.76294593601089e-05,2.949385755390512e-06
2.595238095238095,6.0787499207505905e-05,-1.3335583906790069e-06
2.599206349206349,4.557058082318796e-05,-3.55691646809479e-06
2.603174603174603,2.980681190698205e-05,3.948728748733475e-06
2.607142857142857,2.1000229771597482e-05,1.8288784289100624e-07
2.611111111111111,1.3161609250979116e-05,-4.79402817034456e-07
2.615079365079365,1.2918855091697504e-05,-1.5555204916863934e-07
2.619047619047619,1.7217629254302955e-05,-1.138568994541441e-06
2.623015873015873,1.7396604967793154e-05,1.778214280286636e-07
2.626984126984127,2.4852632085937924e-05,-8.838049005200959e-07
2.630952380952381,5.164086163155407e-05,-1.5750690630603004e-06
2.634920634920635,8.415573332865051e-05,-1.5989942590714482e-06
2.638888888888889,0.00016202079075089746,1.0508204399218191e-05
2.642857142857143,0.00010273076308855091,-7.373259733807135e-06
2.6468253968253967,0.00018953438705398968,1.3205037372649026e-05
2.6507936507936507,0.00036989544896287466,-4.378248152103197e-06
2.6547619047619047,0.0004919101423710425,-5.224802646717912e-06
2.6587301587301586,0.0003833525422153172,1.3937866277771896e-05
2.6626984126984126,0.000540496882264762,-2.30268237456884e-05
2.6666666666666665,0.0003209468607602551,5.090684927562208e-06
2.6706349206349205,0.0006186941760897343,4.0699629447101935e-05
2.6746031746031744,0.0010951870834015694,7.383588915851025e-07
2.6785714285714284,0.0017106012721045901,1.0175384175272574e-05
2.6825396825396823,0.0015664068615670575,-5.3806841445833474e-05
2.6865079365079363,0.0017428715453459262,6.523622289071829e-07
2.6904761904761902,0.00195270748552509,6.80720972303127e-05
2.694444444444444,0.003390485289041354,-7.752583207528422e-05
2.698412698412698,0.0027756377433043747,-7.531020827595152e-05
2.702380952380952,0.0026496885311083386,-0.00013951093790352413
2.706349206349206,0.002161728086737954,0.00012811484289348344
2.71031746031746,0.0010478332841441789,5.344106479963238e-05
2.714285714285714,0.0012082476657211752,0.00011669660267154155
2.718253968253968,0.0011592156741370167,2.8983199817161786e-05
2.722222222222222,0.0009607172672351351,-3.7946317681247024e-06
2.726190476190476,0.0003864001571013339,-1.2079786779244193e-06
2.7301587301587302,0.0005869181674619618,8.98719477974879e-06
2.734126984126984,0.0004399862605756078,1.9305511499669808e-05
2.738095238095238,0.0005605931305631906,1.0311335244638177e-06
2.742063492063492,0.0004164926646680125,-7.963035856922832e-06
2.746031746031746,0.000373391853235842,2.4239898304852676e-05
2.75,0.00042861300366076207,2.988341144719021e-05
2.753968253968254,0.00027573958101437853,9.930634736621961e-06
2.757936507936508,0.0002622366622533748,-1.4771857711937636e-06
2.761904761904762,0.00027723544708403285,-7.766586320346476e-06
2.765873015873016,0.00018478017591428106,6.564142288579664e-06
2.7698412698412698,0.00013839847491942263,-8.232776148836382e-06
2.7738095238095237,0.0001201243042479556,3.049031196747412e-06
2.7777777777777777,0.00010796741698334773,1.521985981528636e-05
2.7817460317460316,8.70358219550587e-05,-4.2104545384729833e-07
2.7857142857142856,7.157242612021916e-05,1.2166250249319995e-06
2.7896825396825395,9.288200450895851e-05,-1.502649442834422e-07
2.7936507936507935,0.00011046729341082267,-9.33676321189779e-06
2.7976190476190474,0.00011289167445264037,-6.3185495461932985e-06
2.8015873015873014,0.00012629068279293573,1.0579888388077849e-05
2.8055555555555554,0.00012678855256356998,-3.521292298926137e-06
2.8095238095238093,0.0001171723827477261,9.844184470211824e-06
2.8134920634920633,0.00012170453453135547,1.1163159270591932e-05
2.817460317460317,0.0001803605474829847,1.998513356792711e-05
2.821428571428571,0.0002055880569876985,-1.3210231006813771e-05
2.825396825396825,0.00016883955165986257,2.345822506376662e-06
2.829365079365079,0.00021035592878780043,2.3773735104610586e-05
2.833333333333333,0.00011021149300450715,3.219442732788229e-06
2.837301587301587,0.00010486073861223525,-9.674831523813647e-07
2.841269841269841,0.00012656589820363,5.7085297237083686e-06
2.845238095238095,0.00012788704929971568,4.257360032200003e-07
2.849206349206349,9.033652404137977e-05,-3.3972676088385007e-06
2.853174603174603,7.705439014700808e-05,-6.924334322325981e-06
2.8571428571428568,9.145269645089971e-05,3.1311284942821626e-06
2.861111111111111,7.820030183504847e-05,-2.881689626286806e-08
2.865079365079365,6.447778842848179e-05,7.154568081741055e-06
2.869047619047619,3.859706952894949e-05,3.395879497852457e-06
2.873015873015873,5.629076230111936e-05,5.117955833183352e-07
2.876984126984127,5.644167084363873e-05,-1.8378341380289634e-06
2.880952380952381,5.965970490271122e-05,-2.4244912382519665e-06
2.884920634920635,4.513593008729542e-05,4.206748287302642e-06
2.888888888888889,5.1882661887760545e-05,6.4559675328794236e-06
2.892857142857143,4.395990486556999e-05,1.3257415802847493e-06
2.8968253968253967,4.331479995428363e-05,-4.386828488243024e-06
2.9007936507936507,1.979056018307855e-05,1.109273158827063e-06
2.9047619047619047,2.7350136597900065e-05,4.94723323217443e-07
2.9087301587301586,3.1395316697983586e-05,-1.5623904174474188e-06
2.9126984126984126,2.6921906088791388e-05,9.640793008855095e-07
2.9166666666666665,1.293771897099963e-05,-8.845928150166039e-07
2.9206349206349205,1.658083026634665e-05,-8.053822912811953e-07
2.9246031746031744,2.894090787563852e-05,1.1010052490051864e-06
2.9285714285714284,2.818162575827699e-05,6.910157864236768e-07
2.9325396825396823,3.160808554376399e-05,-2.7988324178918465e-06
2.9365079365079363,2.3103040980350863e-05,3.0296025735290878e-06
2.9404761904761902,3.0233468334471688e-05,1.7946364008158632e-06
2.944444444444444,2.4108708423277404e-05,-3.1618971496747764e-07
2.948412698412698,2.202896626002403e-05,-6.92346049562533e-07
2.952380952380952,2.0817596417105848e-05,-7.165242920776477e-07
2.956349206349206,3.181472619381153e-05,-2.650279236992588e-06
2.96031746031746,2.3604240928586363e-05,1.088355563068557e-07
2.964285714285714,1.8958826495719015e-05,2.765884448693477e-07
2.968253968253968,2.36354205676264e-05,9.061812255782869e-07
2.972222222222222,1.644804645136717e-05,-5.93596120480273e-07
2.976190476190476,2.03409437897039e-05,3.454399622620059e-07
2.98015873015873,1.5497436941244485e-05,1.8231970342921979e-09
2.984126984126984,1.4951968564147003e-05,3.971896392086823e-07
2.988095238095238,1.3212894719081831e-05,-3.899272803186993e-07
2.992063492063492,5.978490160898964e-06,5.803516907250345e-07
2.996031746031746,7.216605044800179e-06,1.626896161504907e-07
3.0,8.253197839152718e-06,-2.935290922898077e-07
3.003968253968254,9.646313072500362e-06,3.3714378171239983e-07
3.007936507936508,9.635982118565034e-06,6.904728639167447e-08
3.011904761904762,1.616543111058504e-05,7.837594154330341e-07
3.015873015873016,1.0154221901416775e-05,1.0814792202440943e-06
3.0198412698412698,7.049730033056304e-06,-4.350651475040494e-07
3.0238095238095237,6.178334466438227e-06,-3.313898253352448e-09
3.0277777777777777,9.013822434161676e-06,3.9984826304926933e-07
3.0317460317460316,1.1962343888480414e-05,6.041591839589888e-07
3.0357142857142856,8.959498628630736e-06,4.91497076797226e-07
3.0396825396825395,6.259366490815819e-06,5.222036575194596e-07
3.0436507936507935,4.7835462948954015e-06,4.2953274134374844e-08
3.0476190476190474,4.541566813081929e-06,3.1100878575334344e-07
3.0515873015873014,4.240926611658181e-06,9.863714601089892e-08
3.0555555555555554,5.14324350611235e-06,-1.551809596553047e-07
3.0595238095238093,7.075553590546975e-06,7.382434920209616e-07
3.0634920634920633,4.789385198663708e-06,-3.7214139830569767e-07
3.067460317460317,6.497065878693528e-06,-3.4185948285992425e-07
3.071428571428571,6.09297664504226e-06,-7.810721798329137e-08
3.075396825396825,6.916781092734115e-06,-7.327924344442086e-07
3.079365079365079,1.2446225120112121e-05,1.39776277382301e-06
3.083333333333333,1.3296603505189148e-05,3.461277962292121e-07
3.087301587301587,1.578753495955019e-05,-7.267761270236832e-07
3.091269841269841,1.047933902131668e-05,3.4625247039444835e-07
3.095238095238095,8.895534050357216e-06,1.3099190540040302e-07
3.099206349206349,6.029260760751601e-06,8.37087244083795e-07
3.103174603174603,6.981687163750414e-06,-2.3681501967819343e-07
3.1071428571428568,9.310819513762533e-06,1.1565125200290993e-06
3.1111111111111107,7.832700539363305e-06,-3.3925248132573814e-07
3.115079365079365,8.85199019000624e-06,3.7786542829851015e-07
3.119047619047619,5.300324769553621e-06,2.901732721055755e-07
3.123015873015873,7.5740156995962546e-06,4.488628135020088e-07
3.126984126984127,8.30347427435662e-06,1.3008411509106013e-07
3.130952380952381,9.32755566899663e-06,-2.522175270379799e-07
3.134920634920635,6.680724737267666e-06,-1.2475025167174134e-07
3.138888888888889,8.874199342911015e-06,2.9329308336615032e-08
3.142857142857143,8.879781248116449e-06,3.5469228738832347e-07
3.1468253968253967,5.349393762071251e-06,7.513579021014422e-07
3.1507936507936507,6.339959634347606e-06,-4.17289723189839e-08
3.1547619047619047,5.6372668654000585e-06,4.809148574877957e-07
3.1587301587301586,5.780123341850387e-06,3.5272919994961733e-07
3.1626984126984126,4.428980249219989e-06,-1.2462038707719621e-07
3.1666666666666665,6.988851197743991e-06,1.7676410861576198e-07
3.1706349206349205,8.84646877273525e-06,3.906782502401119e-07
3.1746031746031744,1.0231756395325508e-05,-9.852356244607918e-07
3.1785714285714284,8.062219938819925e-06,3.423186558921279e-07
3.1825396825396823,9.376511052115312e-06,-8.591651552207725e-07
3.1865079365079363,1.408479790593073e-05,-2.763792864454756e-07
3.1904761904761902,1.8338266610805434e-05,-9.488197127139213e-07
3.194444444444444,1.7805026358533784e-05,5.979392837017561e-07
3.198412698412698,1.601431628079758e-05,-1.8768378679652725e-07
3.202380952380952,1.362526278308188e-05,3.760662999512186e-09
3.206349206349206,1.546086947942669e-05,-5.801749077360226e-07
3.21031746031746,1.7604275933978198e-05,-3.118264775291015e-07
3.214285714285714,1.849442262719682e-05,-1.5201102229164813e-06
3.218253968253968,3.8024798312204727e-05,1.2671763242135067e-06
3.222222222222222,4.2108605388656364e-05,2.0961778317582504e-06
3.226190476190476,4.971841998702222e-05,3.788392555248223e-06
3.23015873015873,4.855441530907073e-05,-5.934472506042261e-07
3.2341269841269837,3.078194032912838e-05,-2.4238520336642874e-06
3.238095238095238,2.2133104241494546e-05,9.913875975433409e-07
3.242063492063492,1.3076098198672265e-05,2.4326113032839985e-07
3.246031746031746,1.0602066291602905e-05,2.7887541427468787e-07
3.25,1.1207632681242987e-05,1.8588087845341534e-06
3.253968253968254,9.091730741422562e-06,-5.358150049247353e-07
3.257936507936508,6.38671620806617e-06,-9.19864456824627e-08
3.261904761904762,1.083919851628396e-05,4.427522193250781e-07
3.265873015873016,1.3300628984236748e-05,-4.079413287126625e-07
3.2698412698412698,1.5628405560902275e-05,-3.460827805498508e-07
3.2738095238095237,2.253449682158027e-05,-1.0714742444183085e-06
3.2777777777777777,2.6027877713005154e-05,6.999791112428449e-07
3.2817460317460316,2.1232312425492313e-05,-1.6751387442263043e-06
3.2857142857142856,2.352548668311521e-05,2.4100190215708664e-06
3.2896825396825395,2.2994372672493255e-05,-1.9926568019218623e-06
3.2936507936507935,4.1120201895491034e-05,-3.1615274181761755e-06
3.2976190476190474,4.134978134667479e-05,-2.919887837987798e-07
3.3015873015873014,2.594723264187451e-05,6.723511174035318e-07
3.3055555555555554,3.9437323337111475e-05,2.783487692343721e-06
3.3095238095238093,3.993601338296194e-05,4.87620545731236e-06
3.3134920634920633,2.6685594270362262e-05,-4.889277197978099e-06
3.317460317460317,2.1364193919638523e-05,6.094350287506227e-07
3.321428571428571,2.3718036593126375e-05,1.435080718059337e-06
3.325396825396825,4.251546264459938e-05,1.2056347822699337e-07
3.329365079365079,4.5875996404457536e-05,2.4721451613599773e-07
3.333333333333333,3.6858491481560404e-05,-1.9034658921735859e-06
3.337301587301587,3.808259151071383e-05,2.319992283207937e-06
3.341269841269841,7.35540594852122e-05,-1.093864242613309e-06
3.345238095238095,5.884601862050713e-05,-1.2468283105880036e-06
3.349206349206349,0.00010546763918749597,3.107964693044943e-06
3.353174603174603,0.00011560358915720783,-6.890715922798823e-06
3.3571428571428568,8.800284013237197e-05,8.466451442476453e-06
3.3611111111111107,8.792777137409894e-05,-8.274982129940591e-07
3.3650793650793647,7.155416188670245e-05,-3.4683649672307705e-06
3.369047619047619,4.339691717102686e-05,-4.571043527127014e-06
3.373015873015873,3.905445791288646e-05,-2.0258290883457807e-06
3.376984126984127,1.5872633867813655e-05,1.2661638341003668e-06
3.380952380952381,2.8298792740686818e-05,1.980869094261652e-06
3.384920634920635,4.299346654372247e-05,-2.779741091324539e-06
3.388888888888889,4.0259034812346374e-05,2.5111855336541438e-06
3.392857142857143,4.7225097722642427e-05,-1.2678530337587238e-06
3.3968253968253967,3.8081182094163915e-05,-2.0326541192743605e-06
3.4007936507936507,2.4792185401720698e-05,6.761652981374528e-07
3.4047619047619047,2.0180310588046198e-05,6.010740786630104e-07
3.4087301587301586,1.4938562925553332e-05,-7.109775318813034e-07
3.4126984126984126,8.633380084515106e-06,-8.202388403717687e-07
3.4166666666666665,8.816922503977169e-06,8.60236634561752e-08
3.4206349206349205,6.057526895996773e-06,-8.962449483747344e-07
3.4246031746031744,7.67189896746239e-06,-3.237620282805514e-07
3.4285714285714284,1.1997857328860775e-05,-6.373519523639464e-07
3.4325396825396823,1.1425642038930914e-05,-8.105292216434079e-07
3.4365079365079363,6.576437828271444e-06,-6.258687482100663e-07
3.4404761904761902,4.068169121322127e-06,-1.5344066047137856e-07
3.444444444444444,5.7798645268825835e-06,-3.6140446578983354e-07
3.448412698412698,5.997675718493399e-06,-5.485743661839864e-08
3.452380952380952,3.6559538830030298e-06,1.763892214225828e-07
3.456349206349206,2.1058300349706914e-06,-1.0298435256525685e-07
3.46031746031746,2.0898488138322465e-06,-2.0884084206172207e-08
3.464285714285714,1.1932297317775144e-06,-3.97347361946538e-08
3.468253968253968,1.4103754164031776e-06,9.116961259536155e-09
3.472222222222222,1.4247729561262353e-06,-4.841124396771753e-08
3.476190476190476,1.909521994731083e-06,7.749230193439954e-08
3.48015873015873,2.007403162092802e-06,-2.0736073390907136e-08
3.4841269841269837,2.5596010156732845e-06,8.680713041193152e-08
3.4880952380952377,4.653130639732918e-06,-2.5014465060655306e-07
3.492063492063492,5.239139159131224e-06,-3.051624391610812e-07
3.496031746031746,5.139257507161907e-06,-3.228171613828746e-07
3.5,4.0305613152586775e-06,-1.5360017505160953e-07
3.503968253968254,3.609603527250915e-06,1.5402845110283631e-07
3.507936507936508,3.7522210082975002e-06,2.7045654057447573e-08
3.511904761904762,3.223852012916988e-06,-4.263370619225974e-08
3.515873015873016,2.4190051135222202e-06,1.2214644320569602e-08
3.5198412698412698,3.3496638509305625e-06,1.1136846593115706e-07
3.5238095238095237,3.247622335295298e-06,-2.2879698511112213e-07
3.5277777777777777,2.7556388675413633e-06,2.696269496363866e-07
3.5317460317460316,2.6484439526362434e-06,2.0180462418167413e-07
3.5357142857142856,3.1281078897321684e-06,1.1357500392964772e-07
3.5396825396825395,2.2937233126289283e-06,-1.1918698047181555e-07
3.5436507936507935,1.4239150176653524e-06,-1.5385976997972768e-07
3.5476190476190474,1.817123411882416e-06,-1.506175097253616e-07
3.5515873015873014,8.867806396941274e-07,-3.665924917631872e-08
3.5555555555555554,8.746401704409657e-07,-1.5385429793147826e-07
3.5595238095238093,1.1065087858973866e-06,-2.5985880708892567e-08
3.5634920634920633,1.281181566992029e-06,4.1260180425851596e-08
3.567460317460317,1.350636226359263e-06,4.3700308479237444e-08
3.571428571428571,1.0086818061675751e-06,-5.317252872356728e-08
3.575396825396825,1.039172579289541e-06,1.4143412687292378e-07
3.579365079365079,6.413629116166378e-07,3.036046682249844e-09
3.583333333333333,4.784145607313183e-07,4.625169691817185e-09
3.587301587301587,9.407065085140362e-07,-7.143279778361703e-08
3.591269841269841,9.87424125878594e-07,8.445242366869284e-08
3.595238095238095,3.7833177237012634e-07,-3.55411449102166e-08
3.599206349206349,4.2985701746847184e-07,2.194118134895059e-08
3.603174603174603,3.996799171329675e-07,-1.464548316731988e-08
3.6071428571428568,4.6458994344907443e-07,-8.865527587692181e-09
3.6111111111111107,5.122043792959793e-07,-9.036153065760758e-09
3.6150793650793647,3.5190002540422144e-07,-2.106377034773987e-08
3.6190476190476186,5.745951300085669e-07,-3.159980447644307e-08
3.623015873015873,9.61644833663683e-07,1.0847470784849181e-07
3.626984126984127,1.5550141473814654e-06,1.72283194865491e-07
3.630952380952381,2.1707120718207195e-06,-6.142581916119365e-08
3.634920634920635,1.5427239007148295e-06,-1.6071802657647646e-08
3.638888888888889,1.212581472180261e-06,1.4241416932122853e-07
3.642857142857143,1.1042679916840867e-06,6.640861376638015e-08
3.6468253968253967,1.6672477607257441e-06,6.077082637892295e-08
3.6507936507936507,2.6192599049268767e-06,3.5657360263377034e-07
3.6547619047619047,2.8566076840320503e-06,-1.1203986659139129e-07
3.6587301587301586,3.468768033946903e-06,1.5317405354087665e-08
3.6626984126984126,3.072321735455022e-06,-1.3866003993559472e-07
3.6666666666666665,2.5232214041480973e-06,-1.91925740508121e-08
3.6706349206349205,3.227227191935126e-06,5.219249981435945e-08
3.6746031746031744,4.29437971587768e-06,3.226215172951339e-07
3.6785714285714284,4.2743572167529275e-06,-4.857189624938384e-08
3.6825396825396823,4.5079261385946224e-06,4.1068539403238747e-07
3.6865079365079363,3.5205237977458073e-06,4.477069602148919e-07
3.6904761904761902,3.3685560657553785e-06,5.687587454892704e-09
3.694444444444444,2.8414907999359604e-06,1.2781739925251588e-07
3.698412698412698,2.2409063024035204e-06,-5.472278861816295e-08
3.702380952380952,1.4313167609199921e-06,1.5134814104261232e-08
3.706349206349206,1.3247638860158491e-06,2.1658480782027906e-07
3.71031746031746,1.735467673460389e-06,-8.982723564935133e-08
3.714285714285714,1.4370592886418707e-06,-1.410490729837479e-07
3.718253968253968,1.444074353798303e-06,7.5866821115016e-09
3.722222222222222,1.5061543220593348e-06,1.1162399964814759e-07
3.726190476190476,1.251027309265929e-06,-8.643900072290621e-08
3.73015873015873,1.8786135107864034e-06,3.8666561284747185e-08
3.7341269841269837,1.6227670887430685e-06,2.5632590399583586e-07
3.7380952380952377,1.6264325923858052e-06,3.931817760804115e-08
3.7420634920634916,2.5995520463501448e-06,2.10244411046436e-07
3.746031746031746,3.920147657289294e-06,-7.521592793571733e-08
3.75,3.448554747102916e-06,7.4215928622256e-08
3.753968253968254,3.239708036179566e-06,-9.43111668701609e-08
3.757936507936508,2.414439995468117e-06,-5.613962700131845e-08
3.761904761904762,1.9430887232713978e-06,1.1405330571672478e-07
3.765873015873016,1.6213865119680229e-06,-8.469239214964839e-08
3.7698412698412698,2.599781944031799e-06,3.395850330227821e-08
3.7738095238095237,1.7254473991916998e-06,-2.2074235870651808e-07
3.7777777777777777,1.583480812974263e-06,-1.0940990136084673e-08
3.7817460317460316,1.745980805512795e-06,-3.479804692057928e-08
3.7857142857142856,1.1427180066329165e-06,9.292532300434835e-08
3.7896825396825395,1.0447505268781697e-06,-3.3294062670675374e-08
3.7936507936507935,1.555177748180798e-06,-5.349705273883391e-09
3.7976190476190474,1.0769840309903373e-06,8.744959087217473e-08
3.8015873015873014,7.669473018184362e-07,-2.3984934181739295e-08
3.8055555555555554,4.303625838537841e-07,7.580715991977002e-10
3.8095238095238093,4.984121588290678e-07,1.7340077957768628e-08
3.8134920634920633,3.3913657054060057e-07,2.789288844977042e-08
3.817460317460317,2.762845854554624e-07,8.255928891690385e-09
3.821428571428571,3.0317915630905427e-07,1.610723591914886e-09
3.825396825396825,1.786711482284397e-07,5.381095598312369e-09
3.829365079365079,1.2251595747694034e-07,-2.0392163233860606e-09
3.833333333333333,1.6083633379083256e-07,-2.7057200448890835e-09
3.837301587301587,1.1946094038855647e-07,-6.505437641173284e-09
3.841269841269841,6.473608034393113e-08,-8.067053738583023e-09
3.845238095238095,7.9903880251049e-08,9.074522453116038e-09
3.849206349206349,8.057938782587973e-08,7.014945505183306e-09
3.853174603174603,1.4553051477955305e-07,5.020240407401095e-09
3.8571428571428568,1.6792482376196888e-07,5.103449823365108e-09
3.8611111111111107,1.6841342477655866e-07,-4.559327218207732e-09
3.8650793650793647,1.2690636399830322e-07,3.427701665618177e-09
3.8690476190476186,1.7491501967320828e-07,5.536341559043401e-09
3.8730158730158726,1.202751061781116e-07,-9.111248921174379e-09
3.876984126984127,1.8203675328386724e-07,5.678590668184869e-10
3.880952380952381,1.1442409602196062e-07,-2.3901230898154766e-09
3.884920634920635,9.55284441722915e-08,-1.0349102503970392e-09
3.888888888888889,1.3232091536195086e-07,-2.3972278874031938e-09
3.892857142857143,1.2371840501797828e-07,1.0845241011789595e-08
3.8968253968253967,1.1796510795262811e-07,-1.5852520195565682e-08
3.9007936507936507,1.222408584431659e-07,1.8173314094308686e-08
3.9047619047619047,1.0490410768144796e-07,4.10334635952848e-09
3.9087301587301586,9.544899368401437e-08,4.032847927447992e-09
3.9126984126984126,6.714585546184699e-08,-7.898390249360993e-09
3.9166666666666665,1.0410375767725043e-07,-1.7917348470231702e-09
3.9206349206349205,1.1449485178298056e-07,-8.790279043427764e-09
3.9246031746031744,8.05196737099e-08,1.62665325743564e-09
3.9285714285714284,8.303306418610442e-08,-6.338379148242808e-09
3.9325396825396823,6.542883783390751e-08,2.61020305090309e-10
3.9365079365079363,5.9141531575010884e-08,-5.1424961760853e-09
3.9404761904761902,5.00590484806287e-08,8.393370424332837e-10
3.944444444444444,3.099117545492714e-08,-2.712541280623349e-09
3.948412698412698,3.304352853827462e-08,-3.547754167425527e-09
3.952380952380952,3.087231706912701e-08,3.559370559938137e-09
3.956349206349206,2.889855021926194e-08,2.701134151382313e-09
3.96031746031746,3.1070419091146334e-08,5.273489139448418e-10
3.964285714285714,3.111515612030027e-08,2.1107682245631117e-09
