ticker,VIX Index,VIX Index,VIX Index
field,PX_LAST,VOLATILITY_10D,VOLATILITY_30D
date,,,
2023-05-02,17.78,112.93,73.65
2023-05-03,18.34,112.0,73.15
2023-05-04,20.09,118.5,78.58
2023-05-05,17.19,151.96,90.31
2023-05-08,16.98,138.6,89.21
2023-05-09,17.71,141.42,90.04
2023-05-10,16.94,132.15,90.08
2023-05-11,16.93,124.08,90.08
2023-05-12,17.03,123.91,90.04
2023-05-15,17.12,110.21,90.06
2023-05-16,17.99,112.56,91.08
2023-05-17,16.87,101.12,92.95
2023-05-18,16.05,63.76,93.47
2023-05-19,16.81,69.85,94.14
2023-05-22,17.21,66.76,94.45
2023-05-23,18.53,73.0,97.26
2023-05-24,20.03,81.04,97.6
2023-05-25,19.14,88.07,97.76
2023-05-26,17.95,97.45,99.84
2023-05-29,17.46,94.85,100.2
2023-05-30,17.46,87.43,99.94
2023-05-31,17.94,81.67,99.47
2023-06-01,15.65,110.9,107.54
2023-06-02,14.6,113.55,109.34
2023-06-05,14.73,101.09,104.02
2023-06-06,13.96,79.89,104.81
2023-06-07,13.94,82.4,100.99
2023-06-08,13.65,80.72,98.8
2023-06-09,13.83,84.07,98.68
2023-06-12,15.01,101.9,96.97
2023-06-13,14.61,98.41,96.48
2023-06-14,13.88,74.02,92.24
2023-06-15,14.5,71.07,82.31
2023-06-16,13.54,79.35,84.41
2023-06-19,14.19,79.5,84.68
2023-06-20,13.88,80.54,84.04
2023-06-21,13.2,84.4,85.01
2023-06-22,12.91,84.25,84.98
2023-06-23,13.44,71.94,86.18
2023-06-26,14.25,80.43,86.78
2023-06-27,13.74,77.89,85.5
2023-06-28,13.43,73.53,84.62
2023-06-29,13.54,64.15,83.19
2023-06-30,13.59,57.77,82.71
2023-07-03,13.57,56.82,78.75
2023-07-04,13.7,49.06,74.14
2023-07-05,14.18,48.62,74.76
2023-07-06,15.44,61.77,78.07
2023-07-07,14.83,62.2,78.5
2023-07-10,15.07,57.18,78.75
2023-07-11,14.84,55.91,78.16
2023-07-12,13.54,78.71,72.15
2023-07-13,13.61,78.74,69.37
2023-07-14,13.34,79.49,69.47
2023-07-17,13.48,79.54,67.8
2023-07-18,13.3,76.55,67.9
2023-07-19,13.76,59.58,68.43
2023-07-20,13.99,58.89,68.5
2023-07-21,13.6,58.19,64.14
2023-07-24,13.91,60.86,64.16
2023-07-25,13.86,33.28,62.3
2023-07-26,13.19,43.37,62.47
2023-07-27,14.41,64.15,64.89
2023-07-28,13.33,79.13,67.6
2023-07-31,13.63,79.67,67.69
2023-08-01,13.93,78.37,66.21
2023-08-02,16.09,110.02,78.24
2023-08-03,15.92,108.13,77.75
2023-08-04,17.1,112.01,78.66
2023-08-07,15.77,124.94,81.96
2023-08-08,15.99,118.9,81.55
2023-08-09,15.96,112.06,81.58
2023-08-10,15.85,99.47,81.67
2023-08-11,14.84,109.38,84.39
2023-08-14,14.82,109.24,84.38
2023-08-15,16.46,94.23,89.34
2023-08-16,16.78,94.24,85.97
2023-08-17,17.89,92.63,86.78
2023-08-18,17.3,81.11,87.54
2023-08-21,17.13,81.77,87.44
2023-08-22,16.97,82.15,82.32
2023-08-23,15.98,89.67,84.79
2023-08-24,17.2,87.22,86.78
2023-08-25,15.68,105.17,91.92
2023-08-28,15.08,88.39,92.72
2023-08-29,14.45,88.06,93.28
2023-08-30,13.88,73.68,93.99
2023-08-31,13.57,73.66,93.84
2023-09-01,13.09,73.02,94.17
2023-09-04,13.82,85.74,95.67
2023-09-05,14.01,84.46,94.5
2023-09-06,14.45,72.22,91.12
2023-09-07,14.4,57.19,87.88
2023-09-08,13.84,57.3,88.55
2023-09-11,13.8,53.7,88.31
2023-09-12,14.23,52.13,76.86
2023-09-13,13.48,59.37,78.29
2023-09-14,12.82,62.52,75.57
2023-09-15,13.79,68.53,76.19
2023-09-18,14.0,68.63,76.22
2023-09-19,14.11,66.32,76.3
2023-09-20,15.14,77.06,79.5
2023-09-21,17.54,102.6,88.58
2023-09-22,17.2,104.52,88.88
2023-09-25,16.9,106.78,83.51
2023-09-26,18.94,107.53,90.01
2023-09-27,18.22,104.62,88.91
2023-09-28,17.34,112.16,89.61
2023-09-29,17.52,112.33,89.6
2023-10-02,17.61,112.48,89.56
2023-10-03,19.78,120.91,93.8
2023-10-04,18.58,106.38,93.73
2023-10-05,18.49,105.5,89.02
2023-10-06,17.45,110.77,90.07
2023-10-09,17.7,89.37,88.88
2023-10-10,17.03,89.35,88.8
2023-10-11,16.09,90.54,90.43
2023-10-12,16.69,93.35,89.92
2023-10-13,19.32,124.26,98.14
2023-10-16,17.21,122.51,105.26
2023-10-17,17.88,121.89,105.43
2023-10-18,19.22,128.63,107.14
2023-10-19,21.4,133.26,109.83
2023-10-20,21.71,133.26,109.69
2023-10-23,20.37,137.62,112.1
2023-10-24,18.97,140.43,113.15
2023-10-25,20.19,142.19,112.44
2023-10-26,20.68,120.77,111.08
2023-10-27,21.27,95.1,111.16
2023-10-30,19.75,107.79,114.27
2023-10-31,18.14,111.84,116.3
2023-11-01,16.87,92.45,110.02
2023-11-02,15.66,92.03,112.07
2023-11-03,14.91,90.94,112.84
2023-11-06,14.89,89.56,106.73
2023-11-07,14.81,73.61,106.32
2023-11-08,14.45,65.23,105.66
2023-11-09,15.29,75.77,107.22
2023-11-10,14.17,76.09,109.27
2023-11-13,14.76,80.16,103.52
2023-11-14,14.16,75.51,102.72
2023-11-15,14.18,68.22,102.76
2023-11-16,14.32,64.8,101.78
2023-11-17,13.8,67.03,101.95
2023-11-20,13.41,67.85,101.72
2023-11-21,13.35,67.4,100.6
2023-11-22,12.85,55.8,100.12
2023-11-23,12.8,44.23,87.83
2023-11-24,12.46,31.43,82.14
2023-11-27,12.69,33.75,81.25
2023-11-28,12.69,33.58,77.07
2023-11-29,12.98,36.86,68.32
2023-11-30,12.92,33.35,67.74
2023-12-01,12.63,32.25,66.26
2023-12-04,13.08,39.33,65.74
2023-12-05,12.85,34.5,61.48
2023-12-06,12.97,34.74,60.75
2023-12-07,13.06,30.22,59.64
2023-12-08,12.35,43.28,58.25
2023-12-11,12.63,45.42,55.26
2023-12-12,12.07,48.74,53.07
2023-12-13,12.19,49.69,49.69
2023-12-14,12.48,50.97,48.95
2023-12-15,12.28,46.32,49.02
2023-12-18,12.56,48.31,49.79
2023-12-19,12.53,47.78,49.45
2023-12-20,13.67,68.55,53.65
2023-12-21,13.65,58.3,48.75
2023-12-22,13.03,65.3,48.76
2023-12-26,12.99,58.64,47.38
2023-12-27,12.43,64.96,48.92
2023-12-28,12.47,63.69,48.78
2023-12-29,12.45,62.98,47.75
2024-01-02,13.2,69.5,50.54
2024-01-03,14.04,75.41,53.84
2024-01-04,14.13,60.53,52.4
2024-01-05,13.35,68.8,55.38
2024-01-08,13.08,64.68,55.11
2024-01-09,12.76,66.1,55.41
2024-01-10,12.69,61.19,55.44
2024-01-11,12.44,62.33,55.29
2024-01-12,12.7,63.31,55.67
2024-01-15,13.25,59.11,56.67
2024-01-16,13.84,53.55,57.2
2024-01-17,14.79,64.95,59.99
2024-01-18,14.13,61.7,61.84
2024-01-19,13.3,70.49,64.67
2024-01-22,13.19,69.01,62.33
2024-01-23,12.55,74.78,63.89
2024-01-24,13.14,77.75,63.75
2024-01-25,13.45,77.92,64.01
2024-01-26,13.26,75.32,63.91
2024-01-29,13.6,72.48,64.02
2024-01-30,13.31,59.84,64.16
2024-01-31,14.35,71.67,67.78
2024-02-01,13.88,65.18,63.65
2024-02-02,13.85,64.86,63.65
2024-02-05,13.67,57.28,62.13
2024-02-06,13.06,59.45,63.71
2024-02-07,12.83,58.15,62.49
2024-02-08,12.79,57.9,62.5
2024-02-09,12.93,56.01,62.57
2024-02-12,13.93,69.34,64.09
2024-02-13,15.85,90.03,72.56
2024-02-14,14.38,105.52,78.65
2024-02-15,14.01,106.74,77.1
2024-02-16,14.24,106.63,76.9
2024-02-19,14.71,102.88,76.9
2024-02-20,15.42,102.44,77.85
2024-02-21,15.34,102.6,77.5
2024-02-22,14.54,110.08,79.47
2024-02-23,13.75,108.71,80.58
2024-02-26,13.74,75.29,79.5
2024-02-27,13.43,57.69,77.01
2024-02-28,13.84,59.7,76.48
2024-02-29,13.4,60.74,74.88
2024-03-01,13.11,56.19,75.13
2024-03-04,13.49,50.33,73.99
2024-03-05,14.46,67.9,75.59
2024-03-06,14.5,61.7,75.33
2024-03-07,14.44,52.08,75.18
2024-03-08,14.74,52.51,75.06
2024-03-11,15.22,50.35,75.17
2024-03-12,13.84,75.78,77.57
2024-03-13,13.75,73.44,76.95
2024-03-14,14.4,75.08,78.2
2024-03-15,14.41,74.38,78.07
2024-03-18,14.33,64.26,76.72
2024-03-19,13.82,66.89,77.38
2024-03-20,13.04,72.61,79.48
2024-03-21,12.92,70.08,79.47
2024-03-22,13.06,66.31,76.14
2024-03-25,13.19,47.49,64.53
2024-03-26,13.24,47.73,58.06
2024-03-27,12.78,39.09,58.47
2024-03-28,13.01,42.05,58.52
2024-04-01,13.65,52.91,59.58
2024-04-02,14.61,62.03,61.49
2024-04-03,14.33,51.6,61.7
2024-04-04,16.35,81.28,71.6
2024-04-05,16.03,84.74,69.58
2024-04-08,15.19,94.27,71.79
2024-04-09,14.98,95.47,71.54
2024-04-10,15.8,92.51,72.66
2024-04-11,14.91,102.47,74.26
2024-04-12,17.31,125.0,85.6
2024-04-15,19.23,130.5,90.13
2024-04-16,18.4,134.2,89.85
2024-04-17,18.21,119.29,90.01
2024-04-18,18.0,118.67,90.13
2024-04-19,18.71,112.0,90.54
2024-04-22,16.94,129.28,95.73
2024-04-23,15.69,135.07,94.11
2024-04-24,15.97,130.71,94.13
2024-04-25,15.37,99.91,94.11
2024-04-26,15.03,69.75,94.4
2024-04-29,14.67,69.02,94.7
2024-04-30,15.65,84.33,95.84
2024-05-01,15.39,84.27,94.13
2024-05-02,14.68,78.11,95.37
2024-05-03,13.49,73.94,98.98
2024-05-06,13.49,67.87,98.94
2024-05-07,13.23,64.59,99.12
2024-05-08,13.0,63.73,98.67
2024-05-09,12.69,63.77,98.79
2024-05-10,12.55,63.8,97.66
2024-05-13,13.6,70.55,98.56
2024-05-14,13.42,70.56,98.48
2024-05-15,12.45,76.03,91.55
2024-05-16,12.42,64.75,91.52
2024-05-17,11.99,65.89,90.83
2024-05-20,12.15,67.19,91.04
2024-05-21,11.86,67.55,89.19
2024-05-22,12.29,71.08,88.91
2024-05-23,12.77,74.27,76.13
2024-05-24,11.93,65.68,69.03
2024-05-27,12.36,70.98,70.17
2024-05-28,12.92,63.58,72.29
2024-05-29,14.28,81.5,79.68
2024-05-30,14.47,75.65,78.65
2024-05-31,12.92,104.77,80.23
2024-06-03,13.11,103.1,77.74
2024-06-04,13.16,102.06,77.45
2024-06-05,12.63,103.21,77.56
2024-06-06,12.58,95.17,77.42
2024-06-07,12.22,94.97,77.53
2024-06-10,12.74,94.57,75.87
2024-06-11,12.85,72.92,75.95
2024-06-12,12.04,76.29,77.02
2024-06-13,11.94,51.64,73.17
2024-06-14,12.66,62.39,75.54
2024-06-17,12.75,62.54,75.4
2024-06-18,12.3,61.59,75.97
2024-06-19,12.48,62.28,75.8
2024-06-20,13.28,67.91,77.99
2024-06-21,13.2,65.3,74.12
2024-06-24,13.33,65.33,74.09
2024-06-25,12.84,56.97,71.37
2024-06-26,12.55,58.76,71.73
2024-06-27,12.24,50.89,71.32
2024-06-28,12.44,51.75,71.37
2024-07-01,12.22,48.81,71.19
2024-07-02,12.03,48.44,70.53
2024-07-03,12.09,28.81,69.52
2024-07-04,12.26,31.67,66.54
2024-07-05,12.48,33.39,65.9
2024-07-08,12.37,28.13,64.52
2024-07-09,12.51,26.69,56.51
2024-07-10,12.85,25.65,57.06
2024-07-11,12.92,24.81,45.95
2024-07-12,12.46,31.26,46.96
2024-07-15,13.12,38.8,49.59
2024-07-16,13.19,38.79,47.95
2024-07-17,14.48,59.53,55.22
2024-07-18,15.93,72.46,60.45
2024-07-19,16.52,69.17,60.21
2024-07-22,14.91,100.35,68.85
2024-07-23,14.72,101.66,65.6
2024-07-24,18.04,142.87,87.87
2024-07-25,18.46,136.39,86.85
2024-07-26,16.39,161.63,95.42
2024-07-29,16.6,161.39,94.41
2024-07-30,17.69,158.09,95.75
2024-07-31,16.36,159.5,98.12
2024-08-01,18.59,172.74,104.42
2024-08-02,23.39,191.7,123.11
2024-08-05,38.57,303.01,188.14
2024-08-06,27.71,375.19,217.64
2024-08-07,27.85,375.69,217.15
2024-08-08,23.79,381.72,224.17
2024-08-09,20.37,396.22,230.15
2024-08-12,20.71,395.45,229.92
2024-08-13,18.12,400.89,234.39
2024-08-14,16.19,399.02,237.44
2024-08-15,15.23,370.58,238.36
2024-08-16,14.8,172.65,238.55
2024-08-19,14.65,112.98,238.6
2024-08-20,15.88,134.69,239.59
2024-08-21,16.27,128.24,239.64
2024-08-22,17.55,122.04,240.07
2024-08-23,15.86,127.93,242.07
2024-08-26,16.15,112.98,242.09
2024-08-27,15.43,98.56,241.06
2024-08-28,17.11,107.54,241.36
2024-08-29,15.65,119.42,242.65
2024-08-30,15.0,122.08,240.99
2024-09-02,15.55,114.97,241.19
2024-09-03,20.72,194.19,248.86
2024-09-04,21.32,191.97,248.9
2024-09-05,19.9,185.94,247.03
2024-09-06,22.38,192.26,249.25
2024-09-09,19.45,211.18,252.66
2024-09-10,19.08,206.76,251.51
2024-09-11,17.69,204.72,249.68
2024-09-12,17.07,204.16,239.27
2024-09-13,16.56,204.98,179.26
2024-09-16,17.14,120.29,153.75
2024-09-17,17.61,120.09,154.18
2024-09-18,18.23,119.62,148.4
2024-09-19,16.33,102.24,144.85
2024-09-20,16.15,80.21,144.66
2024-09-23,15.89,80.24,139.41
2024-09-24,15.39,73.61,135.65
2024-09-25,15.41,73.0,134.39
2024-09-26,15.37,72.17,134.09
2024-09-27,16.96,90.39,137.14
2024-09-30,16.73,88.89,135.21
2024-10-01,19.26,118.08,141.37
2024-10-02,18.9,97.26,139.85
2024-10-03,20.49,101.32,137.92
2024-10-04,19.21,110.81,139.61
2024-10-07,22.64,128.99,146.39
2024-10-08,21.42,138.2,145.02
2024-10-09,20.86,140.97,142.32
2024-10-10,20.93,136.01,141.41
2024-10-11,20.46,136.89,141.56
2024-10-14,19.7,119.18,112.94
2024-10-15,20.64,120.55,113.52
2024-10-16,19.58,116.28,112.72
2024-10-17,19.11,111.51,106.77
2024-10-18,18.03,53.77,99.74
2024-10-21,18.37,55.02,99.8
2024-10-22,18.2,54.84,97.15
2024-10-23,19.24,66.51,97.79
2024-10-24,19.08,66.02,97.29
2024-10-25,20.33,73.09,98.49
2024-10-28,19.8,69.54,98.73
2024-10-29,19.34,64.57,98.59
2024-10-30,20.35,68.43,93.23
2024-10-31,23.16,83.06,99.87
2024-11-01,21.88,94.84,101.67
2024-11-04,21.98,93.77,100.82
2024-11-05,20.49,102.63,103.78
2024-11-06,16.27,164.38,126.32
2024-11-07,15.2,158.36,124.33
2024-11-08,14.94,158.55,124.36
2024-11-11,14.97,159.55,116.03
2024-11-12,14.71,152.57,116.02
2024-11-13,14.02,115.31,113.18
2024-11-14,14.31,122.35,112.45
2024-11-15,16.14,150.79,106.74
2024-11-18,15.58,149.25,106.15
2024-11-19,16.35,91.95,107.48
2024-11-20,17.16,84.74,108.78
2024-11-21,16.87,84.72,108.71
2024-11-22,15.24,105.13,112.04
2024-11-25,14.6,107.52,111.13
2024-11-26,14.1,105.86,110.65
2024-11-27,14.1,105.18,110.62
2024-11-28,13.9,75.0,109.64
2024-11-29,13.51,74.53,109.44
2024-12-02,13.34,63.95,109.44
2024-12-03,13.3,49.83,107.54
2024-12-04,13.45,54.04,107.77
2024-12-05,13.54,30.46,105.39
2024-12-06,12.77,36.07,106.18
2024-12-09,14.19,71.87,112.09
2024-12-10,14.18,71.88,110.51
2024-12-11,13.58,75.42,101.68
2024-12-12,13.92,74.91,101.75
2024-12-13,13.81,74.63,101.59
2024-12-16,14.69,80.58,102.73
2024-12-17,15.87,88.09,80.76
2024-12-18,27.62,300.28,182.93
2024-12-19,24.09,314.54,188.63
2024-12-20,18.36,362.56,207.44
2024-12-23,16.78,368.05,209.36
2024-12-24,14.27,379.89,214.73
2024-12-26,14.73,380.02,214.86
2024-12-27,15.95,381.87,213.09
2024-12-30,17.4,383.09,214.38
2024-12-31,17.35,381.53,213.94
2025-01-02,17.93,199.19,213.68
2025-01-03,16.13,195.37,216.03
2025-01-06,16.04,139.11,213.8
2025-01-07,17.82,144.39,215.52
2025-01-08,17.7,103.86,215.18
2025-01-09,18.07,103.76,215.2
2025-01-10,19.54,103.52,216.07
2025-01-13,19.19,97.48,215.91
2025-01-14,18.71,99.24,216.08
2025-01-15,16.12,128.49,221.36
2025-01-16,16.6,116.32,221.46
2025-01-17,15.97,118.48,221.89
2025-01-20,15.81,99.77,221.06
2025-01-21,15.06,101.4,219.52
2025-01-22,15.1,99.61,219.52
2025-01-23,15.02,81.29,219.08
2025-01-24,14.85,81.67,219.02
2025-01-27,17.9,141.79,225.84
2025-01-28,16.41,124.12,226.99
2025-01-29,16.56,123.14,225.86
2025-01-30,15.84,123.76,147.32
2025-01-31,16.43,125.17,143.57
2025-02-03,18.62,135.7,125.23
2025-02-04,17.21,146.41,124.52
2025-02-05,15.77,156.34,117.24
2025-02-06,15.5,156.57,117.06
2025-02-07,16.54,119.94,116.24
2025-02-10,15.81,113.0,113.9
2025-02-11,16.02,113.18,114.01
2025-02-12,15.89,110.58,113.48
2025-02-13,15.1,111.27,110.05
2025-02-14,14.77,75.97,110.21
2025-02-17,15.37,75.81,105.91
2025-02-18,15.35,60.84,105.91
2025-02-19,15.27,60.26,105.62
2025-02-20,15.66,48.66,102.86
2025-02-21,18.21,92.14,113.18
2025-02-24,18.98,93.13,113.66
2025-02-25,19.43,91.69,103.91
2025-02-26,19.1,84.4,103.89
2025-02-27,21.13,87.43,106.83
2025-02-28,19.63,106.59,109.58
2025-03-03,22.78,122.85,115.96
2025-03-04,23.51,119.62,116.02
2025-03-05,21.93,135.3,118.64
2025-03-06,24.87,128.99,123.05
2025-03-07,23.37,138.87,113.51
2025-03-10,27.86,161.3,119.92
2025-03-11,26.92,163.53,120.93
2025-03-12,24.23,174.94,125.09
2025-03-13,24.66,166.55,124.91
2025-03-14,21.77,165.52,126.65
2025-03-17,20.51,166.22,125.6
2025-03-18,21.7,166.61,123.02
2025-03-19,19.9,152.52,126.21
2025-03-20,19.8,151.04,125.04
2025-03-21,19.28,95.43,124.45
2025-03-24,17.48,100.03,128.32
2025-03-25,17.15,94.56,128.45
2025-03-26,18.33,106.84,128.72
2025-03-27,18.69,93.95,128.45
2025-03-28,21.65,124.22,134.77
2025-03-31,22.28,121.43,134.79
2025-04-01,21.77,110.52,135.12
2025-04-02,21.51,110.89,135.25
2025-04-03,30.02,203.34,161.31
2025-04-04,45.31,260.05,199.93
2025-04-07,46.98,253.02,199.93
2025-04-08,52.33,251.58,200.67
2025-04-09,33.62,392.53,245.07
2025-04-10,40.72,396.27,248.9
2025-04-11,37.56,404.28,247.8
2025-04-14,30.89,425.58,255.78
2025-04-15,30.12,426.15,254.85
2025-04-16,32.64,389.14,253.31
2025-04-17,29.65,305.14,254.4
2025-04-21,33.82,317.66,252.03
2025-04-22,30.57,306.45,253.82
2025-04-23,28.45,203.46,252.68
2025-04-24,26.47,159.58,253.71
2025-04-25,24.84,158.69,251.52
2025-04-28,25.15,132.13,250.73
2025-04-29,24.17,132.44,250.63
2025-04-30,24.7,120.58,249.1
2025-05-01,23.94,114.06,249.34
