,y_c
2010-01-04,0.0
2010-01-05,0.0
2010-01-06,-0.0015798204270780491
2010-01-07,-0.02002733897694209
2010-01-08,0.012401466647230963
2010-01-11,0.0
2010-01-12,0.02128132601063193
2010-01-13,-0.0
2010-01-14,0.0
2010-01-15,0.0
2010-01-18,0.017147430834202337
2010-01-19,0.0
2010-01-20,-0.03704953602676608
2010-01-21,0.0034701692298761966
2010-01-22,-0.027710345152671456
2010-01-25,-0.0
2010-01-26,-0.0
2010-01-27,-0.0
2010-01-28,0.0
2010-01-29,0.008825333573164507
2010-02-01,-0.0
2010-02-02,-0.0
2010-02-03,0.0
2010-02-04,0.010396325531505157
2010-02-05,-0.0
2010-02-08,-9.277965527709764e-05
2010-02-09,0.00023197066035085534
2010-02-10,0.0
2010-02-11,-0.0
2010-02-12,0.0
2010-02-22,0.0007540385216315837
2010-02-23,0.0
2010-02-24,0.0
2010-02-25,0.0
2010-02-26,0.0010172874063707482
2010-03-01,0.01113347875900561
2010-03-02,0.000857825093304454
2010-03-03,0.014527886335386597
2010-03-04,-0.036127462209173955
2010-03-05,0.003939806214733554
2010-03-08,0.01085655834721444
2010-03-09,0.0011923739628494356
2010-03-10,-0.013119805670657292
2010-03-11,-0.0078538983559433
2010-03-12,-0.01534341324648747
2010-03-15,-0.008480121793245199
2010-03-16,0.0
2010-03-17,0.0
2010-03-18,0.0032278679823658507
2010-03-19,0.007115170753301037
2010-03-22,0.005639057441197304
2010-03-23,-0.0067310562449361955
2010-03-24,0.0052440309704784305
2010-03-25,-0.013305402877605732
2010-03-26,0.01432235026781381
2010-03-29,0.00782601831049301
2010-03-30,0.0
2010-03-31,0.0
2010-04-01,0.0
2010-04-02,0.0
2010-04-06,0.0020090147568636585
2010-04-07,0.00221310968699151
2010-04-08,0.0002631773733252629
2010-04-09,0.015264382559220024
2010-04-12,0.007531614559501687
2010-04-13,-0.011355644062551518
2010-04-14,0.011715756717149084
2010-04-15,-0.012608713995552079
2010-04-16,-0.0032717839157637707
2010-04-19,-0.04283407537147832
2010-04-20,0.01302880883118207
2010-04-21,0.0
2010-04-22,0.0
2010-04-23,-0.0078002610966056984
2010-04-26,0.000491348968783889
2010-04-27,-0.02615405163822415
2010-04-28,-0.0
2010-04-29,-0.032459915620764446
2010-04-30,-0.026904020695400432
2010-05-04,-0.0
2010-05-05,0.0
2010-05-06,-0.031771311401789015
2010-05-07,-0.015616161890410707
2010-05-10,-0.0
2010-05-11,-0.0
2010-05-12,-0.02457080121128774
2010-05-13,0.02852676053550751
2010-05-14,0.0
2010-05-17,-0.06430114412976362
2010-05-18,0.01440337100172373
2010-05-19,0.0
2010-05-20,-0.019138226671829184
2010-05-21,0.02079584544480495
2010-05-24,0.045472693533280095
2010-05-25,-0.007236734654663679
2010-05-26,0.002736279289196286
2010-05-27,0.017849473780720437
2010-05-28,0.0
2010-05-31,-0.03092092214992026
2010-06-01,-0.0
2010-06-02,0.0
2010-06-03,-0.0
2010-06-04,0.0
2010-06-07,-0.004025404558049228
2010-06-08,0.009023785963163222
2010-06-09,0.024957900577224468
2010-06-10,0.0
2010-06-11,-0.0
2010-06-17,-0.0
2010-06-18,-0.0
2010-06-21,0.02888258410136224
2010-06-22,0.00800093955987502
2010-06-23,-0.0
2010-06-24,0.00017584264037484587
2010-06-25,-0.0
2010-06-28,-0.0
2010-06-29,-0.0
2010-06-30,-0.01940604445300753
2010-07-01,-0.0
2010-07-02,-0.0
2010-07-05,-0.0
2010-07-06,0.02846616608864494
2010-07-07,0.0
2010-07-08,-0.0
2010-07-09,0.0
2010-07-12,0.011009559827713122
2010-07-13,-0.0
2010-07-14,0.00931705707687236
2010-07-15,-0.02318222826584382
2010-07-16,0.0
2010-07-19,0.0
2010-07-20,0.028381364335516857
2010-07-21,0.002042334791059197
2010-07-22,0.014757174643825088
2010-07-23,-0.0005948440214443851
2010-07-26,0.013851429596037468
2010-07-27,-0.0005477648492172582
2010-07-28,0.0
2010-07-29,0.00762074996636497
2010-07-30,-0.0006938417373224537
2010-08-02,0.0
2010-08-03,-0.01739965791138487
2010-08-04,0.012964870613595858
2010-08-05,0.004696316628256536
2010-08-06,0.02063046514025446
2010-08-09,0.013213927424408967
2010-08-10,-0.037862773219864976
2010-08-11,0.01211361934411248
2010-08-12,-0.013101747364992034
2010-08-13,0.01920506225259877
2010-08-16,0.02319195938053009
2010-08-17,0.007788285243403692
2010-08-18,-0.0001413265855497725
2010-08-19,0.0009782079499587315
2010-08-20,-0.021268679297723248
2010-08-23,0.0
2010-08-24,0.0
2010-08-25,-0.019791316055200237
2010-08-26,0.0
2010-08-27,0.007310287137895166
2010-08-30,0.0
2010-08-31,0.007966141154662099
2010-09-01,-0.01286909304053574
2010-09-02,0.021007763402741242
2010-09-03,0.0
2010-09-06,-0.0
2010-09-07,0.0
2010-09-08,0.008641136424826001
2010-09-09,-0.0
2010-09-10,0.010154550977778065
2010-09-13,0.017932931092744075
2010-09-14,0.0
2010-09-15,-0.0
2010-09-16,-0.02520432799029204
2010-09-17,-0.0016113920866118736
2010-09-20,-0.01094169858085925
2010-09-21,-0.0014056295463329427
2010-09-27,0.0
2010-09-28,-0.004118880520369683
2010-09-29,-0.013757022999989377
2010-09-30,0.015310479443699121
2010-10-08,0.023037806291035468
2010-10-11,0.0
2010-10-12,0.0035246338076695416
2010-10-13,0.006389889368147994
2010-10-14,-0.03249916265914632
2010-10-15,0.002542979560000269
2010-10-18,-0.0
2010-10-19,0.0
2010-10-20,0.0
2010-10-21,0.008262083897384143
2010-10-22,0.009129463362158141
2010-10-25,0.0
2010-10-26,0.009532859857957376
2010-10-27,-0.010182019955807697
2010-10-28,0.0009650093998321285
2010-10-29,0.01118091683518041
2010-11-01,0.0
2010-11-02,-0.0
2010-11-03,-0.0
2010-11-04,0.0
2010-11-05,0.0
2010-11-08,0.022463322018837273
2010-11-09,0.006766597497003257
2010-11-10,0.0030908000234095567
2010-11-11,-0.008138945510634876
2010-11-12,-0.060460285656513846
2010-11-15,0.0
2010-11-16,-0.0
2010-11-17,-0.0
2010-11-18,0.015764490254023267
2010-11-19,0.030133403616900534
2010-11-22,0.0
2010-11-23,-0.0
2010-11-24,0.02822501007260181
2010-11-25,0.0
2010-11-26,-0.0
2010-11-29,0.0
2010-11-30,-0.0
2010-12-01,0.0
2010-12-02,0.0
2010-12-03,-0.0
2010-12-06,-0.0
2010-12-07,0.0
2010-12-08,-0.0
2010-12-09,-0.020723988504863122
2010-12-10,0.0
2010-12-13,0.0
2010-12-14,0.0
2010-12-15,-0.0
2010-12-16,-0.0
2010-12-17,0.0
2010-12-20,-0.012395903862411517
2010-12-21,0.0
2010-12-22,-0.0
2010-12-23,-0.0
2010-12-24,-0.0
2010-12-27,-0.028430103735520462
2010-12-28,-0.02456476061060331
2010-12-29,0.0
2010-12-30,0.0
2010-12-31,0.0
2011-01-04,0.0
2011-01-05,0.0
2011-01-06,-0.0
2011-01-07,-0.0
2011-01-10,-0.0
2011-01-11,-0.005328574740816938
2011-01-12,0.0
2011-01-13,-0.0
2011-01-14,-0.0
2011-01-17,-0.0
2011-01-18,0.0
2011-01-19,0.024053551276625784
2011-01-20,-0.0
2011-01-21,0.0
2011-01-24,-0.0
2011-01-25,-0.0
2011-01-26,0.0
2011-01-27,0.0
2011-01-28,0.0
2011-01-31,0.0
2011-02-01,0.0
2011-02-09,-0.0
2011-02-10,0.0
2011-02-11,0.011161878930369351
2011-02-14,0.0
2011-02-15,-0.0005767060030785753
2011-02-16,0.017040099061747416
2011-02-17,0.0
2011-02-18,-0.0
2011-02-21,0.0
2011-02-22,-0.026416972538008454
2011-02-23,0.014116808391466007
2011-02-24,0.0
2011-02-25,0.0010084073727110177
2011-02-28,0.0
2011-03-01,0.0
2011-03-02,-0.0
2011-03-03,-0.019513617839232333
2011-03-04,0.0
2011-03-07,0.0
2011-03-08,0.0
2011-03-09,0.0
2011-03-10,-0.0
2011-03-11,-0.0
2011-03-14,0.0
2011-03-15,-0.011312051544882129
2011-03-16,0.0
2011-03-17,-0.018315715780403696
2011-03-18,0.0
2011-03-21,-0.0
2011-03-22,-0.0
2011-03-23,0.0
2011-03-24,0.002700112892651152
2011-03-25,0.008335815958183668
2011-03-28,-0.0
2011-03-29,-0.0
2011-03-30,-0.0
2011-03-31,-0.0
2011-04-01,0.0
2011-04-06,-0.0
2011-04-07,0.006309017288012253
2011-04-08,0.0
2011-04-11,-0.0
2011-04-12,0.0
2011-04-13,0.0
2011-04-14,-0.0
2011-04-15,0.0
2011-04-18,0.0
2011-04-19,-0.0
2011-04-20,0.0
2011-04-21,0.0
2011-04-22,-0.0
2011-04-25,-0.0
2011-04-26,-0.0
2011-04-27,-0.0
2011-04-28,-0.0
2011-04-29,0.0
2011-05-03,0.0
2011-05-04,-0.0
2011-05-05,0.00258163405181544
2011-05-06,0.0047149388570209005
2011-05-09,0.0
2011-05-10,0.00587944179045885
2011-05-11,0.0021997816482910437
2011-05-12,-0.0
2011-05-13,0.0
2011-05-16,-0.0
2011-05-17,-0.0
2011-05-18,0.006614758050451863
2011-05-19,-0.0
2011-05-20,-0.0
2011-05-23,-0.0
2011-05-24,-0.001592040226262026
2011-05-25,-0.01141461618807893
2011-05-26,-0.009918267929634683
2011-05-27,-0.0
2011-05-30,-0.0
2011-05-31,0.0
2011-06-01,0.010487638042607772
2011-06-02,-0.0
2011-06-03,0.017200902934537243
2011-06-07,0.0
2011-06-08,0.0
2011-06-09,-0.0
2011-06-10,0.0
2011-06-13,-0.0
2011-06-14,0.0
2011-06-15,-0.0
2011-06-16,-0.0
2011-06-17,-0.0
2011-06-20,-0.0
2011-06-21,0.0
2011-06-22,-0.0
2011-06-23,0.0
2011-06-24,0.02412933176468468
2011-06-27,0.0
2011-06-28,0.0
2011-06-29,-0.0
2011-06-30,0.0
2011-07-01,0.0
2011-07-04,0.0
2011-07-05,0.006363110486736545
2011-07-06,0.002421348290949199
2011-07-07,0.00011132302160077323
2011-07-08,-0.0010164970754706903
2011-07-11,0.00900010721921718
2011-07-12,-0.01423088623208646
2011-07-13,0.0
2011-07-14,0.0
2011-07-15,0.0
2011-07-18,-0.00015931242391808986
2011-07-19,-0.0
2011-07-20,0.0
2011-07-21,-0.0
2011-07-22,0.0
2011-07-25,-0.0
2011-07-26,0.004256859417434589
2011-07-27,0.0
2011-07-28,-0.00625851842101921
2011-07-29,-0.0
2011-08-01,0.0
2011-08-02,-0.0
2011-08-03,0.0
2011-08-04,0.0
2011-08-05,-0.0
2011-08-08,-0.0
2011-08-09,-0.0
2011-08-10,0.014266488461030624
2011-08-11,0.0
2011-08-12,0.011561627967016763
2011-08-15,0.0
2011-08-16,-0.008399464534136092
2011-08-17,-0.0
2011-08-18,-0.0
2011-08-19,-0.0
2011-08-22,-0.0
2011-08-23,0.016260460682499422
2011-08-24,-0.0015648534810098758
2011-08-25,0.0
2011-08-26,0.002267613828683457
2011-08-29,-0.0
2011-08-30,-0.0
2011-08-31,-0.0
2011-09-01,-0.0
2011-09-02,-0.0
2011-09-05,-0.0
2011-09-06,-0.007824316257164177
2011-09-07,0.024126556810966093
2011-09-08,-0.0
2011-09-09,-0.0
2011-09-13,-0.016406259226454112
2011-09-14,0.01148815284238136
2011-09-15,0.0
2011-09-16,-0.0
2011-09-19,-0.01967818317270953
2011-09-20,0.004833151011162107
2011-09-21,0.0
2011-09-22,-0.028839158941683096
2011-09-23,-0.008206079290910107
2011-09-26,-0.0
2011-09-27,0.0
2011-09-28,-0.0
2011-09-29,-0.0
2011-09-30,-0.0
2011-10-10,-0.0
2011-10-11,-0.0
2011-10-12,0.0
2011-10-13,0.0
2011-10-14,-0.0
2011-10-17,0.0
2011-10-18,-0.0
2011-10-19,-0.0
2011-10-20,-0.0
2011-10-21,-0.0
2011-10-24,0.0
2011-10-25,0.0
2011-10-26,0.0
2011-10-27,0.001184227124464865
2011-10-28,0.0
2011-10-31,0.0
2011-11-01,0.00011751880300847617
2011-11-02,0.0
2011-11-03,0.0
2011-11-04,0.0
2011-11-07,-0.003960175545189681
2011-11-08,-0.0
2011-11-09,0.0
2011-11-10,-0.0
2011-11-11,-0.0
2011-11-14,0.0
2011-11-15,0.007957553304788867
2011-11-16,-0.02488867475856671
2011-11-17,-0.002147581402629939
2011-11-18,-0.0
2011-11-21,0.0
2011-11-22,-0.0
2011-11-23,-0.0
2011-11-24,-0.0
2011-11-25,-0.0
2011-11-28,0.0
2011-11-29,0.0
2011-11-30,-0.0
2011-12-01,0.0
2011-12-02,-0.0
2011-12-05,-0.0
2011-12-06,-0.0
2011-12-07,0.0
2011-12-08,-0.0
2011-12-09,-0.0
2011-12-12,-0.0
2011-12-13,-0.0
2011-12-14,-0.0
2011-12-15,-0.0
2011-12-16,0.0
2011-12-19,0.002226300693566996
2011-12-20,-0.0
2011-12-21,-0.0
2011-12-22,-0.0
2011-12-23,0.0
2011-12-26,-0.0
2011-12-27,-0.0
2011-12-28,-0.0
2011-12-29,-0.0
2011-12-30,0.0
2012-01-04,-0.0
2012-01-05,-0.0
2012-01-06,0.0
2012-01-09,0.0
2012-01-10,0.0
2012-01-11,0.00040354039439338685
2012-01-12,-0.0
2012-01-13,-0.033507581123853436
2012-01-16,-0.0
2012-01-17,0.0
2012-01-18,-0.0
2012-01-19,0.0
2012-01-20,0.0
2012-01-30,-0.0
2012-01-31,0.0
2012-02-01,-0.0
2012-02-02,0.0
2012-02-03,0.0
2012-02-06,0.0
2012-02-07,-0.016284678570277267
2012-02-08,0.026417702362936613
2012-02-09,0.0
2012-02-10,0.005297058950675115
2012-02-13,0.009073369588587843
2012-02-14,0.0013466368171641818
2012-02-15,0.0
2012-02-16,-0.0
2012-02-17,-0.0
2012-02-20,0.0025663967509137464
2012-02-21,0.01226478964654798
2012-02-22,0.019539562778100095
2012-02-23,0.0
2012-02-24,0.0
2012-02-27,0.0019990310954476342
2012-02-28,-0.0
2012-02-29,-0.013199557878886603
2012-03-01,0.0
2012-03-02,0.021194024227124686
2012-03-05,0.0
2012-03-06,-0.0
2012-03-07,-0.0
2012-03-08,0.01583835872596584
2012-03-09,0.0
2012-03-12,0.0
2012-03-13,0.01005910434189583
2012-03-14,-0.0
2012-03-15,-0.012133400458450239
2012-03-16,0.026459673462527755
2012-03-19,0.0
2012-03-20,-0.0
2012-03-21,0.0
2012-03-22,-0.0
2012-03-23,-0.0
2012-03-26,-0.0010490091631630838
2012-03-27,-0.0
2012-03-28,-0.0
2012-03-29,-0.018426881298334474
2012-03-30,-0.0
2012-04-05,0.033565905539003627
2012-04-06,0.0063654769152354795
2012-04-09,-0.0
2012-04-10,0.0
2012-04-11,0.0
2012-04-12,0.020729122271819778
2012-04-13,0.009509917838924853
2012-04-16,0.0
2012-04-17,-0.0
2012-04-18,0.0
2012-04-19,-0.0025067177882724945
2012-04-20,0.0
2012-04-23,-0.0
2012-04-24,-0.0068182372269792735
2012-04-25,0.014321950687322671
2012-04-26,-0.00507675636140692
2012-04-27,-0.009564787312535405
2012-05-02,0.01463172371638155
2012-05-03,0.0
2012-05-04,0.0
2012-05-07,0.0
2012-05-08,-0.0
2012-05-09,-0.0
2012-05-10,0.0
2012-05-11,-0.004218561132954379
2012-05-14,-0.0014238074603204476
2012-05-15,-0.001137435648634777
2012-05-16,-0.0
2012-05-17,0.0
2012-05-18,-0.015704635465606187
2012-05-21,-0.0006318622704369892
2012-05-22,0.0
2012-05-23,-0.0
2012-05-24,-0.0
2012-05-25,-0.011573941910067442
2012-05-28,0.01428681454097358
2012-05-29,0.0
2012-05-30,0.0017460114051386366
2012-05-31,0.00036511718396048387
2012-06-01,-0.0
2012-06-04,-0.03274989050432109
2012-06-05,-0.0011596411738881152
2012-06-06,-0.0
2012-06-07,-0.0
2012-06-08,-0.0
2012-06-11,0.0
2012-06-12,-0.0
2012-06-13,0.0
2012-06-14,-0.0
2012-06-15,-0.0
2012-06-18,0.0
2012-06-19,-0.0
2012-06-20,-0.0
2012-06-21,-0.0
2012-06-25,-0.0
2012-06-26,-0.0
2012-06-27,-0.0
2012-06-28,-0.0
2012-06-29,0.0
2012-07-02,0.011100643336012794
2012-07-03,0.0017894286935460357
2012-07-04,-0.0
2012-07-05,-0.0
2012-07-06,0.0
2012-07-09,-0.025168146161678395
2012-07-10,-0.0
2012-07-11,0.0
2012-07-12,0.0
2012-07-13,-0.0
2012-07-16,-0.0
2012-07-17,0.0
2012-07-18,0.0
2012-07-19,0.0
2012-07-20,-0.006705652791614836
2012-07-23,-0.009510639750022865
2012-07-24,0.0
2012-07-25,-0.0
2012-07-26,-0.0
2012-07-27,-0.0
2012-07-30,-0.0
2012-07-31,-0.0
2012-08-01,0.0
2012-08-02,-0.0
2012-08-03,0.0
2012-08-06,0.0
2012-08-07,0.0
2012-08-08,-0.0034914272990426154
2012-08-09,0.014470473619763613
2012-08-10,-0.002704798153336463
2012-08-13,-0.02289559315046308
2012-08-14,0.0
2012-08-15,-0.0
2012-08-16,-0.0
2012-08-17,-0.0
2012-08-20,0.0
2012-08-21,0.0
2012-08-22,-0.0
2012-08-23,0.0
2012-08-24,-0.0
2012-08-27,-0.0
2012-08-28,0.0
2012-08-29,-0.0
2012-08-30,-0.0
2012-08-31,0.0
2012-09-03,0.0
2012-09-04,-0.0
2012-09-05,0.0
2012-09-06,0.0
2012-09-07,0.0
2012-09-10,0.00867854593871642
2012-09-11,-0.004016529908431377
2012-09-12,0.0
2012-09-13,-0.0
2012-09-14,0.0
2012-09-17,-0.03005955590705922
2012-09-18,-0.0
2012-09-19,0.0
2012-09-20,-0.0
2012-09-21,-0.0
2012-09-24,0.0
2012-09-25,-0.0
2012-09-26,-0.0
2012-09-27,0.0
2012-09-28,0.0
2012-10-08,-0.0
2012-10-09,0.0
2012-10-10,0.0
2012-10-11,-0.014825958773643344
2012-10-12,-0.002352187780938597
2012-10-15,-0.0
2012-10-16,0.0
2012-10-17,0.0
2012-10-18,0.0
2012-10-19,-0.0
2012-10-22,0.0
2012-10-23,-0.0
2012-10-24,-0.0003528613991108376
2012-10-25,-0.009745481779785847
2012-10-26,-0.0
2012-10-29,-0.0
2012-10-30,0.0
2012-10-31,0.0
2012-11-01,0.0
2012-11-02,0.0
2012-11-05,-0.0
2012-11-06,-0.0
2012-11-07,-0.0
2012-11-08,-0.0
2012-11-09,-0.0
2012-11-12,0.0
2012-11-13,-0.0
2012-11-14,0.0
2012-11-15,-0.0
2012-11-16,-0.0
2012-11-19,0.0
2012-11-20,-0.0
2012-11-21,0.0
2012-11-22,-0.013240953058696436
2012-11-23,0.0
2012-11-26,-0.0
2012-11-27,-0.0
2012-11-28,-0.022215860092103523
2012-11-29,-0.00941247045212712
2012-11-30,0.0
2012-12-03,-0.023961343738239327
2012-12-04,0.012469399409995141
2012-12-05,0.036925928986387246
2012-12-06,-0.0006375186664773214
2012-12-07,0.02282663338360469
2012-12-10,0.017639541860015706
2012-12-11,-0.006728331939924614
2012-12-12,0.0002883941476108376
2012-12-13,-0.013279068286125129
2012-12-14,0.04177312386181398
2012-12-17,0.008365321583834184
2012-12-18,-0.0017141674321126121
2012-12-19,0.0040530295667049465
2012-12-20,0.003152538325766674
2012-12-21,-0.002505741654497129
2012-12-24,0.005362665144611256
2012-12-25,0.0
2012-12-26,0.012414199661972436
2012-12-27,-0.00904394365499206
2012-12-28,0.011164314201057568
2012-12-31,0.0
2013-01-04,-0.00537568760569751
2013-01-07,0.009244226195043392
2013-01-08,0.0
2013-01-09,0.0
2013-01-10,0.0
2013-01-11,-0.0
2013-01-14,0.03471835851283034
2013-01-15,0.019478543467021048
2013-01-16,-3.4775754344074095e-05
2013-01-17,-0.012328433645553138
2013-01-18,0.016616686521792712
2013-01-21,0.007640021358578775
2013-01-22,-0.015951900822658627
2013-01-23,0.0018396532602906746
2013-01-24,-0.020925401322001935
2013-01-25,-0.0016826273915121481
2013-01-28,0.025484087679767953
2013-01-29,0.009487534023810085
2013-01-30,0.005185899865614463
2013-01-31,-0.005981865862228597
2013-02-01,0.008066926463657254
2013-02-04,-0.006656764669827342
2013-02-05,0.010415112100931045
2013-02-06,0.006743073012085876
2013-02-07,0.0037467660161552008
2013-02-08,0.014312738393386759
2013-02-18,0.005317866535128779
2013-02-19,-0.0
2013-02-20,0.02078419480198579
2013-02-21,-0.020647085036502366
2013-02-22,-0.0033592486068667604
2013-02-25,0.0
2013-02-26,-0.015160595274264943
2013-02-27,0.0007641797803692452
2013-02-28,0.020447410843066782
2013-03-01,0.0
2013-03-04,-0.03554963518454568
2013-03-05,0.02250818479447081
2013-03-06,0.015567327789389296
2013-03-07,-0.012121195534670837
2013-03-08,-0.0
2013-03-11,0.00020165920714321217
2013-03-12,-0.0
2013-03-13,-0.009143451358447408
2013-03-14,0.0
2013-03-15,0.0
2013-03-18,-0.012701622777071986
2013-03-19,0.003195102593431365
2013-03-20,0.026090219221830857
2013-03-21,0.010559078397968102
2013-03-22,0.004179499694251465
2013-03-25,-0.003184428702317388
2013-03-26,-0.00692443926333608
2013-03-27,0.0
2013-03-28,-0.0
2013-03-29,-0.000492899349952669
2013-04-01,0.006869183820287228
2013-04-02,-0.01223292691359168
2013-04-03,-0.00912060667930581
2013-04-08,0.004091568719221339
2013-04-09,0.009744571446998362
2013-04-10,-0.002061334874011722
2013-04-11,-0.004087546221274496
2013-04-12,-0.0
2013-04-15,-0.0
2013-04-16,0.010825104202458968
2013-04-17,0.008672570557007209
2013-04-18,0.0
2013-04-19,0.021101311418897373
2013-04-22,0.004686373467916338
2013-04-23,-0.02710145175161327
2013-04-24,0.019938825388927217
2013-04-25,-0.01525869762983667
2013-04-26,-0.0185434516523868
2013-05-02,0.004641053278578999
2013-05-03,0.0
2013-05-06,0.019085784541152506
2013-05-07,0.0019974619144904615
2013-05-08,0.009192157842725202
2013-05-09,0.0005402591555636604
2013-05-10,0.006063384302134267
2013-05-13,0.0037541965655951692
2013-05-14,-0.011546302175584056
2013-05-15,0.0
2013-05-16,0.010741956737492009
2013-05-17,0.01530633294368422
2013-05-20,0.012556211735385014
2013-05-21,0.0
2013-05-22,-0.008235940280851173
2013-05-23,-0.008424146735643068
2013-05-24,0.0
2013-05-27,0.0
2013-05-28,0.0
2013-05-29,0.0
2013-05-30,0.0
2013-05-31,-0.0
2013-06-03,-0.0069535199754243715
2013-06-04,-0.01960671226448496
2013-06-05,0.004125977345897702
2013-06-06,-0.017685045870338145
2013-06-07,-0.0
2013-06-13,-0.02797403911830343
2013-06-14,0.019894453848451565
2013-06-17,0.002340319890208553
2013-06-18,0.0034480167642074733
2013-06-19,-0.006228922612708576
2013-06-20,-0.0
2013-06-21,-0.005344877344877319
2013-06-24,-0.061953065156333365
2013-06-25,-0.004277813520736418
2013-06-26,0.02071677751442169
2013-06-27,-0.01600818060636322
2013-06-28,0.0008536381687607175
2013-07-01,0.02120223239945873
2013-07-02,0.0
2013-07-03,0.0
2013-07-04,0.007820627909327138
2013-07-05,-0.0055921120545996406
2013-07-08,-0.03886959333003126
2013-07-09,0.005996025280205375
2013-07-10,0.03113276133390186
2013-07-11,0.028107336228952118
2013-07-12,-0.008894984779564186
2013-07-15,0.019940790741400427
2013-07-16,0.012271571860401176
2013-07-17,-0.014489679920595133
2013-07-18,-0.0011104511530616312
2013-07-19,-0.024959783982534733
2013-07-22,0.019730077688838055
2013-07-23,0.024178916470207534
2013-07-24,0.006011334369543375
2013-07-25,-0.01907870385948396
2013-07-26,-0.001166300768386419
2013-07-29,-0.0
2013-07-30,-0.004485508917028369
2013-07-31,0.005722292904005055
2013-08-01,0.026352915114523423
2013-08-02,0.0035386166451301104
2013-08-05,0.01667699604653583
2013-08-06,0.0
2013-08-07,-0.0
2013-08-08,0.002649931040619169
2013-08-09,0.0035747465923430255
2013-08-12,0.0
2013-08-13,0.005263587400032632
2013-08-14,-0.003915520017318208
2013-08-15,-0.013517771958229563
2013-08-16,-0.021196149058744562
2013-08-19,0.01538396612601467
2013-08-20,-0.002601807133772893
2013-08-21,0.007739662855174467
2013-08-22,0.0024727773949000387
2013-08-23,-0.0
2013-08-26,0.020843612268017786
2013-08-27,0.0
2013-08-28,-0.007550708716272281
2013-08-29,-0.0007667552214950524
2013-08-30,-0.009978168534589882
2013-09-02,0.007043925603482437
2013-09-03,0.014880920118375274
2013-09-04,0.0027691214915337437
2013-09-05,0.0019519391570179678
2013-09-06,0.0
2013-09-09,0.0
2013-09-10,0.0
2013-09-11,-0.0
2013-09-12,0.0
2013-09-13,0.001235348121100488
2013-09-16,0.0011403130535971862
2013-09-17,-0.0
2013-09-18,0.009463089198133323
2013-09-23,0.0
2013-09-24,0.0010000974453920897
2013-09-25,-0.0
2013-09-26,-0.0
2013-09-27,0.003818056729915975
2013-09-30,0.013113561929077422
2013-10-08,0.0
2013-10-09,0.0
2013-10-10,-0.005382988450312154
2013-10-11,0.0
2013-10-14,0.010280810147705877
2013-10-15,0.0014158178314389591
2013-10-16,-0.0
2013-10-17,-0.0
2013-10-18,0.0
2013-10-21,0.0
2013-10-22,-0.01044720731968063
2013-10-23,-0.0
2013-10-24,-0.006640810148258791
2013-10-25,-0.019593859667124902
2013-10-28,-0.0034224889972735983
2013-10-29,-0.0
2013-10-30,0.0
2013-10-31,-0.0
2013-11-01,-0.0030642221103281964
2013-11-04,0.0
2013-11-05,0.0
2013-11-06,-0.010666066606660696
2013-11-07,-0.013933226477144123
2013-11-08,-0.0
2013-11-11,0.004380237689879163
2013-11-12,0.0
2013-11-13,-0.0
2013-11-14,0.0
2013-11-15,0.0
2013-11-18,0.024469750699193105
2013-11-19,0.0
2013-11-20,0.00995219198200159
2013-11-21,-0.0
2013-11-22,-0.005859663011168137
2013-11-25,-0.0
2013-11-26,0.0015834982810709608
2013-11-27,0.011459611824176763
2013-11-28,0.0
2013-11-29,0.0
2013-12-02,-0.04447620350802506
2013-12-03,0.02362856218475362
2013-12-04,0.01892247588057905
2013-12-05,-0.0010882278159166647
2013-12-06,-0.0025300861349242254
2013-12-09,0.0
2013-12-10,0.0007067406337868398
2013-12-11,-0.0
2013-12-12,0.0026057264550345405
2013-12-13,0.0
2013-12-16,-0.0
2013-12-17,-0.0
2013-12-18,0.0
2013-12-19,-0.0
2013-12-20,-0.0
2013-12-23,-0.0
2013-12-24,0.0
2013-12-25,0.0
2013-12-26,-0.0
2013-12-27,0.0
2013-12-30,0.0
2013-12-31,0.0
2014-01-02,0.0
2014-01-03,-0.0
2014-01-06,-0.0
2014-01-07,0.0
2014-01-08,0.0
2014-01-09,-0.0
2014-01-10,-0.018233126444120895
2014-01-13,-0.0
2014-01-14,0.019797786280253193
2014-01-15,0.0
2014-01-16,0.0
2014-01-17,-0.0
2014-01-20,-0.0
2014-01-21,0.0
2014-01-22,0.0
2014-01-23,0.006962285208894858
2014-01-24,0.014947104815330903
2014-01-27,-0.0
2014-01-28,-0.0020968842978399405
2014-01-29,0.00894210092905956
2014-01-30,-0.0
2014-02-07,0.0
2014-02-10,0.029552741891062162
2014-02-11,0.0
2014-02-12,0.011035736867644586
2014-02-13,-0.0
2014-02-14,0.017158659784175745
2014-02-17,0.01900990769588029
2014-02-18,-0.0
2014-02-19,0.0
2014-02-20,-0.0
2014-02-21,-0.0
2014-02-24,-0.0
2014-02-25,-0.0
2014-02-26,0.0065733672603902615
2014-02-27,-0.013228906477273816
2014-02-28,0.010470858229154167
2014-03-03,0.020842922284849186
2014-03-04,0.0001897112447029059
2014-03-05,-0.005367563559687372
2014-03-06,-0.0012432574335402569
2014-03-07,-0.0
2014-03-10,-0.0
2014-03-11,0.001041386027811786
2014-03-12,0.0
2014-03-13,0.0
2014-03-14,-0.0
2014-03-17,0.0
2014-03-18,0.005558146276293918
2014-03-19,-0.0
2014-03-20,-0.0
2014-03-21,0.0
2014-03-24,0.008468293867761156
2014-03-25,0.0
2014-03-26,0.002595749585331486
2014-03-27,-0.0
2014-03-28,-0.0
2014-03-31,-0.0064031418082471925
2014-04-01,0.0
2014-04-02,0.0
2014-04-03,-0.0014761509364331626
2014-04-04,0.0
2014-04-08,0.0
2014-04-09,0.009275119172598156
2014-04-10,0.0
2014-04-11,-0.0
2014-04-14,0.0074952936817209714
2014-04-15,-0.0
2014-04-16,-0.0
2014-04-17,-0.0
2014-04-18,0.0
2014-04-21,-0.0
2014-04-22,-0.0
2014-04-23,-0.0
2014-04-24,-0.011289916190951321
2014-04-25,-0.021656142771461218
2014-04-28,-0.0
2014-04-29,0.0
2014-04-30,0.0
2014-05-05,0.0
2014-05-06,0.0
2014-05-07,-0.0
2014-05-08,0.0
2014-05-09,-0.0
2014-05-12,0.026033229099950983
2014-05-13,-0.0
2014-05-14,-0.0
2014-05-15,-0.018786476681213582
2014-05-16,-0.0
2014-05-19,-0.0
2014-05-20,0.0
2014-05-21,0.0
2014-05-22,-0.00031755943565148215
2014-05-23,0.0
2014-05-26,0.0
2014-05-27,-0.0
2014-05-28,0.0
2014-05-29,-0.0
2014-05-30,0.0
2014-06-03,-0.0
2014-06-04,-0.0
2014-06-05,0.0
2014-06-06,-0.0
2014-06-09,-0.0
2014-06-10,0.0
2014-06-11,0.0
2014-06-12,-0.0
2014-06-13,0.0
2014-06-16,0.0
2014-06-17,-0.0
2014-06-18,-0.0
2014-06-19,-0.0
2014-06-20,0.0
2014-06-23,0.0
2014-06-24,0.0
2014-06-25,-0.0
2014-06-26,0.0
2014-06-27,0.0
2014-06-30,0.0
2014-07-01,0.0
2014-07-02,0.0
2014-07-03,0.010137435887126234
2014-07-04,-0.00375405818914587
2014-07-07,0.00247967317258313
2014-07-08,0.006282242576267638
2014-07-09,-0.014186661913850207
2014-07-10,-0.0
2014-07-11,0.0
2014-07-14,0.015149823190024225
2014-07-15,0.0005646817248459168
2014-07-16,-0.007571259995455826
2014-07-17,-0.0
2014-07-18,0.0
2014-07-21,-0.0
2014-07-22,0.013162987812140203
2014-07-23,-0.006411496611800738
2014-07-24,-0.0
2014-07-25,0.0
2014-07-28,0.019211208372047484
2014-07-29,0.00947372714034489
2014-07-30,0.0016588004353759178
2014-07-31,0.010012242457602127
2014-08-01,-0.0
2014-08-04,0.016300810883991934
2014-08-05,0.004970961823854481
2014-08-06,0.006623070984065782
2014-08-07,-0.009820727255925754
2014-08-08,0.0
2014-08-11,0.015149477004430034
2014-08-12,0.0052067388314422924
2014-08-13,0.0004545650834921755
2014-08-14,-0.006431445246387391
2014-08-15,0.011464502115011044
2014-08-18,0.01354088488213323
2014-08-19,0.0029887098141199164
2014-08-20,0.00010229178063303479
2014-08-21,-0.0004358073553608621
2014-08-22,0.005852597298596107
2014-08-25,-0.0
2014-08-26,-0.017728441724572885
2014-08-27,0.0030901240814140696
2014-08-28,-0.008983965927879534
2014-08-29,0.010587722441452563
2014-09-01,0.01796796661156108
2014-09-02,0.015237030332073243
2014-09-03,0.0
2014-09-04,0.008534119117468375
2014-09-05,0.0039975128499167845
2014-09-09,0.007549603876163324
2014-09-10,0.0017461769147328887
2014-09-11,-0.0010552218619889198
2014-09-12,0.0
2014-09-15,0.01063917005644388
2014-09-16,-0.03369900739668363
2014-09-17,0.008718020471203625
2014-09-18,0.007033642406717888
2014-09-19,0.008417019671498771
2014-09-22,-0.013554036476118636
2014-09-23,0.012832775556374632
2014-09-24,0.01288051034079496
2014-09-25,-0.00020350062607599195
2014-09-26,0.0031590556479803578
2014-09-29,0.0
2014-09-30,0.0
2014-10-08,0.0
2014-10-09,0.0020967131468119238
2014-10-10,-0.0044264588329335774
2014-10-13,0.0001666047753343669
2014-10-14,-0.0
2014-10-15,0.004355548037888957
2014-10-16,-0.01633414933907551
2014-10-17,-0.00927594247325858
2014-10-20,0.014078132297000723
2014-10-21,-0.0
2014-10-22,-0.0
2014-10-23,-0.0
2014-10-24,0.0
2014-10-27,0.0
2014-10-28,0.0
2014-10-29,0.0
2014-10-30,0.0001742872253474026
2014-10-31,-0.0
2014-11-03,0.008479029042880448
2014-11-04,-0.005017201264740256
2014-11-05,-0.0016048862089711458
2014-11-06,0.0
2014-11-07,-0.0
2014-11-10,0.0
2014-11-11,-0.029719737626714426
2014-11-12,0.017187410375542056
2014-11-13,-0.0
2014-11-14,-0.0024503877748813796
2014-11-17,0.0
2014-11-18,0.0
2014-11-19,0.0
2014-11-20,-0.0
2014-11-21,0.0
2014-11-24,0.0
2014-11-25,0.015038770607888718
2014-11-26,0.0
2014-11-27,0.0
2014-11-28,-0.0
2014-12-01,-0.0
2014-12-02,0.0
2014-12-03,0.0
2014-12-04,0.021155607500266793
2014-12-05,-0.021656431815347044
2014-12-08,0.014769708411684457
2014-12-09,-0.040139154982661074
2014-12-10,0.034393820699425204
2014-12-11,0.014949479912915509
2014-12-12,0.0071061373853227305
2014-12-15,0.0
2014-12-16,0.004135324880005564
2014-12-17,-0.008810902689465605
2014-12-18,0.00013675730436957245
2014-12-19,-0.0
2014-12-22,-0.03962803125203651
2014-12-23,-0.021015190727605493
2014-12-24,0.013217886216430497
2014-12-25,0.0
2014-12-26,0.010847115140850239
2014-12-29,-0.010162740307039675
2014-12-30,-0.01724221445551488
2014-12-31,0.009027334130792042
2015-01-05,0.017718417873602066
2015-01-06,0.011600474061384203
2015-01-07,0.001529236148368751
2015-01-08,-0.0
2015-01-09,-0.0
2015-01-12,-0.0
2015-01-13,0.0
2015-01-14,-0.0
2015-01-15,0.0
2015-01-16,0.0
2015-01-19,-0.0
2015-01-20,0.036087392794259765
2015-01-21,0.0
2015-01-22,0.0
2015-01-23,-0.0
2015-01-26,0.0
2015-01-27,0.0
2015-01-28,-0.0
2015-01-29,-0.0
2015-01-30,-0.0
2015-02-02,-0.0
2015-02-03,0.0
2015-02-04,-0.0
2015-02-05,-0.0
2015-02-06,-0.0
2015-02-09,-0.0
2015-02-10,0.0
2015-02-11,0.0
2015-02-12,0.0
2015-02-13,0.0
2015-02-16,0.0
2015-02-17,0.0
2015-02-25,-0.0
2015-02-26,0.0
2015-02-27,0.0
2015-03-02,0.0
2015-03-03,-0.0
2015-03-04,0.0
2015-03-05,-0.0
2015-03-06,-0.0
2015-03-09,0.0
2015-03-10,0.0
2015-03-11,-0.0
2015-03-12,-0.0
2015-03-13,0.0
2015-03-16,0.0
2015-03-17,0.0
2015-03-18,0.0
2015-03-19,0.0
2015-03-20,0.0
2015-03-23,0.0
2015-03-24,0.0
2015-03-25,0.0
2015-03-26,-0.0
2015-03-27,0.0
2015-03-30,0.0
2015-03-31,0.0
2015-04-01,0.0
2015-04-02,0.0
2015-04-03,0.0
2015-04-07,0.0
2015-04-08,-0.0
2015-04-09,-0.0
2015-04-10,0.0
2015-04-13,0.0
2015-04-14,-0.0
2015-04-15,-0.0
2015-04-16,0.0
2015-04-17,0.0
2015-04-20,-0.0
2015-04-21,0.0
2015-04-22,0.0
2015-04-23,0.0
2015-04-24,0.0
2015-04-27,0.0
2015-04-28,-0.0
2015-04-29,0.0
2015-04-30,0.0
2015-05-04,0.0
2015-05-05,-0.0
2015-05-06,-0.0
2015-05-07,-0.0
2015-05-08,0.0
2015-05-11,0.0
2015-05-12,0.0
2015-05-13,0.0
2015-05-14,-0.0
2015-05-15,-0.0
2015-05-18,0.0
2015-05-19,0.0
2015-05-20,0.0
2015-05-21,0.0
2015-05-22,0.0
2015-05-25,0.0
2015-05-26,0.03321680062947574
2015-05-27,0.011924500655509984
2015-05-28,-0.0
2015-05-29,0.009973227730477596
2015-06-01,0.0523194914335936
2015-06-02,0.0
2015-06-03,0.0
2015-06-04,-0.0
2015-06-05,0.0163331934995532
2015-06-08,-0.0
2015-06-09,-0.0
2015-06-10,0.0
2015-06-11,0.0
2015-06-12,0.0
2015-06-15,-0.0
2015-06-16,-0.0
2015-06-17,0.0
2015-06-18,-0.0
2015-06-19,-0.0
2015-06-23,0.0
2015-06-24,0.0
2015-06-25,-0.0
2015-06-26,-0.0
2015-06-29,-0.0
2015-06-30,0.0
2015-07-01,-0.055480450302155204
2015-07-02,-0.0
2015-07-03,-0.0
2015-07-06,-0.0
2015-07-07,-0.06529436152570489
2015-07-08,-0.0
2015-07-09,0.044526435204328196
2015-07-10,0.0
2015-07-13,0.0
2015-07-14,0.0
2015-07-15,-0.0
2015-07-16,0.0
2015-07-17,0.0
2015-07-20,0.0
2015-07-21,0.0
2015-07-22,0.0
2015-07-23,0.0
2015-07-24,-0.0
2015-07-27,-0.0
2015-07-28,-0.0
2015-07-29,0.04875670277209143
2015-07-30,-0.0
2015-07-31,-0.0
2015-08-03,-0.0
2015-08-04,0.0
2015-08-05,-0.0
2015-08-06,-0.0
2015-08-07,0.0
2015-08-10,0.0
2015-08-11,0.0
2015-08-12,-0.0
2015-08-13,0.0
2015-08-14,0.0
2015-08-17,0.0
2015-08-18,-0.0
2015-08-19,0.0
2015-08-20,-0.034944335078132216
2015-08-21,-0.0
2015-08-24,-0.0
2015-08-25,-0.0
2015-08-26,-0.0
2015-08-27,0.0
2015-08-28,0.0
2015-08-31,-0.0
2015-09-01,-0.0
2015-09-02,-0.0
2015-09-07,0.0
2015-09-08,0.0
2015-09-09,0.0
2015-09-10,-0.0
2015-09-11,0.0
2015-09-14,-0.0
2015-09-15,-0.0
2015-09-16,0.0
2015-09-17,-0.0
2015-09-18,0.0
2015-09-21,0.0
2015-09-22,0.0
2015-09-23,-0.0
2015-09-24,0.0
2015-09-25,-0.0
2015-09-28,0.0
2015-09-29,-0.0
2015-09-30,0.0
2015-10-08,0.0
2015-10-09,0.0
2015-10-12,0.0
2015-10-13,0.0
2015-10-14,-0.0
2015-10-15,0.0
2015-10-16,0.0
2015-10-19,-0.0
2015-10-20,0.0
2015-10-21,-0.0
2015-10-22,0.0
2015-10-23,0.0
2015-10-26,0.0
2015-10-27,0.0
2015-10-28,-0.0
2015-10-29,0.0
2015-10-30,-0.0
2015-11-02,-0.0
2015-11-03,-0.0
2015-11-04,0.0
2015-11-05,0.0
2015-11-06,0.0
2015-11-09,0.0
2015-11-10,0.0
2015-11-11,0.0
2015-11-12,-0.0
2015-11-13,-0.0
2015-11-16,0.0
2015-11-17,-0.0
2015-11-18,-0.0
2015-11-19,0.0
2015-11-20,0.0
2015-11-23,-0.0
2015-11-24,0.0
2015-11-25,0.0
2015-11-26,-0.0
2015-11-27,-0.0
2015-11-30,0.0
2015-12-01,0.0
2015-12-02,-0.0
2015-12-03,0.0
2015-12-04,-0.0
2015-12-07,0.0
2015-12-08,-0.0
2015-12-09,-0.0
2015-12-10,-0.0
2015-12-11,-0.0
2015-12-14,0.0
2015-12-15,0.0
2015-12-16,0.0
2015-12-17,0.0
2015-12-18,-0.0
2015-12-21,0.0
2015-12-22,0.0
2015-12-23,-0.0
2015-12-24,-0.0
2015-12-25,0.0
2015-12-28,-0.0
2015-12-29,0.0
2015-12-30,0.0
2015-12-31,-0.0
2016-01-04,-0.0
2016-01-05,-0.0
2016-01-06,0.025526362388130774
2016-01-07,-0.0
2016-01-08,0.0
2016-01-11,-0.06723608652706148
2016-01-12,0.0013053424402724723
2016-01-13,-0.0
2016-01-14,0.0
2016-01-15,-0.037738251899647524
2016-01-18,0.0
2016-01-19,0.0
2016-01-20,-0.0
2016-01-21,-0.0
2016-01-22,0.0
2016-01-25,0.0
2016-01-26,-0.0
2016-01-27,-0.0
2016-01-28,-0.044060868414037224
2016-01-29,0.0
2016-02-01,-0.0
2016-02-02,0.0
2016-02-03,0.0
2016-02-04,0.0
2016-02-05,-0.0
2016-02-15,0.0
2016-02-16,0.0
2016-02-17,0.0
2016-02-18,-0.0
2016-02-19,0.0
2016-02-22,0.0
2016-02-23,-0.0
2016-02-24,0.0
2016-02-25,-0.0
2016-02-26,0.004068573866211622
2016-02-29,-0.0
2016-03-01,0.0
2016-03-02,0.0
2016-03-03,0.004142078687327855
2016-03-04,-0.026903330113657864
2016-03-07,0.023301361187997527
2016-03-08,0.0
2016-03-09,-0.0
2016-03-10,-0.0
2016-03-11,-0.0
2016-03-14,0.0
2016-03-15,-0.0
2016-03-16,-0.0
2016-03-17,0.0
2016-03-18,0.0
2016-03-21,0.025250199184436273
2016-03-22,-0.003933122167791292
2016-03-23,0.0
2016-03-24,-0.0
2016-03-25,0.0
2016-03-28,-0.0
2016-03-29,-0.0
2016-03-30,0.0
2016-03-31,0.0
2016-04-01,-0.0
2016-04-05,0.0
2016-04-06,0.0
2016-04-07,-0.0
2016-04-08,-0.0
2016-04-11,0.0
2016-04-12,-0.0
2016-04-13,0.0
2016-04-14,0.00908226845495852
2016-04-15,-0.0
2016-04-18,-0.0
2016-04-19,0.0
2016-04-20,-0.0
2016-04-21,-0.008556659432334635
2016-04-22,0.0
2016-04-25,-0.0
2016-04-26,0.0
2016-04-27,-0.0
2016-04-28,-0.0
2016-04-29,-0.0
2016-05-03,0.0
2016-05-04,0.0
2016-05-05,0.0
2016-05-06,-0.0
2016-05-09,-0.0
2016-05-10,-0.0
2016-05-11,-0.0
2016-05-12,0.0
2016-05-13,-0.0
2016-05-16,0.0
2016-05-17,-0.0
2016-05-18,-0.0
2016-05-19,0.0
2016-05-20,0.0
2016-05-23,0.0
2016-05-24,-0.0
2016-05-25,-0.0
2016-05-26,0.0
2016-05-27,-0.0
2016-05-30,-0.0
2016-05-31,0.0
2016-06-01,0.004449062771130441
2016-06-02,0.0
2016-06-03,0.0
2016-06-06,0.0
2016-06-07,-0.0
2016-06-08,-0.0
2016-06-13,-0.0
2016-06-14,0.0
2016-06-15,0.0
2016-06-16,-0.0037477846745677112
2016-06-17,0.0
2016-06-20,0.0
2016-06-21,-0.0
2016-06-22,0.0
2016-06-23,-0.0
2016-06-24,-0.0
2016-06-27,0.0
2016-06-28,0.0
2016-06-29,0.0
2016-06-30,0.0
2016-07-01,-0.0
2016-07-04,0.0
2016-07-05,0.0
2016-07-06,0.0
2016-07-07,0.0
2016-07-08,-0.0
2016-07-11,0.0
2016-07-12,0.0
2016-07-13,0.008038904482303044
2016-07-14,0.0
2016-07-15,-0.0
2016-07-18,-0.0
2016-07-19,0.0
2016-07-20,-0.0
2016-07-21,0.0
2016-07-22,-0.0
2016-07-25,0.0
2016-07-26,0.0
2016-07-27,-0.0
2016-07-28,0.002247447140846015
2016-07-29,-0.0
2016-08-01,-0.0
2016-08-02,0.0
2016-08-03,0.0
2016-08-04,0.0
2016-08-05,-0.0
2016-08-08,0.0
2016-08-09,0.0
2016-08-10,-0.0
2016-08-11,-0.0
2016-08-12,0.0
2016-08-15,0.0
2016-08-16,0.004093112488416706
2016-08-17,0.0
2016-08-18,0.0
2016-08-19,0.0
2016-08-22,-0.0
2016-08-23,0.0
2016-08-24,0.0
2016-08-25,-0.0
2016-08-26,0.0
2016-08-29,0.0
2016-08-30,-0.0
2016-08-31,0.0
2016-09-01,-0.0
2016-09-02,-0.0
2016-09-05,0.0
2016-09-06,0.0
2016-09-07,0.0
2016-09-08,0.0
2016-09-09,-0.0
2016-09-12,-0.0
2016-09-13,0.0
2016-09-14,-0.0
2016-09-19,0.0
2016-09-20,-0.0
2016-09-21,0.0
2016-09-22,0.0
2016-09-23,-0.0
2016-09-26,-0.0
2016-09-27,0.0
2016-09-28,-0.0
2016-09-29,0.0
2016-09-30,0.0
2016-10-10,0.0
2016-10-11,0.0
2016-10-12,-0.0
2016-10-13,0.0
2016-10-14,-0.0
2016-10-17,-0.0
2016-10-18,0.0
2016-10-19,-0.0
2016-10-20,0.0
2016-10-21,-0.0
2016-10-24,0.0
2016-10-25,0.0
2016-10-26,-0.0
2016-10-27,-0.0
2016-10-28,-0.0
2016-10-31,-0.0
2016-11-01,0.0
2016-11-02,-0.0
2016-11-03,0.0
2016-11-04,-0.0
2016-11-07,0.0
2016-11-08,0.0
2016-11-09,-0.0
2016-11-10,0.0
2016-11-11,0.0
2016-11-14,0.0
2016-11-15,0.0
2016-11-16,0.0
2016-11-17,-0.0
2016-11-18,-0.0
2016-11-21,0.0
2016-11-22,0.0
2016-11-23,-0.0
2016-11-24,-0.0
2016-11-25,0.0
2016-11-28,0.0
2016-11-29,-0.0
2016-11-30,-0.0
2016-12-01,0.0
2016-12-02,-0.0
2016-12-05,-0.0
2016-12-06,0.0
2016-12-07,0.0
2016-12-08,-0.0
2016-12-09,-0.0
2016-12-12,-0.0
2016-12-13,0.0
2016-12-14,-0.0
2016-12-15,0.0
2016-12-16,0.0
2016-12-19,0.0
2016-12-20,-0.0
2016-12-21,0.0
2016-12-22,-0.0
2016-12-23,-0.0
2016-12-26,0.0
2016-12-27,-0.0
2016-12-28,-0.0
2016-12-29,-0.0
2016-12-30,0.0
2017-01-03,0.0
2017-01-04,0.011693214107164396
2017-01-05,0.0
2017-01-06,-0.004322361265642338
2017-01-09,0.006874232926634027
2017-01-10,-0.0033497417160528453
2017-01-11,-0.009692004760765371
2017-01-12,-0.00933518215528839
2017-01-13,-0.012464828586687182
2017-01-16,-0.026380786031840353
2017-01-17,0.008427785994256531
2017-01-18,-0.0
2017-01-19,-0.0041063904465452605
2017-01-20,0.012960667938520798
2017-01-23,0.0
2017-01-24,-0.0011195414254629998
2017-01-25,0.0023210699954259173
2017-01-26,0.0071428918193336965
2017-02-03,-0.002670432908988385
2017-02-06,0.008403293652903265
2017-02-07,-0.0005304149858209595
2017-02-08,0.0057017901415137295
2017-02-09,0.0
2017-02-10,0.0009366342451169185
2017-02-13,0.005134832754994045
2017-02-14,0.0
2017-02-15,-0.009910774791054955
2017-02-16,0.007547887256998953
2017-02-17,-0.008205254004346463
2017-02-20,0.01235104230747286
2017-02-21,0.007733678305293701
2017-02-22,0.00618391033252319
2017-02-23,-3.7070045395326545e-05
2017-02-24,0.00033673206168072234
2017-02-27,-0.008017084171663247
2017-02-28,0.004159240378254214
2017-03-01,0.0025841075063131047
2017-03-02,-0.0
2017-03-03,0.002829999549313733
2017-03-06,0.009992499426608958
2017-03-07,0.000900676965378322
2017-03-08,-0.004001109886420551
2017-03-09,-0.008882438137689297
2017-03-10,0.0013262146355705884
2017-03-13,0.009302224593357167
2017-03-14,-0.002215768527481954
2017-03-15,-0.0
2017-03-16,0.008831247321178015
2017-03-17,-0.009183383409695933
2017-03-20,0.0023275363436547902
2017-03-21,0.0
2017-03-22,-0.0
2017-03-23,0.0019077539428196122
2017-03-24,0.005287007903639118
2017-03-27,-0.004672640232669667
2017-03-28,-0.002661129552810504
2017-03-29,-0.0027928705631442563
2017-03-30,-0.01617149188184941
2017-03-31,0.004063842001085449
2017-04-05,0.021606929463497737
2017-04-06,0.0
2017-04-07,0.0029086917747136454
2017-04-10,-0.0018529412211778507
2017-04-11,0.0
2017-04-12,-0.007948204677207027
2017-04-13,0.0
2017-04-14,-0.013232159862146098
2017-04-17,-0.010961741133795666
2017-04-18,-0.005945853854970151
2017-04-19,-0.0
2017-04-20,-0.000453496886145377
2017-04-21,-0.0
2017-04-24,-0.025744717658803484
2017-04-25,0.00357742119410287
2017-04-26,0.0025874691175657993
2017-04-27,0.0025743151350301474
2017-04-28,0.0031587616879027447
2017-05-02,0.0006857849339811928
2017-05-03,-0.0
2017-05-04,-0.0034159045289374745
2017-05-05,-0.014026174204338826
2017-05-08,-0.018743185191997025
2017-05-09,0.006101540613902667
2017-05-10,-0.0
2017-05-11,-0.0
2017-05-12,-0.0015086911508283007
2017-05-15,0.0
2017-05-16,0.02056838793859672
2017-05-17,0.0021480598464103107
2017-05-18,-0.0
2017-05-19,-0.0002208724461624234
2017-05-22,-0.014421805596001813
2017-05-23,-0.0
2017-05-24,0.0
2017-05-25,0.0
2017-05-26,-0.002370615984138902
2017-05-31,-0.0
2017-06-01,-0.019591009769749923
2017-06-02,0.0
2017-06-05,0.0
2017-06-06,0.004422435434505934
2017-06-07,0.019429874416247772
2017-06-08,0.0
2017-06-09,0.0017268055942460947
2017-06-12,-0.011126988727264808
2017-06-13,0.0
2017-06-14,-0.0
2017-06-15,0.009174665587294184
2017-06-16,-0.001356879144750911
2017-06-19,0.007385664393813274
2017-06-20,0.0015666761866870438
2017-06-21,0.0018609174372414827
2017-06-22,-0.01412591577426825
2017-06-23,0.0030005023087849025
2017-06-26,0.016859363327349053
2017-06-27,0.0002503419704040777
2017-06-28,-0.004410150543825875
2017-06-29,0.005057334531670676
2017-06-30,0.003460852478097909
2017-07-03,0.0
2017-07-04,-0.004945446304270296
2017-07-05,0.007664088110170164
2017-07-06,0.0012415320731808954
2017-07-07,0.0
2017-07-10,-0.0031239911275439125
2017-07-11,-0.0124980665618315
2017-07-12,0.0
2017-07-13,0.0027621111399172005
2017-07-14,-0.0034455676731280915
2017-07-17,-0.04116343653018395
2017-07-18,0.010545464446282349
2017-07-19,0.0
2017-07-20,0.006588154524570289
2017-07-21,0.004398879867787642
2017-07-24,0.006695929390755362
2017-07-25,-0.0021938892158912537
2017-07-26,-0.0011212948517941301
2017-07-27,0.006071550588120589
2017-07-28,0.0
2017-07-31,0.0
2017-08-01,-0.0
2017-08-02,-0.0
2017-08-03,0.0
2017-08-04,-0.0
2017-08-07,0.012578070784177608
2017-08-08,0.0
2017-08-09,0.0057585045021035786
2017-08-10,-0.00801259302021129
2017-08-11,-0.020357055405916924
2017-08-14,0.0
2017-08-15,0.003515217778229829
2017-08-16,0.0006397709493313197
2017-08-17,0.007474520478571778
2017-08-18,-0.0028699204999033112
2017-08-21,0.008825160371532581
2017-08-22,-0.004341185987026486
2017-08-23,-0.008343815382105935
2017-08-24,-0.006989014325976761
2017-08-25,0.010820900871055361
2017-08-28,0.012298058939294476
2017-08-29,-0.0025558090956918633
2017-08-30,0.007069111882350043
2017-08-31,0.002629597146337037
2017-09-01,0.008665575549074767
2017-09-04,0.005849996169462912
2017-09-05,0.0
2017-09-06,0.0053652999303088755
2017-09-07,-0.007343592972429702
2017-09-08,0.0023755069679505247
2017-09-11,0.01147671648783577
2017-09-12,-0.0
2017-09-13,0.006076149795078534
2017-09-14,-0.001823654549861109
2017-09-15,-0.0
2017-09-18,0.0
2017-09-19,-0.00501240731994379
2017-09-20,0.008506604862553058
2017-09-21,-0.0
2017-09-22,-0.006055610589756566
2017-09-25,-0.012503024188946776
2017-09-26,0.004758206673816323
2017-09-27,0.0095725625391061
2017-09-28,-0.0023317140452733254
2017-09-29,0.005400598983828608
2017-10-09,0.011374684625472753
2017-10-10,0.0040593737693479515
2017-10-11,-0.005817629759539811
2017-10-12,-0.0011055326132121124
2017-10-13,0.007616644891952351
2017-10-16,-0.013504088038129192
2017-10-17,-0.0009472429489320033
2017-10-18,-0.0
2017-10-19,-0.009452360347622535
2017-10-20,0.010769988002584219
2017-10-23,0.006290877770710246
2017-10-24,-0.0
2017-10-25,0.0
2017-10-26,0.0
2017-10-27,-0.006163134205544707
2017-10-30,-0.0
2017-10-31,0.0074403847807658074
2017-11-01,-0.001106671890076738
2017-11-02,-0.0
2017-11-03,-0.008936102625625941
2017-11-06,0.013088573482413324
2017-11-07,0.006272365652501
2017-11-08,0.0014881088654659091
2017-11-09,0.00756817222392403
2017-11-10,0.004517988005475315
2017-11-13,0.004515736566474304
2017-11-14,-0.008499207789891217
2017-11-15,-0.011618396525215124
2017-11-16,0.0031586225040765026
2017-11-17,-0.029942164978477792
2017-11-20,0.011196270320059654
2017-11-21,0.0
2017-11-22,-0.002619126906069358
2017-11-23,-0.02561247561899782
2017-11-24,0.000560999982468724
2017-11-27,-0.013297164874968681
2017-11-28,0.016911640070707445
2017-11-29,0.0030257282146775033
2017-11-30,-0.008696863273280897
2017-12-01,0.008460234185157622
2017-12-04,-0.0
2017-12-05,-0.02336287864552311
2017-12-06,0.0
2017-12-07,-0.0
2017-12-08,0.011029309898019202
2017-12-11,0.013385156549747368
2017-12-12,-0.008424843744283095
2017-12-13,0.0070958623245485075
2017-12-14,0.0
2017-12-15,-0.0
2017-12-18,-0.005736269516466441
2017-12-19,0.0
2017-12-20,-0.0
2017-12-21,0.006313554947607658
2017-12-22,0.0007020918490021621
2017-12-25,-0.0
2017-12-26,0.0055871792343171744
2017-12-27,-0.007556087875694284
2017-12-28,0.0050411864283228525
2017-12-29,0.007502897198219838
2018-01-02,0.013023891265465881
2018-01-03,0.0
2018-01-04,0.0
2018-01-05,-0.0
2018-01-08,0.0
2018-01-09,-0.0
2018-01-10,-0.0
2018-01-11,0.0
2018-01-12,-0.0
2018-01-15,-0.0
2018-01-16,0.0
2018-01-17,-0.0
2018-01-18,0.0030857795662038168
2018-01-19,-0.0
2018-01-22,0.0
2018-01-23,0.0
2018-01-24,0.006184107002360273
2018-01-25,-0.0018109879111083416
2018-01-26,0.0
2018-01-29,-0.0
2018-01-30,0.0
2018-01-31,-0.0
2018-02-01,-0.0
2018-02-02,0.003360212807908214
2018-02-05,-0.001104107513093644
2018-02-06,-0.0
2018-02-07,0.0
2018-02-08,0.0
2018-02-09,-0.0
2018-02-12,0.0
2018-02-13,0.0066413995192222686
2018-02-14,0.0
2018-02-22,0.02100843986703338
2018-02-23,0.0
2018-02-26,0.0
2018-02-27,-0.0
2018-02-28,0.0
2018-03-01,0.0
2018-03-02,-0.0
2018-03-05,0.0
2018-03-06,0.0
2018-03-07,-0.009615040403021413
2018-03-08,0.0073967097621125966
2018-03-09,0.0
2018-03-12,0.014306474324067509
2018-03-13,-0.0
2018-03-14,-0.0
2018-03-15,-0.0
2018-03-16,-0.005469158315952183
2018-03-19,0.0
2018-03-20,0.0032288834758191776
2018-03-21,-0.007207995205468332
2018-03-22,-0.0
2018-03-23,-0.0
2018-03-26,0.0
2018-03-27,0.0
2018-03-28,-0.0
2018-03-29,0.0
2018-03-30,0.0
2018-04-02,0.0
2018-04-03,-0.0
2018-04-04,-0.0
2018-04-09,0.0
2018-04-10,0.0
2018-04-11,0.0
2018-04-12,-0.0
2018-04-13,-0.0
2018-04-16,-0.0024522206865885687
2018-04-17,-0.0
2018-04-18,0.0
2018-04-19,0.0
2018-04-20,-0.0
2018-04-23,-0.0
2018-04-24,0.0
2018-04-25,0.0
2018-04-26,-0.0
2018-04-27,0.0
2018-05-02,-0.0009657088063770303
2018-05-03,0.0
2018-05-04,-0.0
2018-05-07,0.0
2018-05-08,0.0
2018-05-09,-0.0
2018-05-10,0.0
2018-05-11,-0.0
2018-05-14,-0.0
2018-05-15,0.0
2018-05-16,-0.0
2018-05-17,-0.0
2018-05-18,0.0
2018-05-21,0.01285205541145773
2018-05-22,0.0
2018-05-23,-0.0
2018-05-24,-0.0
2018-05-25,-0.0
2018-05-28,-0.0
2018-05-29,-0.0
2018-05-30,-0.0
2018-05-31,0.0
2018-06-01,-0.0
2018-06-04,-0.0
2018-06-05,0.0
2018-06-06,-0.0008340427888176016
2018-06-07,-0.0
2018-06-08,-0.0
2018-06-11,-0.0
2018-06-12,0.0
2018-06-13,-0.0
2018-06-14,-0.003583008442987534
2018-06-15,-0.0
2018-06-19,-0.0
2018-06-20,0.011023569979637271
2018-06-21,-0.0
2018-06-22,0.0
2018-06-25,-0.0
2018-06-26,0.0
2018-06-27,-0.0
2018-06-28,-0.0
2018-06-29,0.0
2018-07-02,-0.01513676366870087
2018-07-03,0.0
2018-07-04,-0.0
2018-07-05,-0.0
2018-07-06,0.0027835978453707444
2018-07-09,0.0
2018-07-10,0.0
2018-07-11,-0.0
2018-07-12,0.02707221375015889
2018-07-13,0.0
2018-07-16,-0.0
2018-07-17,0.0
2018-07-18,-0.0
2018-07-19,-0.0
2018-07-20,0.0
2018-07-23,0.0
2018-07-24,0.0
2018-07-25,0.0
2018-07-26,-0.0
2018-07-27,-0.0
2018-07-30,-0.0
2018-07-31,0.0
2018-08-01,-0.0
2018-08-02,-0.0
2018-08-03,-0.0
2018-08-06,-0.0
2018-08-07,0.0
2018-08-08,-0.0
2018-08-09,0.0
2018-08-10,0.0
2018-08-13,0.004923954032493683
2018-08-14,-0.0
2018-08-15,-0.0
2018-08-16,-0.0
2018-08-17,-0.0
2018-08-20,0.0
2018-08-21,0.0
2018-08-22,-0.0
2018-08-23,0.0
2018-08-24,-0.0
2018-08-27,0.0
2018-08-28,0.0
2018-08-29,-0.0
2018-08-30,-0.0
2018-08-31,-0.0
2018-09-03,0.0
2018-09-04,0.0
2018-09-05,-0.0
2018-09-06,-0.0
2018-09-07,-0.0
2018-09-10,-0.0
2018-09-11,-0.00042083963884320674
2018-09-12,-0.0
2018-09-13,0.0
2018-09-14,-0.0
2018-09-17,-0.014494398382897011
2018-09-18,0.0
2018-09-19,0.011397434829860442
2018-09-20,-0.0007198816100860705
2018-09-21,0.015155868409711504
2018-09-25,-0.0
2018-09-26,0.004815807868462585
2018-09-27,-0.0
2018-09-28,0.0
2018-10-08,-0.03212844713199858
2018-10-09,-0.0
2018-10-10,-0.0
2018-10-11,-0.0
2018-10-12,-0.0068207883141184755
2018-10-15,-0.01844068779160557
2018-10-16,-0.0
2018-10-17,0.0
2018-10-18,-0.0
2018-10-19,0.0
2018-10-22,0.04969731031325186
2018-10-23,-0.01836543476555108
2018-10-24,-0.0018972343166666628
2018-10-25,-0.0
2018-10-26,-0.0
2018-10-29,-0.0
2018-10-30,0.0
2018-10-31,0.0
2018-11-01,0.0
2018-11-02,0.032326272743767204
2018-11-05,0.0006489482756677489
2018-11-06,-0.0006147499453930116
2018-11-07,-0.005173385007097631
2018-11-08,-0.0
2018-11-09,-0.0031307546442189693
2018-11-12,0.0
2018-11-13,0.0
2018-11-14,-0.0
2018-11-15,0.0
2018-11-16,0.008504678763845197
2018-11-19,0.0
2018-11-20,-0.028537233928670802
2018-11-21,0.0
2018-11-22,-0.0
2018-11-23,-0.0
2018-11-26,-0.0
2018-11-27,0.0
2018-11-28,0.01235513315784087
2018-11-29,-0.0
2018-11-30,0.0
2018-12-03,0.0
2018-12-04,0.0
2018-12-05,-0.007387224136448767
2018-12-06,-0.0
2018-12-07,-0.0
2018-12-10,-0.011709469140504525
2018-12-11,0.0
2018-12-12,-0.0005118790054532418
2018-12-13,0.0
2018-12-14,-0.0
2018-12-17,-0.0
2018-12-18,-0.0
2018-12-19,-0.0
2018-12-20,0.0027919677958521127
2018-12-21,-0.0
2018-12-24,0.0
2018-12-25,-0.0
2018-12-26,-0.004046848782750523
2018-12-27,-0.0
2018-12-28,0.0
2019-01-02,-0.0
2019-01-03,-0.0
2019-01-04,0.02384501107515291
2019-01-07,0.018390455201762856
2019-01-08,-0.002569770912618341
2019-01-09,0.0
2019-01-10,-0.001611184558743095
2019-01-11,0.0
2019-01-14,-0.0
2019-01-15,0.0
2019-01-16,-0.002410658422582812
2019-01-17,-0.0
2019-01-18,0.010242278209832145
2019-01-21,0.0
2019-01-22,-0.0
2019-01-23,0.0
2019-01-24,0.0
2019-01-25,-0.0
2019-01-28,-0.0
2019-01-29,-0.0
2019-01-30,-0.010029875725444226
2019-01-31,-0.0
2019-02-01,0.0
2019-02-11,0.0
2019-02-12,0.00831503087758656
2019-02-13,0.0
2019-02-14,0.0
2019-02-15,-0.006495784580013653
2019-02-18,0.03514978690705428
2019-02-19,0.0013473503540011311
2019-02-20,7.2847568605372e-05
2019-02-21,-0.0
2019-02-22,0.02536090351438247
2019-02-25,0.055899776024114
2019-02-26,-0.0011517836787694469
2019-02-27,-0.004100394161800858
2019-02-28,0.0014767192519549166
2019-03-01,0.008345787009306882
2019-03-04,0.017962476540437367
2019-03-05,0.026567149711627103
2019-03-06,0.017891371388535804
2019-03-07,0.012725346612171062
2019-03-08,-0.03900619570514163
2019-03-11,0.04016241874297055
2019-03-12,0.01734116758730142
2019-03-13,-0.02272383354350571
2019-03-14,-0.023292767002282
2019-03-15,0.011420213267905988
2019-03-18,0.026529153705628472
2019-03-19,0.0038173628203403975
2019-03-20,-0.001157151704580528
2019-03-21,0.013359826969482125
2019-03-22,0.005843119574629574
2019-03-25,-0.01289010946009883
2019-03-26,-0.027891748518380388
2019-03-27,0.009824129545050075
2019-03-28,-0.014273442146302773
2019-03-29,0.03306071372706754
2019-04-01,0.037886243929873276
2019-04-02,0.0030758062051046142
2019-04-03,0.010473461401944384
2019-04-04,0.006086318805217372
2019-04-08,-0.004075577870276459
2019-04-09,0.0017819184866347815
2019-04-10,-0.0012444414096840495
2019-04-11,-0.021123751444256822
2019-04-12,-0.002234960722311441
2019-04-15,-0.010218099283035631
2019-04-16,0.021398590518354244
2019-04-17,0.0
2019-04-18,-0.005606321230497868
2019-04-19,0.006062159209166085
2019-04-22,-0.014997814181316294
2019-04-23,-0.016596074813385764
2019-04-24,0.0
2019-04-25,-0.0
2019-04-26,-0.0
2019-04-29,-0.0
2019-04-30,0.007968702522029858
2019-05-06,-0.0
2019-05-07,0.0
2019-05-08,-0.0
2019-05-09,-0.011991333416873196
2019-05-10,0.03598511581475372
2019-05-13,-0.0
2019-05-14,-0.0
2019-05-15,0.0
2019-05-16,0.0
2019-05-17,-0.0
2019-05-20,-0.0
2019-05-21,0.01752999861888549
2019-05-22,-0.0
2019-05-23,-0.0
2019-05-24,-0.0
2019-05-27,0.0
2019-05-28,-0.0
2019-05-29,0.0
2019-05-30,-0.0
2019-05-31,-0.0
2019-06-03,-0.0
2019-06-04,-0.0
2019-06-05,-0.0
2019-06-06,-0.0
2019-06-10,0.0
2019-06-11,0.0
2019-06-12,-0.0077486957994234995
2019-06-13,0.0
2019-06-14,-0.0
2019-06-17,0.0
2019-06-18,-0.0
2019-06-19,0.0
2019-06-20,0.0
2019-06-21,0.013437664615428169
2019-06-24,0.0
2019-06-25,-0.0
2019-06-26,-0.0
2019-06-27,0.0
2019-06-28,-0.0
2019-07-01,0.0
2019-07-02,-0.0
2019-07-03,-0.0
2019-07-04,-0.0031146344173054175
2019-07-05,0.0
2019-07-08,-0.0
2019-07-09,0.0022255162417519347
2019-07-10,-0.0
2019-07-11,0.0
2019-07-12,0.0
2019-07-15,0.0
2019-07-16,0.001366408680045339
2019-07-17,-0.0
2019-07-18,-0.0
2019-07-19,0.0
2019-07-22,-0.0
2019-07-23,0.0
2019-07-24,0.0
2019-07-25,0.0
2019-07-26,0.0
2019-07-29,-0.0
2019-07-30,0.0
2019-07-31,-0.0
2019-08-01,-0.0
2019-08-02,-0.0
2019-08-05,-0.0
2019-08-06,-0.0
2019-08-07,-0.005203674396201952
2019-08-08,0.0
2019-08-09,-0.0
2019-08-12,0.0184094688447618
2019-08-13,-0.0
2019-08-14,0.0
2019-08-15,0.0
2019-08-16,0.0
2019-08-19,0.03226571466080563
2019-08-20,-0.0
2019-08-21,0.0
2019-08-22,0.0010629321361863564
2019-08-23,-0.0
2019-08-26,-0.00663679698848163
2019-08-27,0.0
2019-08-28,-0.0
2019-08-29,0.0
2019-08-30,-0.0
2019-09-02,0.0
2019-09-03,0.0
2019-09-04,0.009732007977510726
2019-09-05,0.0
2019-09-06,0.0031585646143457158
2019-09-09,0.021111076622227776
2019-09-10,-0.0
2019-09-11,-0.0053419149678475275
2019-09-12,0.0
2019-09-16,0.0014744564253301728
2019-09-17,-0.0
2019-09-18,0.0
2019-09-19,0.0
2019-09-20,0.002467414146122504
2019-09-23,-0.0
2019-09-24,0.0017905899278349846
2019-09-25,-0.018092010021734217
2019-09-26,-0.0
2019-09-27,0.0
2019-09-30,-0.0
2019-10-08,0.0
2019-10-09,0.0
2019-10-10,0.0
2019-10-11,0.0
2019-10-14,0.0
2019-10-15,-0.0
2019-10-16,-0.0
2019-10-17,-0.0
2019-10-18,-0.0
2019-10-21,-0.0
2019-10-22,0.0
2019-10-23,-0.0
2019-10-24,-0.0
2019-10-25,0.0
2019-10-28,0.0
2019-10-29,-0.0
2019-10-30,-0.0
2019-10-31,-0.0
2019-11-01,0.0
2019-11-04,0.0
2019-11-05,0.0
2019-11-06,-0.0
2019-11-07,0.0
2019-11-08,-0.0
2019-11-11,-0.0
2019-11-12,0.0
2019-11-13,-0.0
2019-11-14,0.0
2019-11-15,-0.008890273222708744
2019-11-18,0.0
2019-11-19,0.0
2019-11-20,-0.0
2019-11-21,-0.0
2019-11-22,-0.0
2019-11-25,-0.0
2019-11-26,-0.0
2019-11-27,0.00452668490995789
2019-11-28,-0.0030585654104798854
2019-11-29,0.0
2019-12-02,0.0
2019-12-03,0.0
2019-12-04,-0.0
2019-12-05,0.0
2019-12-06,0.0
2019-12-09,0.0028120889889453604
2019-12-10,0.0
2019-12-11,-0.0043117022014043105
2019-12-12,-0.0
2019-12-13,0.0
2019-12-16,0.0
2019-12-17,0.0
2019-12-18,-0.0
2019-12-19,0.001264536438515318
2019-12-20,-0.0
2019-12-23,-0.0
2019-12-24,0.015286123103248173
2019-12-25,0.0
2019-12-26,0.0
2019-12-27,-0.0
2019-12-30,0.012115794168586103
2019-12-31,0.0
2020-01-02,0.0
2020-01-03,0.0
2020-01-06,0.0
2020-01-07,0.011958011720654582
2020-01-08,-0.0
2020-01-09,0.013595634057302908
2020-01-10,-0.0
2020-01-13,0.0
2020-01-14,-0.0031117178661169698
2020-01-15,-0.0
2020-01-16,-0.0
2020-01-17,-0.0
2020-01-20,0.0
2020-01-21,-0.011382468850334893
2020-01-22,0.0
2020-01-23,-0.0
2020-02-03,-0.08680970072930272
2020-02-04,0.0
2020-02-05,0.025516014306099954
2020-02-06,0.03101702589403521
2020-02-07,0.008357168140922688
2020-02-10,0.011526100798942673
2020-02-11,-0.0
2020-02-12,0.01840418705980662
2020-02-13,-0.008628284141796061
2020-02-14,0.0014705773678882483
2020-02-17,0.032032172373081425
2020-02-18,0.01186356453907833
2020-02-19,-0.010166389615620441
2020-02-20,0.01846246649272021
2020-02-21,0.013548962537083487
2020-02-24,0.014080148270323667
2020-02-25,0.005498280615193751
2020-02-26,-0.026167739397597756
2020-02-27,0.0018003304668496867
2020-02-28,-0.05256416272574482
2020-03-02,0.037629625281355494
2020-03-03,0.009475958291640385
2020-03-04,0.0011365984707583099
2020-03-05,0.014800988715142571
2020-03-06,-0.006422897647350934
2020-03-09,-0.041298713015236355
2020-03-10,0.0270168047457211
2020-03-11,-0.015079883914144387
2020-03-12,-0.017112351127912317
2020-03-13,-0.006676520055043156
2020-03-16,-0.04711023968335415
2020-03-17,0.002298028310939726
2020-03-18,-0.0
2020-03-19,0.007491009811562366
2020-03-20,0.0
2020-03-23,-0.0
2020-03-24,0.01943023579140246
2020-03-25,0.023818494360326792
2020-03-26,-0.009834362577672562
2020-03-27,-0.0
2020-03-30,-0.0
2020-03-31,0.0
2020-04-01,-0.0
2020-04-02,0.0
2020-04-03,-0.0
2020-04-07,0.0
2020-04-08,0.0
2020-04-09,0.0
2020-04-10,-0.021409273155646003
2020-04-13,-0.0
2020-04-14,0.0
2020-04-15,-0.0037514725096859936
2020-04-16,0.0
2020-04-17,0.0
2020-04-20,0.0
2020-04-21,-0.0
2020-04-22,0.008185064035868939
2020-04-23,-0.0
2020-04-24,-0.015722900673598605
2020-04-27,-0.001484768324942376
2020-04-28,-0.007191799032231105
2020-04-29,-0.0
2020-04-30,0.0
