tradingdate,symbol,exchangeCD,R1,R2,R3,R4
2013-09-26,ZC,XZCE,-0.0751499792864947,-0.0751499792864947,-0.0679773950416671,-0.0799849108925985
2013-09-27,ZC,XZCE,-0.0778033241745764,-0.0778033241745764,-0.0725660409967042,-0.0877256865503159
2013-09-30,ZC,XZCE,-0.127981624724837,-0.127981624724837,-0.0699533836746865,-0.0728835701711197
2013-10-08,ZC,XZCE,-0.0647053847639611,-0.0647053847639611,-0.0728478323259655,-0.0844396585902243
2013-10-09,ZC,XZCE,-0.0647528316646512,-0.0647528316646512,-0.0784523801935675,-0.0876624744098076
2013-10-10,ZC,XZCE,-0.0690317465794542,-0.0690317465794542,-0.0779627213796286,-0.0865464955085414
2013-10-11,ZC,XZCE,-0.0777177313368884,-0.0777177313368884,-0.0821997947679529,-0.0855240655728014
2013-10-14,ZC,XZCE,-0.109842573558364,-0.109842573558364,-0.0882519186953952,-0.0990120183169703
2013-10-15,ZC,XZCE,-0.113395998943581,-0.113395998943581,-0.0755931992096018,-0.0871935034913529
2013-10-16,ZC,XZCE,NaN,NaN,NaN,-0.0861101540687608
2013-10-17,ZC,XZCE,-0.0419907490293015,-0.0419907490293015,NaN,-0.0935863021410983
2013-10-18,ZC,XZCE,-0.0882595831901686,-0.0882595831901686,-0.0716039211095726,-0.108786964894842
2013-10-21,ZC,XZCE,-0.0506599284873433,-0.0506599284873433,NaN,-0.0981592270741291
2013-10-22,ZC,XZCE,NaN,NaN,NaN,-0.0989772525171279
2013-10-23,ZC,XZCE,NaN,NaN,NaN,-0.0980212410012092
2013-10-24,ZC,XZCE,NaN,NaN,NaN,-0.0615813945672885
2013-10-25,ZC,XZCE,NaN,NaN,NaN,-0.065500608633751
2013-10-28,ZC,XZCE,-0.0337974930260464,-0.0337974930260464,NaN,-0.0651988451395932
2013-10-29,ZC,XZCE,NaN,NaN,NaN,-0.0599511233406066
2013-10-30,ZC,XZCE,0.0126808774221834,0.0126808774221834,NaN,-0.0570077661542457
2013-10-31,ZC,XZCE,-0.00424218831769696,-0.00424218831769696,NaN,-0.0592668992945037
2013-11-01,ZC,XZCE,-0.016862435461297,-0.016862435461297,NaN,-0.0630284863644931
2013-11-04,ZC,XZCE,-0.0635414038011698,-0.0635414038011698,NaN,-0.0600788915124543
2013-11-05,ZC,XZCE,NaN,NaN,NaN,-0.056242135051368
2013-11-06,ZC,XZCE,NaN,NaN,NaN,-0.0406657022494889
2013-11-07,ZC,XZCE,NaN,NaN,NaN,-0.0352702978894579
2013-11-08,ZC,XZCE,0.148158264167137,0,NaN,-0.0373407007250507
2013-11-11,ZC,XZCE,NaN,NaN,NaN,-0.0363064294742198
2013-11-12,ZC,XZCE,NaN,NaN,NaN,-0.0394603291543113
2013-11-13,ZC,XZCE,NaN,NaN,NaN,-0.0456626028998903
2013-11-14,ZC,XZCE,NaN,NaN,NaN,-0.0391228713052547
2013-11-15,ZC,XZCE,0.201129905079656,0.00418529134030076,NaN,-0.0454511560249027
2013-11-18,ZC,XZCE,0.648060001262214,0.0886513207577896,NaN,-0.0523378588815369
2013-11-19,ZC,XZCE,NaN,NaN,NaN,-0.0624755638797462
2013-11-20,ZC,XZCE,0.438992132308314,0.0544321099766635,NaN,-0.0424895216678989
2013-11-21,ZC,XZCE,0.691015602169932,0.103346283642716,0.0127481205944152,-0.0447654958234936
2013-11-22,ZC,XZCE,0.113800478359213,-0.0251066847841042,NaN,-0.0601158072023388
2013-11-25,ZC,XZCE,-0.216872250538239,-0.0929262092174764,NaN,-0.0616877760390729
2013-11-26,ZC,XZCE,-0.34831370729281,-0.126339045067151,NaN,-0.0703942114980825
2013-11-27,ZC,XZCE,-0.311700093955164,-0.104738002071055,NaN,-0.0525768244417267
2013-11-28,ZC,XZCE,NaN,NaN,NaN,-0.0473356531724169
2013-11-29,ZC,XZCE,NaN,NaN,NaN,0.0109519588909176
2013-12-02,ZC,XZCE,NaN,NaN,NaN,0.0149294948886245
2013-12-03,ZC,XZCE,NaN,NaN,NaN,0.0220036575543886
2013-12-04,ZC,XZCE,NaN,NaN,NaN,0.00704267417310391
2013-12-05,ZC,XZCE,NaN,NaN,NaN,-0.0194487173364121
2013-12-06,ZC,XZCE,NaN,NaN,NaN,-0.012223727101206
2013-12-09,ZC,XZCE,NaN,0,NaN,-0.00921562731563752
2013-12-10,ZC,XZCE,NaN,0.0010013429063452,-0.0128672828875572,-0.0153593997474349
2013-12-11,ZC,XZCE,NaN,-0.00203182457427526,NaN,-0.0197140948235241
2013-12-12,ZC,XZCE,NaN,-0.00408603117886067,NaN,-0.0229324824011065
2013-12-13,ZC,XZCE,NaN,0.0429780430738304,NaN,-0.0221059979772678
2013-12-16,ZC,XZCE,0.0585292050809344,0.0668470786873036,NaN,-0.0177967581651405
2013-12-17,ZC,XZCE,0.240185218864125,0.0649542687654015,NaN,-0.0136421366057071
2013-12-18,ZC,XZCE,NaN,0.0537987790329096,NaN,-0.0125732180411311
2013-12-19,ZC,XZCE,NaN,0.117982517323298,NaN,-0.0127355384940753
2013-12-20,ZC,XZCE,0.395469776308188,0.143038757427038,NaN,-0.0139157964587939
2013-12-23,ZC,XZCE,NaN,0.100881378909832,NaN,-0.0149888840221068
2013-12-24,ZC,XZCE,NaN,0.0911881488799202,NaN,-0.0148945150140391
2013-12-25,ZC,XZCE,NaN,0.114699482670829,NaN,-0.0138815991922394
2013-12-26,ZC,XZCE,NaN,0.1219332865823,NaN,-0.0117707564075049
2013-12-27,ZC,XZCE,NaN,0.116466818195085,NaN,-0.0127890868161796
2013-12-30,ZC,XZCE,NaN,0.141065488642607,NaN,-0.0172454985956366
2013-12-31,ZC,XZCE,NaN,0.181081123021375,NaN,-0.0107937184477136
2014-01-02,ZC,XZCE,NaN,0.103587469487338,NaN,0
2014-01-03,ZC,XZCE,NaN,0.15338155203431,NaN,0.0207847119386498
2014-01-06,ZC,XZCE,NaN,NaN,NaN,0.017716346651976
2014-01-07,ZC,XZCE,0.277941614723421,0.114694398109453,0.0539172346235187,0.0242893002775737
2014-01-08,ZC,XZCE,NaN,0.114229286484897,NaN,0.00996361218504275
2014-01-09,ZC,XZCE,-0.0603965322638985,0,NaN,0.00777494185129135
2014-01-10,ZC,XZCE,NaN,-0.078533967391171,-0.0274210621391575,0.00551726374142025
2014-01-13,ZC,XZCE,NaN,NaN,NaN,-0.00110827717264324
2014-01-14,ZC,XZCE,NaN,-0.0327856421180484,-0.0180176752649484,0.00330675879642757
2014-01-15,ZC,XZCE,NaN,NaN,NaN,0.00329719996153403
2014-01-16,ZC,XZCE,NaN,-0.0233588117996923,-0.0167648628057605,-0.00659321067406841
2014-01-17,ZC,XZCE,NaN,NaN,NaN,0.00219773612644314
2014-01-20,ZC,XZCE,NaN,-0.0203996471398628,-0.0116873951635524,0.00554947547967962
2014-01-21,ZC,XZCE,NaN,NaN,NaN,0.00111970060777318
2014-01-22,ZC,XZCE,NaN,NaN,NaN,-0.00112425307754419
2014-01-23,ZC,XZCE,NaN,NaN,NaN,0.00562959010725291
2014-01-24,ZC,XZCE,NaN,0.00473007315724213,-0.00647530927268525,0
2014-01-27,ZC,XZCE,NaN,NaN,NaN,-0.00112675188051573
2014-01-28,ZC,XZCE,NaN,NaN,NaN,-0.00226230331490237
2014-01-29,ZC,XZCE,0.477469184580265,0.196283288718535,0.0387150757858065,-0.00338527209865528
2014-01-30,ZC,XZCE,NaN,0.00953189658216418,-0.0109813869000827,-0.00562750700148877
2014-02-07,ZC,XZCE,NaN,0.0721717433585798,-0.00327237104396023,-0.00114542146586697
2014-02-10,ZC,XZCE,NaN,NaN,NaN,-0.0332551223352957
2014-02-11,ZC,XZCE,NaN,NaN,NaN,-0.0436170996078688
2014-02-12,ZC,XZCE,NaN,NaN,NaN,-0.0446050482712507
2014-02-13,ZC,XZCE,NaN,NaN,NaN,-0.0496656816424741
2014-02-14,ZC,XZCE,NaN,NaN,NaN,-0.0391883657460654
2014-02-17,ZC,XZCE,NaN,NaN,NaN,-0.0385600491049326
2014-02-18,ZC,XZCE,NaN,-0.0439247804781801,NaN,-0.0388060298035375
2014-02-19,ZC,XZCE,NaN,NaN,NaN,-0.0329692382553454
2014-02-20,ZC,XZCE,NaN,NaN,NaN,-0.0354018138167835
2014-02-21,ZC,XZCE,NaN,NaN,NaN,-0.0352035539339781
2014-02-24,ZC,XZCE,NaN,NaN,NaN,-0.0286465355950548
2014-02-25,ZC,XZCE,NaN,-0.028214125928226,NaN,-0.0192618760055821
2014-02-26,ZC,XZCE,NaN,NaN,NaN,-0.0315668758631696
2014-02-27,ZC,XZCE,NaN,NaN,NaN,-0.0202778528811595
2014-02-28,ZC,XZCE,NaN,NaN,NaN,-0.0248208597919812
2014-03-03,ZC,XZCE,NaN,NaN,NaN,-0.0223350439976653
2014-03-04,ZC,XZCE,NaN,NaN,NaN,-0.0427407500942691
2014-03-05,ZC,XZCE,NaN,NaN,NaN,-0.0413517083004776
2014-03-06,ZC,XZCE,NaN,NaN,NaN,-0.0378733816654257
2014-03-07,ZC,XZCE,NaN,NaN,NaN,-0.038036186680305
2014-03-10,ZC,XZCE,NaN,NaN,NaN,-0.0705416128962879
2014-03-11,ZC,XZCE,NaN,NaN,NaN,-0.0593398973454788
2014-03-12,ZC,XZCE,NaN,NaN,NaN,-0.061858474008429
2014-03-13,ZC,XZCE,NaN,NaN,NaN,-0.0629619564692063
2014-03-14,ZC,XZCE,0.517103339025869,0.517103339025869,NaN,-0.0508829865004847
2014-03-17,ZC,XZCE,0.217341190407918,0.217341190407918,NaN,-0.0527978541046798
2014-03-18,ZC,XZCE,NaN,NaN,NaN,-0.0445072759454532
2014-03-19,ZC,XZCE,NaN,NaN,NaN,-0.0502380026748726
2014-03-20,ZC,XZCE,NaN,NaN,NaN,-0.0599536318194647
2014-03-21,ZC,XZCE,NaN,NaN,NaN,-0.0495165974202891
2014-03-24,ZC,XZCE,NaN,NaN,NaN,-0.0435962011717346
2014-03-25,ZC,XZCE,NaN,NaN,NaN,-0.0695798544888542
2014-03-26,ZC,XZCE,NaN,NaN,NaN,-0.0547433246204583
2014-03-27,ZC,XZCE,NaN,NaN,NaN,-0.0570074696712958
2014-03-28,ZC,XZCE,NaN,NaN,NaN,-0.0512194779239488
2014-03-31,ZC,XZCE,NaN,NaN,NaN,-0.0558333076545272
2014-04-01,ZC,XZCE,NaN,NaN,NaN,-0.0615202552750831
2014-04-02,ZC,XZCE,NaN,NaN,NaN,-0.0603709385538075
2014-04-03,ZC,XZCE,NaN,NaN,NaN,-0.0556630097395672
2014-04-04,ZC,XZCE,NaN,NaN,NaN,-0.071626299954649
2014-04-08,ZC,XZCE,NaN,NaN,NaN,-0.063989337140171
2014-04-09,ZC,XZCE,NaN,-0.0571973730228882,NaN,-0.0571973730228882
2014-04-10,ZC,XZCE,NaN,-0.0570685908855494,NaN,-0.0570685908855494
2014-04-11,ZC,XZCE,NaN,-0.0557284860314496,NaN,-0.0557284860314496
2014-04-14,ZC,XZCE,NaN,-0.0561272437465203,NaN,-0.0561272437465203
2014-04-15,ZC,XZCE,NaN,-0.0582209556148719,NaN,-0.0582209556148719
2014-04-16,ZC,XZCE,NaN,-0.0492356568801161,NaN,-0.0492356568801161
2014-04-17,ZC,XZCE,NaN,-0.0516034997314841,NaN,-0.0516034997314841
2014-04-18,ZC,XZCE,NaN,-0.0632625060511042,-0.0412270874009454,-0.0632625060511042
2014-04-21,ZC,XZCE,NaN,-0.0686119317482261,NaN,-0.0686119317482261
2014-04-22,ZC,XZCE,NaN,-0.076516768819088,NaN,-0.076516768819088
2014-04-23,ZC,XZCE,NaN,-0.0731040320043654,NaN,-0.0731040320043654
2014-04-24,ZC,XZCE,NaN,-0.071732689997261,NaN,-0.071732689997261
2014-04-25,ZC,XZCE,NaN,-0.0649977872336567,NaN,-0.0649977872336567
2014-04-28,ZC,XZCE,NaN,-0.0206995127788369,NaN,-0.0206995127788369
2014-04-29,ZC,XZCE,NaN,-0.0321994185332944,NaN,-0.0522414232441428
2014-04-30,ZC,XZCE,NaN,-0.04829969163547,NaN,-0.0499528730991644
2014-05-05,ZC,XZCE,NaN,-0.00687641589031444,NaN,-0.0512007148968806
2014-05-06,ZC,XZCE,NaN,0.137767918025896,NaN,-0.0549301375135972
2014-05-07,ZC,XZCE,NaN,0.0740933519344124,NaN,-0.048338199416913
2014-05-08,ZC,XZCE,NaN,0.0775861019561058,NaN,-0.0516827651302498
2014-05-09,ZC,XZCE,NaN,0.0856864174403696,NaN,-0.0529119800505289
2014-05-12,ZC,XZCE,NaN,NaN,NaN,-0.0504406083530379
2014-05-13,ZC,XZCE,NaN,NaN,NaN,-0.0492607746461765
2014-05-14,ZC,XZCE,NaN,NaN,NaN,-0.0491134732794872
2014-05-15,ZC,XZCE,NaN,NaN,NaN,-0.0449492637828687
2014-05-16,ZC,XZCE,NaN,NaN,NaN,-0.0519370361943523
2014-05-19,ZC,XZCE,NaN,NaN,NaN,-0.050745515884523
2014-05-20,ZC,XZCE,NaN,NaN,NaN,-0.0534976795909788
2014-05-21,ZC,XZCE,NaN,NaN,NaN,-0.0680007825478921
2014-05-22,ZC,XZCE,NaN,NaN,NaN,-0.0645207202390604
2014-05-23,ZC,XZCE,NaN,NaN,NaN,-0.0691816845572811
2014-05-26,ZC,XZCE,NaN,NaN,NaN,-0.0647674735881396
2014-05-27,ZC,XZCE,NaN,NaN,NaN,-0.0681308398185291
2014-05-28,ZC,XZCE,NaN,NaN,NaN,-0.0648667042226201
2014-05-29,ZC,XZCE,NaN,NaN,NaN,-0.0717701259734731
2014-05-30,ZC,XZCE,NaN,NaN,NaN,-0.0855903929352653
2014-06-03,ZC,XZCE,NaN,NaN,NaN,-0.0812103327299823
2014-06-04,ZC,XZCE,NaN,NaN,NaN,-0.0910641653193349
2014-06-05,ZC,XZCE,NaN,NaN,NaN,-0.0985369571343623
2014-06-06,ZC,XZCE,NaN,NaN,NaN,-0.0961495747731759
2014-06-09,ZC,XZCE,NaN,NaN,NaN,-0.101673714264946
2014-06-10,ZC,XZCE,NaN,NaN,NaN,-0.0981889612144173
2014-06-11,ZC,XZCE,NaN,NaN,NaN,-0.110373552732615
2014-06-12,ZC,XZCE,NaN,NaN,NaN,-0.0990697479071829
2014-06-13,ZC,XZCE,NaN,NaN,NaN,-0.105071953843981
2014-06-16,ZC,XZCE,NaN,NaN,NaN,-0.101506022192039
2014-06-17,ZC,XZCE,NaN,NaN,NaN,-0.100150112672275
2014-06-18,ZC,XZCE,NaN,NaN,NaN,-0.103666045954713
2014-06-19,ZC,XZCE,NaN,NaN,NaN,-0.109505628732035
2014-06-20,ZC,XZCE,NaN,NaN,NaN,-0.112942255330124
2014-06-23,ZC,XZCE,NaN,NaN,NaN,-0.121131331972522
2014-06-24,ZC,XZCE,NaN,NaN,NaN,-0.125796967163084
2014-06-25,ZC,XZCE,NaN,NaN,NaN,-0.125846714507129
2014-06-26,ZC,XZCE,NaN,NaN,NaN,-0.122615620589546
2014-06-27,ZC,XZCE,NaN,NaN,NaN,-0.118734105393319
2014-06-30,ZC,XZCE,NaN,NaN,NaN,-0.130716760499543
2014-07-01,ZC,XZCE,NaN,NaN,NaN,-0.126576160089052
2014-07-02,ZC,XZCE,NaN,NaN,NaN,-0.128776773530186
2014-07-03,ZC,XZCE,NaN,NaN,NaN,-0.130569724028537
2014-07-04,ZC,XZCE,NaN,NaN,NaN,-0.127480561733456
2014-07-07,ZC,XZCE,NaN,NaN,NaN,-0.117117147287045
2014-07-08,ZC,XZCE,NaN,NaN,NaN,-0.106997235338036
2014-07-09,ZC,XZCE,NaN,NaN,NaN,-0.10005759807941
2014-07-10,ZC,XZCE,NaN,NaN,NaN,-0.087519038724513
2014-07-11,ZC,XZCE,NaN,NaN,NaN,-0.074905911061556
2014-07-14,ZC,XZCE,NaN,NaN,NaN,-0.079683917330611
2014-07-15,ZC,XZCE,NaN,NaN,NaN,-0.102965074947671
2014-07-16,ZC,XZCE,NaN,NaN,NaN,-0.10074099741648
2014-07-17,ZC,XZCE,NaN,NaN,NaN,-0.0972023179286549
2014-07-18,ZC,XZCE,NaN,NaN,NaN,-0.0999726433465972
2014-07-21,ZC,XZCE,NaN,NaN,NaN,-0.112690503492483
2014-07-22,ZC,XZCE,NaN,NaN,NaN,-0.10866925686434
2014-07-23,ZC,XZCE,NaN,NaN,NaN,-0.111103604650186
2014-07-24,ZC,XZCE,NaN,NaN,NaN,-0.108491760589121
2014-07-25,ZC,XZCE,NaN,NaN,NaN,-0.126096985409618
2014-07-28,ZC,XZCE,NaN,NaN,NaN,-0.141480959486963
2014-07-29,ZC,XZCE,NaN,NaN,NaN,-0.142873992934837
2014-07-30,ZC,XZCE,NaN,NaN,NaN,-0.15614898644334
2014-07-31,ZC,XZCE,NaN,NaN,NaN,-0.174888508143256
2014-08-01,ZC,XZCE,NaN,NaN,NaN,-0.165360379782476
2014-08-04,ZC,XZCE,NaN,NaN,NaN,-0.183033364793603
2014-08-05,ZC,XZCE,NaN,NaN,NaN,-0.209791300156748
2014-08-06,ZC,XZCE,NaN,NaN,NaN,-0.227002156055004
2014-08-07,ZC,XZCE,NaN,NaN,NaN,-0.222538769278232
2014-08-08,ZC,XZCE,NaN,-0.232590064853689,NaN,-0.232590064853689
2014-08-11,ZC,XZCE,NaN,-0.217622943201381,NaN,-0.217622943201381
2014-08-12,ZC,XZCE,NaN,-0.23590830997442,NaN,-0.23590830997442
2014-08-13,ZC,XZCE,NaN,-0.251082843572996,NaN,-0.251082843572996
2014-08-14,ZC,XZCE,NaN,-0.239253747267343,NaN,-0.239253747267343
2014-08-15,ZC,XZCE,NaN,-0.290018089122547,NaN,-0.290018089122547
2014-08-18,ZC,XZCE,NaN,-0.292830338867818,NaN,-0.292830338867818
2014-08-19,ZC,XZCE,NaN,-0.299840738516025,NaN,-0.299840738516025
2014-08-20,ZC,XZCE,NaN,-0.269293372195318,NaN,0.0405629071036306
2014-08-21,ZC,XZCE,NaN,-0.272897064070326,NaN,0.0501660440488196
2014-08-22,ZC,XZCE,NaN,-0.269984388477011,NaN,0.0512906201341205
2014-08-25,ZC,XZCE,NaN,-0.278866885787538,NaN,0.0547096462595302
2014-08-26,ZC,XZCE,NaN,-0.274374577209175,NaN,0.0511910800533627
2014-08-27,ZC,XZCE,NaN,-0.282134052419254,NaN,0.051250757683929
2014-08-28,ZC,XZCE,NaN,-0.287681198058147,NaN,0.042257287619088
2014-08-29,ZC,XZCE,NaN,-0.304857109528377,NaN,0.0362703504036375
2014-09-01,ZC,XZCE,NaN,-0.23754869857189,NaN,0.0473290691405501
2014-09-02,ZC,XZCE,NaN,-0.359484609196452,NaN,0.0494432968976334
2014-09-03,ZC,XZCE,NaN,-0.246504555006706,NaN,0.0398425155040354
2014-09-04,ZC,XZCE,NaN,NaN,NaN,0.0468288010734266
2014-09-05,ZC,XZCE,NaN,-0.192260019097817,NaN,0.0361847714982736
2014-09-09,ZC,XZCE,NaN,NaN,NaN,0.037472006399714
2014-09-10,ZC,XZCE,NaN,NaN,NaN,0.0399526025316124
2014-09-11,ZC,XZCE,NaN,NaN,NaN,0.0375905213408993
2014-09-12,ZC,XZCE,NaN,NaN,NaN,0.0387342402948349
2014-09-15,ZC,XZCE,NaN,NaN,NaN,0.0348894053409747
2014-09-16,ZC,XZCE,NaN,-0.375989794308551,-0.0782365999165881,0.0301360931924261
2014-09-17,ZC,XZCE,NaN,-0.224932868043139,-0.0415407742177558,0.0300181187347513
2014-09-18,ZC,XZCE,NaN,NaN,NaN,0.0288569142914168
2014-09-19,ZC,XZCE,NaN,NaN,NaN,0.0264832852486159
2014-09-22,ZC,XZCE,NaN,NaN,NaN,0.0381471145212461
2014-09-23,ZC,XZCE,NaN,NaN,NaN,0.0227869321459374
2014-09-24,ZC,XZCE,NaN,NaN,NaN,0.0299127286982183
2014-09-25,ZC,XZCE,NaN,NaN,NaN,0.0298777629448218
2014-09-26,ZC,XZCE,NaN,NaN,NaN,0.0272433606014659
2014-09-29,ZC,XZCE,NaN,NaN,NaN,0.0305550033151756
2014-09-30,ZC,XZCE,NaN,NaN,NaN,0.0375200628487952
2014-10-08,ZC,XZCE,NaN,NaN,NaN,0.0225314413247052
2014-10-09,ZC,XZCE,NaN,NaN,NaN,0.0302880923589245
2014-10-10,ZC,XZCE,NaN,NaN,NaN,0.0222560880734189
2014-10-13,ZC,XZCE,NaN,NaN,NaN,0.0234319465853301
2014-10-14,ZC,XZCE,NaN,NaN,NaN,0.0223157449714203
2014-10-15,ZC,XZCE,NaN,NaN,NaN,0.0201519013366588
2014-10-16,ZC,XZCE,NaN,NaN,NaN,0.0190511599480154
2014-10-17,ZC,XZCE,NaN,NaN,NaN,0.0237678592699183
2014-10-20,ZC,XZCE,NaN,NaN,NaN,0.0324069248451808
2014-10-21,ZC,XZCE,NaN,NaN,NaN,0.0491918631072746
2014-10-22,ZC,XZCE,NaN,NaN,NaN,0.0578511808530815
2014-10-23,ZC,XZCE,NaN,NaN,NaN,0.0648791334193928
2014-10-24,ZC,XZCE,NaN,NaN,NaN,0.0749446995639346
2014-10-27,ZC,XZCE,NaN,NaN,NaN,0.0858355026988921
2014-10-28,ZC,XZCE,NaN,NaN,NaN,0.0999028204653857
2014-10-29,ZC,XZCE,NaN,NaN,NaN,0.0839074919628515
2014-10-30,ZC,XZCE,NaN,NaN,NaN,0.0828543842421428
2014-10-31,ZC,XZCE,NaN,NaN,NaN,0.0865758518743634
2014-11-03,ZC,XZCE,NaN,NaN,NaN,0.0618437916176702
2014-11-04,ZC,XZCE,NaN,NaN,NaN,0.047441694849219
2014-11-05,ZC,XZCE,NaN,NaN,NaN,0.0666404672792344
2014-11-06,ZC,XZCE,NaN,NaN,NaN,0.0690139481012244
2014-11-07,ZC,XZCE,NaN,NaN,NaN,0.0526252816872365
2014-11-10,ZC,XZCE,0.257201353397326,0.257201353397326,NaN,0.0523260169500039
2014-11-11,ZC,XZCE,NaN,NaN,NaN,0.0485784159242555
2014-11-12,ZC,XZCE,NaN,NaN,NaN,0.042102281676087
2014-11-13,ZC,XZCE,NaN,NaN,NaN,0.0347003106843331
2014-11-14,ZC,XZCE,NaN,NaN,NaN,0.0361514365195013
2014-11-17,ZC,XZCE,NaN,NaN,NaN,0.0323130618828639
2014-11-18,ZC,XZCE,NaN,NaN,NaN,0.0422045162579656
2014-11-19,ZC,XZCE,NaN,NaN,NaN,0.0358310539318537
2014-11-20,ZC,XZCE,NaN,NaN,NaN,0.0555113523130217
2014-11-21,ZC,XZCE,NaN,NaN,NaN,0.101180777310216
2014-11-24,ZC,XZCE,NaN,NaN,NaN,0.12379512711669
2014-11-25,ZC,XZCE,NaN,NaN,NaN,0.096426177499437
2014-11-26,ZC,XZCE,NaN,NaN,NaN,0.124747306737719
2014-11-27,ZC,XZCE,NaN,NaN,NaN,0.14094638202193
2014-11-28,ZC,XZCE,NaN,NaN,NaN,0.152704598082557
2014-12-01,ZC,XZCE,NaN,NaN,NaN,0.142860845231159
2014-12-02,ZC,XZCE,NaN,NaN,NaN,0.136454956416161
2014-12-03,ZC,XZCE,NaN,NaN,NaN,0.161995198555802
2014-12-04,ZC,XZCE,NaN,NaN,NaN,0.155100123380781
2014-12-05,ZC,XZCE,NaN,NaN,NaN,0.142976681151575
2014-12-08,ZC,XZCE,NaN,NaN,NaN,0.132865652769171
2014-12-09,ZC,XZCE,NaN,NaN,NaN,0.162325012864159
2014-12-10,ZC,XZCE,NaN,NaN,NaN,0.160715854682925
2014-12-11,ZC,XZCE,NaN,NaN,NaN,0.169406777357476
2014-12-12,ZC,XZCE,0.582048211224098,NaN,NaN,0.153549418048771
2014-12-15,ZC,XZCE,NaN,NaN,NaN,0.148614453242608
2014-12-16,ZC,XZCE,NaN,NaN,NaN,0.144145458290706
2014-12-17,ZC,XZCE,NaN,NaN,NaN,0.152455689675467
2014-12-18,ZC,XZCE,NaN,NaN,NaN,0.161371470817902
2014-12-19,ZC,XZCE,NaN,NaN,NaN,0.0983816646998839
2014-12-22,ZC,XZCE,0.0380763884320385,NaN,NaN,0.0179445461557494
2014-12-23,ZC,XZCE,0.356413969484899,NaN,NaN,0.031983886169953
2014-12-24,ZC,XZCE,NaN,NaN,NaN,0.0705730689542694
2014-12-25,ZC,XZCE,NaN,NaN,NaN,0.125833043294203
2014-12-26,ZC,XZCE,NaN,0.174889290690672,0.0501619513858492,0.174889290690672
2014-12-29,ZC,XZCE,NaN,0.151757839176232,NaN,0.151757839176232
2014-12-30,ZC,XZCE,0.293065277036702,0.128252337612556,NaN,0.128252337612556
2014-12-31,ZC,XZCE,NaN,0.199705214984053,NaN,0.199705214984053
2015-01-05,ZC,XZCE,NaN,0.207797873135206,NaN,0.207797873135206
2015-01-06,ZC,XZCE,NaN,0.216341053301558,NaN,0.216341053301558
2015-01-07,ZC,XZCE,NaN,0.23667071772274,NaN,0.23667071772274
2015-01-08,ZC,XZCE,NaN,NaN,NaN,NaN
2015-01-09,ZC,XZCE,0.661853527189272,0.187848094225735,NaN,0.187848094225735
2015-01-12,ZC,XZCE,NaN,0.0929489226138304,-0.0121477170378563,-0.0480722920058535
2015-01-13,ZC,XZCE,NaN,NaN,NaN,-0.0368343837948127
2015-01-14,ZC,XZCE,NaN,0.020490409880149,-0.0318188716553243,-0.0330168398574683
2015-01-15,ZC,XZCE,NaN,-0.00680694098200263,-0.0273299829380845,-0.0252580924326079
2015-01-16,ZC,XZCE,NaN,NaN,NaN,-0.026582729929686
2015-01-19,ZC,XZCE,NaN,NaN,NaN,-0.025354416817254
2015-01-20,ZC,XZCE,NaN,0.0375659443460335,-0.0290668718657308,-0.0280204994712217
2015-01-21,ZC,XZCE,NaN,0.035698802820292,-0.0249216451591617,-0.0329329681195702
2015-01-22,ZC,XZCE,NaN,NaN,NaN,-0.034235884722581
2015-01-23,ZC,XZCE,NaN,NaN,NaN,-0.0291885561889997
2015-01-26,ZC,XZCE,NaN,0.24518768534236,NaN,-0.0331717194576292
2015-01-27,ZC,XZCE,NaN,NaN,NaN,-0.0305808789845182
2015-01-28,ZC,XZCE,NaN,NaN,NaN,-0.0305678600781069
2015-01-29,ZC,XZCE,NaN,NaN,NaN,-0.0266843428986271
2015-01-30,ZC,XZCE,NaN,0.223725288692038,0.020869862244067,-0.0305808789845182
2015-02-02,ZC,XZCE,NaN,NaN,NaN,-0.0305288697835919
2015-02-03,ZC,XZCE,NaN,NaN,NaN,-0.0331011398896561
2015-02-04,ZC,XZCE,NaN,NaN,NaN,-0.0295014074934423
2015-02-05,ZC,XZCE,NaN,NaN,NaN,-0.0321771576434856
2015-02-06,ZC,XZCE,NaN,NaN,NaN,-0.0333423447694171
2015-02-09,ZC,XZCE,NaN,NaN,NaN,-0.0334858791621456
2015-02-10,ZC,XZCE,NaN,NaN,NaN,-0.0309366301100904
2015-02-11,ZC,XZCE,NaN,NaN,NaN,-0.0257250362144222
2015-02-12,ZC,XZCE,NaN,NaN,NaN,-0.0335436395418295
2015-02-13,ZC,XZCE,NaN,NaN,NaN,-0.0180852216951516
2015-02-16,ZC,XZCE,NaN,NaN,NaN,-0.0181479091558487
2015-02-17,ZC,XZCE,NaN,NaN,NaN,-0.0233634415136919
2015-02-25,ZC,XZCE,NaN,NaN,NaN,-0.0314378018313214
2015-02-26,ZC,XZCE,NaN,NaN,NaN,-0.0196356203322426
2015-02-27,ZC,XZCE,NaN,NaN,NaN,-0.0248609619027606
2015-03-02,ZC,XZCE,NaN,NaN,NaN,-0.0208943897966043
2015-03-03,ZC,XZCE,NaN,NaN,NaN,0
2015-03-04,ZC,XZCE,NaN,NaN,NaN,-0.0141883585881924
2015-03-05,ZC,XZCE,NaN,NaN,NaN,-0.00778777865860056
2015-03-06,ZC,XZCE,NaN,NaN,NaN,-0.0104153396005475
2015-03-09,ZC,XZCE,NaN,NaN,NaN,-0.0130646638992965
2015-03-10,ZC,XZCE,NaN,NaN,NaN,-0.0156981730273217
2015-03-11,ZC,XZCE,NaN,NaN,NaN,-0.0171299488552699
2015-03-12,ZC,XZCE,NaN,NaN,NaN,-0.00656817668569029
2015-03-13,ZC,XZCE,NaN,NaN,NaN,-0.00262669312631052
2015-03-16,ZC,XZCE,NaN,NaN,NaN,-0.00263247115856827
2015-03-17,ZC,XZCE,NaN,NaN,NaN,-0.0118591784913203
2015-03-18,ZC,XZCE,NaN,NaN,NaN,-0.00397934434018173
2015-03-19,ZC,XZCE,NaN,NaN,NaN,0.0093389698800514
2015-03-20,ZC,XZCE,0.106862815996026,0.106862815996026,NaN,0.00940185866927611
2015-03-23,ZC,XZCE,NaN,NaN,NaN,0
2015-03-24,ZC,XZCE,NaN,NaN,NaN,-0.00536646471901382
2015-03-25,ZC,XZCE,NaN,NaN,NaN,-0.0190215199791696
2015-03-26,ZC,XZCE,NaN,NaN,NaN,-0.0190388123867192
2015-03-27,ZC,XZCE,NaN,NaN,NaN,-0.00826085185315174
2015-03-30,ZC,XZCE,NaN,NaN,NaN,-0.0211435740690906
2015-03-31,ZC,XZCE,NaN,NaN,NaN,0
2015-04-01,ZC,XZCE,NaN,NaN,NaN,-0.00987627539214664
2015-04-02,ZC,XZCE,NaN,NaN,NaN,0.0128128815908216
2015-04-03,ZC,XZCE,NaN,NaN,NaN,0.0383843176839509
2015-04-07,ZC,XZCE,NaN,NaN,NaN,0.0343560132694204
2015-04-08,ZC,XZCE,NaN,NaN,NaN,0.0258534777401598
2015-04-09,ZC,XZCE,NaN,0.00582063078282083,NaN,0.00582063078282083
2015-04-10,ZC,XZCE,NaN,0.00600161340414831,-0.0525864793213165,0.00600161340414831
2015-04-13,ZC,XZCE,NaN,-0.0118370214893603,NaN,-0.0118370214893603
2015-04-14,ZC,XZCE,NaN,-0.0252349080985392,NaN,-0.0252349080985392
2015-04-15,ZC,XZCE,NaN,-0.0149143044586505,NaN,-0.0149143044586505
2015-04-16,ZC,XZCE,NaN,-0.0326651741837194,NaN,-0.0326651741837194
2015-04-17,ZC,XZCE,NaN,-0.0386044488943163,NaN,-0.0386044488943163
2015-04-20,ZC,XZCE,NaN,-0.00297988399006447,NaN,-0.00297988399006447
2015-04-21,ZC,XZCE,NaN,-0.0118840405660501,NaN,-0.0118840405660501
2015-04-22,ZC,XZCE,NaN,-0.0322017160264388,NaN,-0.0322017160264388
2015-04-23,ZC,XZCE,NaN,-0.020542133621455,NaN,-0.020542133621455
2015-04-24,ZC,XZCE,NaN,-0.0903584524744825,NaN,-0.0903584524744825
2015-04-27,ZC,XZCE,NaN,-0.1530108664772,NaN,-0.1530108664772
2015-04-28,ZC,XZCE,NaN,-0.152095782198704,NaN,-0.152095782198704
2015-04-29,ZC,XZCE,NaN,-0.132858192993714,NaN,-0.132858192993714
2015-04-30,ZC,XZCE,NaN,-0.253489719040431,NaN,-0.253489719040431
2015-05-04,ZC,XZCE,NaN,-0.179043872250141,NaN,-0.179043872250141
2015-05-05,ZC,XZCE,NaN,-0.229624909395597,NaN,-0.0864240225895819
2015-05-06,ZC,XZCE,NaN,-0.293578739925607,-0.165576134924868,-0.0933290431587389
2015-05-07,ZC,XZCE,NaN,-0.236593917398615,-0.123413087648079,-0.103837305790353
2015-05-08,ZC,XZCE,NaN,-0.192227380478598,NaN,-0.103299939062766
2015-05-11,ZC,XZCE,NaN,NaN,NaN,-0.105694609745577
2015-05-12,ZC,XZCE,NaN,NaN,NaN,-0.105744172321542
2015-05-13,ZC,XZCE,NaN,NaN,NaN,-0.111730079384928
2015-05-14,ZC,XZCE,NaN,NaN,NaN,-0.130490194771427
2015-05-15,ZC,XZCE,NaN,-0.105154786063562,-0.0900198963025744,-0.138304604665027
2015-05-18,ZC,XZCE,NaN,NaN,NaN,-0.117188437842043
2015-05-19,ZC,XZCE,NaN,NaN,NaN,-0.118469842013825
2015-05-20,ZC,XZCE,NaN,NaN,NaN,-0.118361200004901
2015-05-21,ZC,XZCE,NaN,NaN,NaN,-0.121469059008799
2015-05-22,ZC,XZCE,NaN,NaN,NaN,-0.129392907975432
2015-05-25,ZC,XZCE,NaN,NaN,NaN,-0.12612161345196
2015-05-26,ZC,XZCE,NaN,NaN,NaN,-0.148986058176651
2015-05-27,ZC,XZCE,NaN,NaN,NaN,-0.150805086704208
2015-05-28,ZC,XZCE,NaN,NaN,NaN,-0.151163784636843
2015-05-29,ZC,XZCE,NaN,NaN,NaN,-0.146975386376527
2015-06-01,ZC,XZCE,NaN,NaN,NaN,-0.135524906049705
2015-06-02,ZC,XZCE,NaN,NaN,NaN,-0.137162574337208
2015-06-03,ZC,XZCE,NaN,NaN,NaN,-0.138552820169522
2015-06-04,ZC,XZCE,NaN,NaN,NaN,-0.14823484167022
2015-06-05,ZC,XZCE,NaN,NaN,NaN,-0.172056048766428
2015-06-08,ZC,XZCE,NaN,NaN,NaN,-0.173180971892176
2015-06-09,ZC,XZCE,NaN,NaN,NaN,-0.16747976038867
2015-06-10,ZC,XZCE,NaN,NaN,NaN,-0.158358220728493
2015-06-11,ZC,XZCE,NaN,NaN,NaN,-0.167012236609636
2015-06-12,ZC,XZCE,NaN,NaN,NaN,-0.174156968847093
2015-06-15,ZC,XZCE,NaN,NaN,NaN,-0.157800149238434
2015-06-16,ZC,XZCE,NaN,NaN,NaN,-0.151563816477982
2015-06-17,ZC,XZCE,NaN,NaN,NaN,-0.140999427615791
2015-06-18,ZC,XZCE,NaN,NaN,NaN,-0.135357453777749
2015-06-19,ZC,XZCE,NaN,NaN,NaN,-0.135228925700578
2015-06-23,ZC,XZCE,NaN,0.0166110554324587,NaN,-0.133978833694975
2015-06-24,ZC,XZCE,NaN,-0.210513300094225,NaN,-0.140490250412612
2015-06-25,ZC,XZCE,NaN,NaN,NaN,-0.137848833296937
2015-06-26,ZC,XZCE,NaN,NaN,NaN,-0.137116810618796
2015-06-29,ZC,XZCE,NaN,NaN,NaN,-0.137248954817282
2015-06-30,ZC,XZCE,NaN,NaN,NaN,-0.132162425466763
2015-07-01,ZC,XZCE,NaN,NaN,NaN,-0.14024452023866
2015-07-02,ZC,XZCE,NaN,NaN,NaN,-0.137182850889728
2015-07-03,ZC,XZCE,NaN,NaN,NaN,-0.134713178456978
2015-07-06,ZC,XZCE,NaN,NaN,NaN,-0.156257657192889
2015-07-07,ZC,XZCE,NaN,NaN,NaN,-0.17046391944589
2015-07-08,ZC,XZCE,NaN,NaN,NaN,-0.159861480681386
2015-07-09,ZC,XZCE,NaN,NaN,NaN,-0.180916493526522
2015-07-10,ZC,XZCE,NaN,NaN,NaN,-0.187993124120355
2015-07-13,ZC,XZCE,NaN,NaN,NaN,-0.175280809477628
2015-07-14,ZC,XZCE,NaN,NaN,NaN,-0.183959038619582
2015-07-15,ZC,XZCE,NaN,NaN,NaN,-0.174384860712046
2015-07-16,ZC,XZCE,NaN,NaN,NaN,-0.174921327155712
2015-07-17,ZC,XZCE,NaN,NaN,NaN,-0.170661870702603
2015-07-20,ZC,XZCE,NaN,NaN,NaN,-0.164776363199589
2015-07-21,ZC,XZCE,NaN,NaN,NaN,-0.178147930373204
2015-07-22,ZC,XZCE,NaN,NaN,NaN,-0.133497013917274
2015-07-23,ZC,XZCE,NaN,NaN,NaN,-0.139053637938567
2015-07-24,ZC,XZCE,NaN,NaN,NaN,-0.143943942548287
2015-07-27,ZC,XZCE,NaN,NaN,NaN,-0.1447078880128
2015-07-28,ZC,XZCE,NaN,NaN,NaN,-0.117928617537178
2015-07-29,ZC,XZCE,NaN,NaN,NaN,-0.102928688338045
2015-07-30,ZC,XZCE,NaN,NaN,NaN,-0.0968931466276608
2015-07-31,ZC,XZCE,NaN,NaN,NaN,-0.10298281522794
2015-08-03,ZC,XZCE,NaN,NaN,NaN,-0.0216718310367177
2015-08-04,ZC,XZCE,NaN,NaN,NaN,-0.0386094397149143
2015-08-05,ZC,XZCE,NaN,NaN,NaN,-0.0449509303185928
2015-08-06,ZC,XZCE,NaN,NaN,NaN,-0.0312040695920802
2015-08-07,ZC,XZCE,NaN,NaN,NaN,-0.0280393866442726
2015-08-10,ZC,XZCE,NaN,-0.00781121713144102,NaN,-0.00781121713144102
2015-08-11,ZC,XZCE,NaN,-0.0185371535110681,0.0746011970231221,-0.0185371535110681
2015-08-12,ZC,XZCE,NaN,-0.0401016869581596,NaN,-0.0401016869581596
2015-08-13,ZC,XZCE,NaN,-0.112109589234292,NaN,-0.112109589234292
2015-08-14,ZC,XZCE,NaN,-0.107976348875661,NaN,-0.107976348875661
2015-08-17,ZC,XZCE,NaN,-0.124310518080028,NaN,-0.124310518080028
2015-08-18,ZC,XZCE,NaN,-0.0925207309671296,-0.0204012075898616,-0.0925207309671296
2015-08-19,ZC,XZCE,NaN,-0.0861107014796499,NaN,0.0801328395651031
2015-08-20,ZC,XZCE,NaN,-0.0329113873444547,NaN,0.0678466791059917
2015-08-21,ZC,XZCE,NaN,-0.0312533660312749,NaN,0.0774577665456371
2015-08-24,ZC,XZCE,NaN,-0.00318399137284215,NaN,0.0776356744106639
2015-08-25,ZC,XZCE,NaN,-0.040243085895504,NaN,0.0679452568852185
2015-08-26,ZC,XZCE,-0.187804724641379,-0.0502288103973191,NaN,0.0834757841393617
2015-08-27,ZC,XZCE,NaN,-0.0661079589314192,NaN,0.0727785309151589
2015-08-28,ZC,XZCE,NaN,-0.0871901144796237,NaN,0.070950690034789
2015-08-31,ZC,XZCE,NaN,-0.127267120097506,NaN,0.0645251284359681
2015-09-01,ZC,XZCE,NaN,-0.175276640348676,-0.0030832540614543,0.10183636549403
2015-09-02,ZC,XZCE,NaN,-0.199722308065682,NaN,0.0745340860160167
2015-09-07,ZC,XZCE,-0.274602496593651,-0.0957596356055794,-0.000609111488915361,0.0897115820349431
2015-09-08,ZC,XZCE,NaN,-0.173700289886748,NaN,0.11025911923272
2015-09-09,ZC,XZCE,NaN,NaN,NaN,0.112940065915763
2015-09-10,ZC,XZCE,NaN,NaN,NaN,0.109665720935496
2015-09-11,ZC,XZCE,NaN,NaN,NaN,0.122499776544568
2015-09-14,ZC,XZCE,NaN,NaN,NaN,0.108290832991198
2015-09-15,ZC,XZCE,NaN,NaN,NaN,0.118649929151588
2015-09-16,ZC,XZCE,NaN,NaN,NaN,0.127916423528719
2015-09-17,ZC,XZCE,NaN,NaN,NaN,0.123227762013717
2015-09-18,ZC,XZCE,NaN,-0.0733343507209717,0.0205790759956319,0.11019949055007
2015-09-21,ZC,XZCE,NaN,NaN,NaN,0.11134357990518
2015-09-22,ZC,XZCE,NaN,NaN,NaN,0.103456672464062
2015-09-23,ZC,XZCE,NaN,NaN,NaN,0.0917490271220285
2015-09-24,ZC,XZCE,NaN,NaN,NaN,0.0969937414907703
2015-09-25,ZC,XZCE,NaN,NaN,NaN,0.0938550126357861
2015-09-28,ZC,XZCE,NaN,NaN,NaN,0.124028166314548
2015-09-29,ZC,XZCE,NaN,-0.0947169079190769,0.0189110685551397,0.128287217320528
2015-09-30,ZC,XZCE,NaN,NaN,NaN,0.155491121687442
2015-10-08,ZC,XZCE,NaN,NaN,NaN,0.13816504722253
2015-10-09,ZC,XZCE,NaN,NaN,NaN,0.149064719782863
2015-10-12,ZC,XZCE,NaN,NaN,NaN,0.134601444251844
2015-10-13,ZC,XZCE,NaN,NaN,NaN,0.147316703440989
2015-10-14,ZC,XZCE,NaN,NaN,NaN,0.134585776369733
2015-10-15,ZC,XZCE,NaN,NaN,NaN,0.134973646974031
2015-10-16,ZC,XZCE,NaN,NaN,NaN,0.127122389166086
2015-10-19,ZC,XZCE,NaN,NaN,NaN,0.137559673098347
2015-10-20,ZC,XZCE,NaN,NaN,NaN,0.124530062397806
2015-10-21,ZC,XZCE,NaN,NaN,NaN,0.132500839406577
2015-10-22,ZC,XZCE,NaN,NaN,NaN,0.121682892783335
2015-10-23,ZC,XZCE,NaN,NaN,NaN,0.0904248121606271
2015-10-26,ZC,XZCE,NaN,0.0728770715159332,NaN,0.0742359402264624
2015-10-27,ZC,XZCE,NaN,NaN,NaN,0.0850612675734735
2015-10-28,ZC,XZCE,NaN,NaN,NaN,0.0965100280467281
2015-10-29,ZC,XZCE,NaN,NaN,NaN,0.105759357547726
2015-10-30,ZC,XZCE,NaN,NaN,NaN,0.10362827385314
2015-11-02,ZC,XZCE,NaN,NaN,NaN,0.136471487502721
2015-11-03,ZC,XZCE,NaN,NaN,NaN,0.17560291945024
2015-11-04,ZC,XZCE,NaN,NaN,NaN,0.180482741214019
2015-11-05,ZC,XZCE,NaN,NaN,NaN,0.210513759666949
2015-11-06,ZC,XZCE,NaN,NaN,NaN,0.225553468688622
2015-11-09,ZC,XZCE,NaN,NaN,NaN,0.2134041317736
2015-11-10,ZC,XZCE,NaN,NaN,NaN,0.164351113864893
2015-11-11,ZC,XZCE,NaN,NaN,NaN,0.17363375605243
2015-11-12,ZC,XZCE,NaN,NaN,NaN,0.188813031228889
2015-11-13,ZC,XZCE,NaN,NaN,NaN,0.2133661030355
2015-11-16,ZC,XZCE,NaN,NaN,NaN,0.235815559252436
2015-11-17,ZC,XZCE,NaN,NaN,NaN,0.233939724060902
2015-11-18,ZC,XZCE,NaN,NaN,NaN,0.278311632716174
2015-11-19,ZC,XZCE,NaN,NaN,NaN,0.341760476497148
2015-11-20,ZC,XZCE,NaN,NaN,NaN,0.37022765603318
2015-11-23,ZC,XZCE,NaN,NaN,NaN,0.462518312011224
2015-11-24,ZC,XZCE,NaN,NaN,NaN,0.500015475283185
2015-11-25,ZC,XZCE,NaN,NaN,NaN,0.426845222173476
2015-11-26,ZC,XZCE,NaN,NaN,NaN,0.0517072812164929
2015-11-27,ZC,XZCE,NaN,NaN,NaN,0.0517072812164929
2015-11-30,ZC,XZCE,NaN,NaN,NaN,0.0519566569121441
2015-12-01,ZC,XZCE,NaN,NaN,NaN,0.0433150057308225
2015-12-02,ZC,XZCE,NaN,NaN,NaN,0.0552755751370831
2015-12-03,ZC,XZCE,NaN,NaN,NaN,0.0355751551161451
2015-12-04,ZC,XZCE,NaN,NaN,NaN,0.0337517247107382
2015-12-07,ZC,XZCE,NaN,NaN,NaN,0.03328617416656
2015-12-08,ZC,XZCE,NaN,0.474583086961356,NaN,0.0420428955618204
2015-12-09,ZC,XZCE,NaN,0.449059496368447,NaN,0.0439460477464964
2015-12-10,ZC,XZCE,NaN,0.364261088402402,NaN,0.0562296439862858
2015-12-11,ZC,XZCE,NaN,0.364966890474921,NaN,0.0437336672583035
2015-12-14,ZC,XZCE,NaN,0.311639360027147,NaN,0.0471502397849249
2015-12-15,ZC,XZCE,NaN,0.313892322056413,0.0791075057360124,0.0513551546411257
2015-12-16,ZC,XZCE,NaN,0.265168883649517,NaN,0.0591695256326099
2015-12-17,ZC,XZCE,NaN,0.258188333696554,NaN,0.0613552458392549
2015-12-18,ZC,XZCE,0.00637638138395451,0.253861575771637,0.0664825751222321,0.0648305178754225
2015-12-21,ZC,XZCE,NaN,0.143006594058472,NaN,0.0685381722352811
2015-12-22,ZC,XZCE,NaN,0.0935383823597743,NaN,0.0739573167975383
2015-12-23,ZC,XZCE,NaN,0.0827584531520213,NaN,0.0625614942255173
2015-12-24,ZC,XZCE,-0.0455254854576733,0.08677292099422,NaN,0.0587654089563228
2015-12-25,ZC,XZCE,NaN,0.157328754112237,NaN,0.0423308700190808
2015-12-28,ZC,XZCE,NaN,0.145055406137793,NaN,0.0562726577802456
2015-12-29,ZC,XZCE,NaN,0.0949689546390392,0.0138814671267362,0.0531821029118907
2015-12-30,ZC,XZCE,NaN,0.112667201361061,0.0343042678196556,0.0514643401821285
2015-12-31,ZC,XZCE,NaN,0.0474652024595416,0.0114076000449498,0.0438051502242575
2016-01-04,ZC,XZCE,NaN,0.152017541493983,0.0760960253053283,0.0519759393291825
2016-01-05,ZC,XZCE,NaN,-0.0556660416631476,-0.0215434246233238,0.0691668116789957
2016-01-06,ZC,XZCE,NaN,NaN,NaN,0.0674778027417509
2016-01-07,ZC,XZCE,NaN,NaN,NaN,0.0734564564274936
2016-01-08,ZC,XZCE,NaN,-0.0277961029253247,0.0196391163011654,0.0774275005225699
2016-01-11,ZC,XZCE,NaN,NaN,NaN,0.0771735288565062
2016-01-12,ZC,XZCE,NaN,NaN,NaN,0.0829202830866618
2016-01-13,ZC,XZCE,NaN,NaN,NaN,0.0697257306970571
2016-01-14,ZC,XZCE,NaN,NaN,NaN,0.0761634251238205
2016-01-15,ZC,XZCE,NaN,NaN,NaN,0.0746395751240991
2016-01-18,ZC,XZCE,NaN,NaN,NaN,0.0880216778901113
2016-01-19,ZC,XZCE,NaN,NaN,NaN,0.0745829138488243
2016-01-20,ZC,XZCE,NaN,NaN,NaN,0.0925207006547761
2016-01-21,ZC,XZCE,NaN,NaN,NaN,0.0892414475489962
2016-01-22,ZC,XZCE,NaN,NaN,NaN,0.151141388603759
2016-01-25,ZC,XZCE,NaN,NaN,NaN,0.132325115442456
2016-01-26,ZC,XZCE,NaN,NaN,NaN,0.136107098160093
2016-01-27,ZC,XZCE,NaN,NaN,NaN,0.1099108250387
2016-01-28,ZC,XZCE,NaN,NaN,NaN,0.0917064852778506
2016-01-29,ZC,XZCE,NaN,NaN,NaN,0.119576097407592
2016-02-01,ZC,XZCE,NaN,NaN,NaN,0.13332790363785
2016-02-02,ZC,XZCE,NaN,NaN,NaN,0.14280967105237
2016-02-03,ZC,XZCE,NaN,NaN,NaN,0.160106071875692
2016-02-04,ZC,XZCE,NaN,NaN,NaN,0.16873457277036
2016-02-05,ZC,XZCE,NaN,NaN,NaN,0.145310854882465
2016-02-15,ZC,XZCE,NaN,NaN,NaN,0.135790630253769
2016-02-16,ZC,XZCE,NaN,NaN,NaN,0.142990224764652
2016-02-17,ZC,XZCE,NaN,NaN,NaN,0.117848147848611
2016-02-18,ZC,XZCE,NaN,NaN,NaN,0.125827917521366
2016-02-19,ZC,XZCE,NaN,-0.0612328133725473,NaN,0.127652414275141
2016-02-22,ZC,XZCE,NaN,NaN,NaN,0.146995337762635
2016-02-23,ZC,XZCE,NaN,NaN,NaN,0.140416083946458
2016-02-24,ZC,XZCE,NaN,-0.342792805198669,NaN,0.0916391529239429
2016-02-25,ZC,XZCE,NaN,NaN,NaN,0.0761837140280878
2016-02-26,ZC,XZCE,NaN,NaN,NaN,0.137013965387899
2016-02-29,ZC,XZCE,NaN,NaN,NaN,0.159661163038297
2016-03-01,ZC,XZCE,NaN,NaN,NaN,0.123437177463779
2016-03-02,ZC,XZCE,NaN,NaN,NaN,0.142256012311011
2016-03-03,ZC,XZCE,NaN,NaN,NaN,0.127313726560287
2016-03-04,ZC,XZCE,NaN,NaN,NaN,0.107210972098128
2016-03-07,ZC,XZCE,NaN,NaN,NaN,0.129616433279729
2016-03-08,ZC,XZCE,-1.40402266743441,-1.40402266743441,NaN,0.0472925755580074
2016-03-09,ZC,XZCE,NaN,NaN,NaN,0.0644991750882142
2016-03-10,ZC,XZCE,NaN,NaN,NaN,0.092223234454064
2016-03-11,ZC,XZCE,NaN,NaN,NaN,0.141049280564995
2016-03-14,ZC,XZCE,NaN,NaN,NaN,0.113326308909705
2016-03-15,ZC,XZCE,NaN,NaN,NaN,0.118647665297072
2016-03-16,ZC,XZCE,NaN,NaN,NaN,0.110695107338219
2016-03-17,ZC,XZCE,NaN,NaN,NaN,0.108899502599662
2016-03-18,ZC,XZCE,NaN,NaN,NaN,0.0901030824014338
2016-03-21,ZC,XZCE,NaN,NaN,NaN,0.101788992800842
2016-03-22,ZC,XZCE,NaN,NaN,NaN,0.106589869585667
2016-03-23,ZC,XZCE,NaN,NaN,NaN,0.0973985196515486
2016-03-24,ZC,XZCE,NaN,NaN,NaN,0.113515205780505
2016-03-25,ZC,XZCE,NaN,NaN,NaN,0.103139240769601
2016-03-28,ZC,XZCE,NaN,NaN,NaN,0.0876450067554551
2016-03-29,ZC,XZCE,NaN,NaN,NaN,0.125886578809902
2016-03-30,ZC,XZCE,NaN,NaN,NaN,0.131024137575182
2016-03-31,ZC,XZCE,NaN,NaN,NaN,0.127429415096428
2016-04-01,ZC,XZCE,NaN,NaN,NaN,0.0819481003086973
2016-04-05,ZC,XZCE,NaN,NaN,NaN,0.0961524885422615
2016-04-06,ZC,XZCE,NaN,NaN,NaN,0.0706636968691772
2016-04-07,ZC,XZCE,NaN,NaN,NaN,0.0363840136598686
2016-04-08,ZC,XZCE,NaN,NaN,NaN,0.0510311742891923
2016-04-11,ZC,XZCE,0.0421356930934508,0.0445678591212267,-0.0870098784960635,0.0445678591212267
2016-04-12,ZC,XZCE,0.00598355765775147,0.00489828891222795,NaN,0.00489828891222795
2016-04-13,ZC,XZCE,NaN,-0.0437303126888554,NaN,-0.0437303126888554
2016-04-14,ZC,XZCE,-0.0414588128915795,-0.123658541868537,NaN,-0.123658541868537
2016-04-15,ZC,XZCE,NaN,0.0421219261268266,NaN,0.0421219261268266
2016-04-18,ZC,XZCE,NaN,-0.0488708868891511,NaN,-0.0488708868891511
2016-04-19,ZC,XZCE,NaN,-0.0891963716105475,NaN,-0.0891963716105475
2016-04-20,ZC,XZCE,0.370915002927224,-0.15785493115052,NaN,-0.15785493115052
2016-04-21,ZC,XZCE,NaN,-0.237107330649936,NaN,-0.237107330649936
2016-04-22,ZC,XZCE,-0.225371352328232,-0.134232118968504,NaN,-0.201863478957545
2016-04-25,ZC,XZCE,NaN,-0.200709348653629,-0.115499968730016,-0.193275288073119
2016-04-26,ZC,XZCE,NaN,-0.0845811183760618,NaN,-0.203787128409696
2016-04-27,ZC,XZCE,NaN,-0.0297505913113246,NaN,-0.206933088342341
2016-04-28,ZC,XZCE,NaN,-0.104162597135932,NaN,-0.197511590056744
2016-04-29,ZC,XZCE,NaN,-0.135056266529,NaN,-0.200416121102205
2016-05-03,ZC,XZCE,NaN,-0.0597351980421952,NaN,-0.202476249353223
2016-05-04,ZC,XZCE,NaN,NaN,NaN,-0.202375335090427
2016-05-05,ZC,XZCE,NaN,NaN,NaN,-0.202981594008751
2016-05-06,ZC,XZCE,NaN,NaN,NaN,-0.211360974255606
2016-05-09,ZC,XZCE,NaN,NaN,NaN,-0.249499443528471
2016-05-10,ZC,XZCE,NaN,NaN,NaN,-0.224807558519107
2016-05-11,ZC,XZCE,NaN,0.0807953470677178,-0.0538565967064058,-0.211314065785853
2016-05-12,ZC,XZCE,NaN,NaN,NaN,-0.199970636484014
2016-05-13,ZC,XZCE,NaN,-0.0407308733642712,-0.0792993724485021,-0.240767886734509
2016-05-16,ZC,XZCE,NaN,NaN,NaN,-0.230356190486502
2016-05-17,ZC,XZCE,NaN,NaN,NaN,-0.203690710219623
2016-05-18,ZC,XZCE,NaN,NaN,NaN,-0.208179145740813
2016-05-19,ZC,XZCE,NaN,NaN,NaN,-0.191093825211695
2016-05-20,ZC,XZCE,NaN,NaN,NaN,-0.193705359079289
2016-05-23,ZC,XZCE,NaN,-0.109185190258716,-0.0523728091758401,-0.187346937754425
2016-05-24,ZC,XZCE,NaN,NaN,NaN,-0.190735925231063
2016-05-25,ZC,XZCE,NaN,-0.146955789744519,-0.0711678556350859,-0.206807509956787
2016-05-26,ZC,XZCE,NaN,NaN,NaN,-0.185697222714677
2016-05-27,ZC,XZCE,NaN,NaN,NaN,-0.186152554436805
2016-05-30,ZC,XZCE,NaN,NaN,NaN,-0.175532768422265
2016-05-31,ZC,XZCE,NaN,NaN,NaN,-0.17441000225432
2016-06-01,ZC,XZCE,NaN,NaN,NaN,-0.168087040865077
2016-06-02,ZC,XZCE,NaN,NaN,NaN,-0.159599806816579
2016-06-03,ZC,XZCE,NaN,NaN,NaN,-0.167614956609621
2016-06-06,ZC,XZCE,NaN,NaN,NaN,-0.182104343854732
2016-06-07,ZC,XZCE,NaN,NaN,NaN,-0.172544663279086
2016-06-08,ZC,XZCE,NaN,NaN,NaN,-0.177098463206742
2016-06-13,ZC,XZCE,NaN,NaN,NaN,-0.173649564597753
2016-06-14,ZC,XZCE,NaN,NaN,NaN,-0.179728775408604
2016-06-15,ZC,XZCE,NaN,NaN,NaN,-0.178451507766118
2016-06-16,ZC,XZCE,NaN,NaN,NaN,-0.186299709870055
2016-06-17,ZC,XZCE,NaN,NaN,NaN,-0.187905445101204
2016-06-20,ZC,XZCE,NaN,NaN,NaN,-0.189169947964742
2016-06-21,ZC,XZCE,NaN,NaN,NaN,-0.174622951534791
2016-06-22,ZC,XZCE,NaN,NaN,NaN,-0.173556199158882
2016-06-23,ZC,XZCE,NaN,NaN,NaN,-0.162756860522617
2016-06-24,ZC,XZCE,NaN,NaN,NaN,-0.169392437652629
2016-06-27,ZC,XZCE,NaN,NaN,NaN,-0.182789115670793
2016-06-28,ZC,XZCE,NaN,NaN,NaN,-0.21546142690073
2016-06-29,ZC,XZCE,NaN,NaN,NaN,-0.246972211585219
2016-06-30,ZC,XZCE,NaN,-0.242787565912471,NaN,-0.264678533667323
2016-07-01,ZC,XZCE,NaN,NaN,NaN,-0.316300625580924
2016-07-04,ZC,XZCE,NaN,NaN,NaN,-0.310270111278903
2016-07-05,ZC,XZCE,NaN,NaN,NaN,-0.305297525876684
2016-07-06,ZC,XZCE,NaN,NaN,NaN,-0.323527984012715
2016-07-07,ZC,XZCE,NaN,NaN,NaN,-0.33673336842062
2016-07-08,ZC,XZCE,0.0402536923647374,0.0402536923647374,NaN,-0.370286826534493
2016-07-11,ZC,XZCE,-0.42734799099433,-0.42734799099433,NaN,-0.373407751045574
2016-07-12,ZC,XZCE,-0.347313478472729,-0.347313478472729,NaN,-0.308891510289627
2016-07-13,ZC,XZCE,-0.498957411202495,-0.498957411202495,NaN,-0.297343791547425
2016-07-14,ZC,XZCE,-0.547210702243711,-0.547210702243711,NaN,-0.338112920094095
2016-07-15,ZC,XZCE,-0.309865081801329,-0.309865081801329,NaN,-0.344879125270289
2016-07-18,ZC,XZCE,NaN,NaN,NaN,-0.354324656751285
2016-07-19,ZC,XZCE,NaN,NaN,NaN,-0.351268664630599
2016-07-20,ZC,XZCE,0.303029059518652,0.303029059518652,NaN,-0.366730474286211
2016-07-21,ZC,XZCE,-0.179679041619398,-0.179679041619398,NaN,-0.33421559224713
2016-07-22,ZC,XZCE,0.113865987368945,0.113865987368945,NaN,-0.323452407170721
2016-07-25,ZC,XZCE,NaN,NaN,NaN,-0.297503124670682
2016-07-26,ZC,XZCE,0.42332718452575,0.42332718452575,NaN,-0.305492461366459
2016-07-27,ZC,XZCE,NaN,NaN,NaN,-0.328541164434103
2016-07-28,ZC,XZCE,NaN,NaN,NaN,-0.291953426944403
2016-07-29,ZC,XZCE,0.0158149030471246,0.0158149030471246,NaN,-0.251392722156826
2016-08-01,ZC,XZCE,NaN,NaN,NaN,-0.340465180796603
2016-08-02,ZC,XZCE,NaN,NaN,NaN,-0.323568524887329
2016-08-03,ZC,XZCE,NaN,NaN,NaN,-0.248542948432376
2016-08-04,ZC,XZCE,NaN,NaN,NaN,-0.218233391791394
2016-08-05,ZC,XZCE,NaN,NaN,NaN,-0.244921795879094
2016-08-08,ZC,XZCE,NaN,NaN,NaN,-0.19941359527679
2016-08-09,ZC,XZCE,NaN,NaN,NaN,-0.201757634168753
2016-08-10,ZC,XZCE,-0.0664175461650719,NaN,NaN,-0.216290083318018
2016-08-11,ZC,XZCE,NaN,NaN,NaN,-0.217079217591545
2016-08-12,ZC,XZCE,-0.261973129345054,NaN,NaN,-0.296047053017889
2016-08-15,ZC,XZCE,NaN,NaN,NaN,-0.345847480011645
2016-08-16,ZC,XZCE,-0.75893104763718,-0.374055461218675,NaN,-0.374055461218675
2016-08-17,ZC,XZCE,-0.454388147370459,-0.440862863927759,NaN,-0.440862863927759
2016-08-18,ZC,XZCE,-0.286805558672206,-0.395959949806481,NaN,-0.395959949806481
2016-08-19,ZC,XZCE,NaN,-0.572789935691982,NaN,-0.572789935691982
2016-08-22,ZC,XZCE,-0.789417480109003,-0.696858168862419,NaN,-0.696858168862419
2016-08-23,ZC,XZCE,NaN,-0.670217008594267,NaN,-0.670217008594267
2016-08-24,ZC,XZCE,-0.387387572118219,-0.644819340669476,NaN,-0.644819340669476
2016-08-25,ZC,XZCE,NaN,-0.771447145868891,NaN,-0.771447145868891
2016-08-26,ZC,XZCE,-0.818844337222722,-0.766445903612064,NaN,-0.766445903612064
2016-08-29,ZC,XZCE,NaN,-0.719264984236499,NaN,-0.719264984236499
2016-08-30,ZC,XZCE,NaN,-0.707289934457133,NaN,-0.707289934457133
2016-08-31,ZC,XZCE,NaN,-0.800737856833691,NaN,-0.800737856833691
2016-09-01,ZC,XZCE,NaN,-0.771138115616973,NaN,-0.771138115616973
2016-09-02,ZC,XZCE,NaN,-0.754111798036692,NaN,-0.754111798036692
2016-09-05,ZC,XZCE,0.330513087298148,-0.704395435318741,NaN,-0.704395435318741
2016-09-06,ZC,XZCE,NaN,-0.743423358833609,NaN,0.185658916884315
2016-09-07,ZC,XZCE,NaN,-0.577759409687917,NaN,0.193018305126723
2016-09-08,ZC,XZCE,NaN,NaN,NaN,0.208550585617443
2016-09-09,ZC,XZCE,NaN,-0.734519518587053,-0.118351628167554,0.189317189914755
2016-09-12,ZC,XZCE,NaN,-0.46036085086737,-0.0509920516367261,0.183000437288219
2016-09-13,ZC,XZCE,NaN,-0.309345932250208,-0.00431599071624405,0.189340204334314
2016-09-14,ZC,XZCE,NaN,-0.495043740944258,-0.050812912726687,0.192556398632917
2016-09-19,ZC,XZCE,NaN,NaN,NaN,0.212294368848081
2016-09-20,ZC,XZCE,NaN,-0.826412711448277,-0.124633004917628,0.227931865815642
2016-09-21,ZC,XZCE,-1.57789282397503,-0.686957371130093,-0.0851794357757614,0.222881319577354
2016-09-22,ZC,XZCE,NaN,NaN,NaN,0.210427712606815
2016-09-23,ZC,XZCE,NaN,NaN,NaN,0.224516636051855
2016-09-26,ZC,XZCE,NaN,NaN,NaN,0.212701161743369
2016-09-27,ZC,XZCE,NaN,NaN,NaN,0.216855437384197
2016-09-28,ZC,XZCE,NaN,0.181940781520471,0.148825809621362,0.205882955686397
2016-09-29,ZC,XZCE,NaN,0.177134162429515,0.158272732802298,0.214693815738801
2016-09-30,ZC,XZCE,NaN,-0.117831331442929,0.0768058962982051,0.202127127916372
2016-10-10,ZC,XZCE,NaN,0.187545860923192,0.149500578032727,0.189446024395117
2016-10-11,ZC,XZCE,NaN,NaN,NaN,0.2180077759921
2016-10-12,ZC,XZCE,1.98372912762356,0.247466190416145,0.184843475505755,0.239675588388064
2016-10-13,ZC,XZCE,NaN,NaN,NaN,0.275308434886017
2016-10-14,ZC,XZCE,NaN,NaN,NaN,0.288423447626586
2016-10-17,ZC,XZCE,NaN,NaN,NaN,0.27355255802325
2016-10-18,ZC,XZCE,NaN,NaN,NaN,0.28897152889941
2016-10-19,ZC,XZCE,NaN,-0.134765528716606,NaN,0.295918818145301
2016-10-20,ZC,XZCE,NaN,NaN,NaN,0.284438076167199
2016-10-21,ZC,XZCE,NaN,NaN,NaN,0.308107785262448
2016-10-24,ZC,XZCE,NaN,NaN,NaN,0.376134407441772
2016-10-25,ZC,XZCE,-0.788561270661168,-0.488254169779212,NaN,0.396387452807429
2016-10-26,ZC,XZCE,NaN,NaN,NaN,0.362362928075984
2016-10-27,ZC,XZCE,NaN,0.17764723173122,0.179090859276329,0.36579456722558
2016-10-28,ZC,XZCE,NaN,-0.490221284547154,0.136615142084157,0.354443649844618
2016-10-31,ZC,XZCE,NaN,NaN,NaN,0.335539039373219
2016-11-01,ZC,XZCE,NaN,NaN,NaN,0.339044415962976
2016-11-02,ZC,XZCE,NaN,NaN,NaN,0.351446027500555
2016-11-03,ZC,XZCE,NaN,NaN,NaN,0.344330205574844
2016-11-04,ZC,XZCE,NaN,NaN,NaN,0.396737750962199
2016-11-07,ZC,XZCE,NaN,NaN,NaN,0.408271130374604
2016-11-08,ZC,XZCE,0.341931589789195,0.341931589789195,NaN,0.39406440632224
2016-11-09,ZC,XZCE,-0.350941357413522,-0.350941357413522,NaN,0.379399201527368
2016-11-10,ZC,XZCE,-0.225771059829983,-0.225771059829983,NaN,0.297260475024034
2016-11-11,ZC,XZCE,0.112707475169658,0.112707475169658,NaN,0.310287280364917
2016-11-14,ZC,XZCE,NaN,NaN,NaN,0.335983167122444
2016-11-15,ZC,XZCE,0.36970015040794,0.36970015040794,NaN,0.28892964572929
2016-11-16,ZC,XZCE,NaN,NaN,NaN,0.257138455584677
2016-11-17,ZC,XZCE,NaN,NaN,NaN,0.246681088754474
2016-11-18,ZC,XZCE,NaN,NaN,NaN,0.345019928138669
2016-11-21,ZC,XZCE,NaN,NaN,NaN,0.37569775565381
2016-11-22,ZC,XZCE,-0.323890206326959,-0.323890206326959,NaN,0.366119616466616
2016-11-23,ZC,XZCE,NaN,NaN,NaN,0.422214714558443
2016-11-24,ZC,XZCE,NaN,NaN,NaN,0.336529940434517
2016-11-25,ZC,XZCE,NaN,NaN,NaN,0.292236952833544
2016-11-28,ZC,XZCE,NaN,NaN,NaN,0.300277235122294
2016-11-29,ZC,XZCE,NaN,NaN,NaN,0.29254463987095
2016-11-30,ZC,XZCE,NaN,NaN,NaN,0.292550145212804
2016-12-01,ZC,XZCE,NaN,NaN,NaN,0.358474636198609
2016-12-02,ZC,XZCE,NaN,NaN,NaN,0.431652609385645
2016-12-05,ZC,XZCE,NaN,NaN,NaN,0.419900165658406
2016-12-06,ZC,XZCE,NaN,NaN,NaN,0.391860430180877
2016-12-07,ZC,XZCE,NaN,NaN,NaN,0.397628583348467
2016-12-08,ZC,XZCE,0.0944115245074988,0.385174094074528,NaN,0.385174094074528
2016-12-09,ZC,XZCE,0.0179759604992469,0.396081250468279,NaN,0.396081250468279
2016-12-12,ZC,XZCE,-0.0322728238515499,0.381249299053073,NaN,0.381249299053073
2016-12-13,ZC,XZCE,-0.0396373340530219,0.359641014063405,NaN,0.359641014063405
2016-12-14,ZC,XZCE,-0.040028557150453,0.357731003271937,NaN,0.357731003271937
2016-12-15,ZC,XZCE,0,0.359250045308031,NaN,0.359250045308031
2016-12-16,ZC,XZCE,-0.0108703753817092,0.366927430356003,0.0817855714243749,0.366927430356003
2016-12-19,ZC,XZCE,0.00363178662288121,0.399517883735503,NaN,0.399517883735503
2016-12-20,ZC,XZCE,-0.0616595474621067,0.412886921575828,NaN,0.412886921575828
2016-12-21,ZC,XZCE,-0.0254559515370262,0.407552501711684,NaN,0.407552501711684
2016-12-22,ZC,XZCE,-0.0181947829491999,0.470627659355232,0.173989500833953,0.470627659355232
2016-12-23,ZC,XZCE,-0.0399496959238424,0.493738072726964,NaN,0.493738072726964
2016-12-26,ZC,XZCE,0.131718995710327,0.530509727072105,NaN,0.530509727072105
2016-12-27,ZC,XZCE,0.206543117378614,0.552658113486949,NaN,0.552658113486949
2016-12-28,ZC,XZCE,0.177669677293808,0.557426657168243,NaN,0.0276824772597745
2016-12-29,ZC,XZCE,0.188023983563062,0.626569593605562,NaN,0.0223219666229854
2016-12-30,ZC,XZCE,0.353796283858109,0.670178277196507,NaN,0.0200683843636011
2017-01-03,ZC,XZCE,0.111912651831473,0.581949537422445,0.1617555436758,0.0263889560883324
2017-01-04,ZC,XZCE,0.39272549353855,0.589122007241062,NaN,0.0429722724896834
2017-01-05,ZC,XZCE,0,0.526343354009279,NaN,0.0524502800000163
2017-01-06,ZC,XZCE,-0.135579774222975,0.510534418384433,NaN,0.0526169630390449
2017-01-09,ZC,XZCE,-0.106405722200047,0.454297358776801,NaN,0.059769533457033
2017-01-10,ZC,XZCE,NaN,0.707027260196714,0.177028393158888,0.0518005815627384
2017-01-11,ZC,XZCE,NaN,0.654014058603764,0.159512192289489,0.0632317024947842
2017-01-12,ZC,XZCE,1.55881211939379,0.710751454006992,0.170874536951594,0.0498150846850581
2017-01-13,ZC,XZCE,NaN,0.654013005860891,0.148690013924037,0.0475141109202813
2017-01-16,ZC,XZCE,NaN,0.727709486479739,0.182151276054,0.0505814559806287
2017-01-17,ZC,XZCE,2.52030187868881,1.13817047657026,0.261221957385541,0.0395269151002471
2017-01-18,ZC,XZCE,NaN,1.412727919446,0.330292470316269,0.0408913873301212
2017-01-19,ZC,XZCE,NaN,1.44957389901211,0.340983333256409,0.0405693342718343
2017-01-20,ZC,XZCE,3.22839023060755,1.39972248318453,0.317649798249053,0.0385852979940722
2017-01-23,ZC,XZCE,NaN,1.28286492827196,0.30511687883279,0.0412493094849952
2017-01-24,ZC,XZCE,NaN,0.889532101681328,0.225738983077525,0.0592643245867236
2017-01-25,ZC,XZCE,NaN,0.701937205308699,0.188565705821322,0.0801620961072649
2017-01-26,ZC,XZCE,NaN,0.533071452407373,0.146731233068321,0.0843608558086856
2017-02-03,ZC,XZCE,NaN,NaN,NaN,0.0509179244085626
2017-02-06,ZC,XZCE,NaN,NaN,NaN,0.071308217185318
2017-02-07,ZC,XZCE,NaN,NaN,NaN,0.0754512814462867
2017-02-08,ZC,XZCE,NaN,NaN,NaN,0.0766621321071002
2017-02-09,ZC,XZCE,NaN,NaN,NaN,0.0617825242270617
2017-02-10,ZC,XZCE,NaN,NaN,NaN,0.07227205167053
2017-02-13,ZC,XZCE,NaN,NaN,NaN,0.0655754341640568
2017-02-14,ZC,XZCE,NaN,NaN,NaN,0.0592868472281382
2017-02-15,ZC,XZCE,NaN,NaN,NaN,0.0476833108016984
2017-02-16,ZC,XZCE,NaN,NaN,NaN,0.0611895492141633
2017-02-17,ZC,XZCE,NaN,0.451410611874715,NaN,0.0748537990817369
2017-02-20,ZC,XZCE,NaN,NaN,NaN,0.0761258728345128
2017-02-21,ZC,XZCE,-0.0366558248347785,0.125707910189642,NaN,0.0848591234322941
2017-02-22,ZC,XZCE,NaN,0.148150249681016,NaN,0.0977513299498255
2017-02-23,ZC,XZCE,NaN,NaN,NaN,0.108051690814392
2017-02-24,ZC,XZCE,NaN,NaN,NaN,0.108677539065546
2017-02-27,ZC,XZCE,NaN,NaN,NaN,0.12594641491856
2017-02-28,ZC,XZCE,NaN,-0.00608905081781463,NaN,0.135968059130012
2017-03-01,ZC,XZCE,NaN,NaN,NaN,0.144020709307078
2017-03-02,ZC,XZCE,NaN,NaN,NaN,0.138618543824031
2017-03-03,ZC,XZCE,NaN,NaN,NaN,0.146949271553443
2017-03-06,ZC,XZCE,NaN,NaN,NaN,0.150879688395118
2017-03-07,ZC,XZCE,NaN,NaN,NaN,0.165237253907166
2017-03-08,ZC,XZCE,NaN,NaN,NaN,0.201435551578597
2017-03-09,ZC,XZCE,NaN,NaN,NaN,0.211647277829059
2017-03-10,ZC,XZCE,NaN,NaN,NaN,0.22891284855482
2017-03-13,ZC,XZCE,NaN,NaN,NaN,0.306059066206542
2017-03-14,ZC,XZCE,NaN,NaN,NaN,0.33477415743972
2017-03-15,ZC,XZCE,NaN,NaN,NaN,0.253601255484047
2017-03-16,ZC,XZCE,-0.0964360144702698,-0.0964360144702698,NaN,0.264520839058485
2017-03-17,ZC,XZCE,-0.245240621510642,-0.245240621510642,NaN,0.293904299509807
2017-03-20,ZC,XZCE,NaN,NaN,NaN,0.288619198667199
2017-03-21,ZC,XZCE,NaN,NaN,NaN,0.292294354004572
2017-03-22,ZC,XZCE,NaN,NaN,NaN,0.332861520343773
2017-03-23,ZC,XZCE,NaN,NaN,NaN,0.331530108745676
2017-03-24,ZC,XZCE,NaN,NaN,NaN,0.29211993478931
2017-03-27,ZC,XZCE,NaN,NaN,NaN,0.347298797094553
2017-03-28,ZC,XZCE,0.177678229881885,0.177678229881885,NaN,0.346343896881191
2017-03-29,ZC,XZCE,NaN,NaN,NaN,0.317869781398346
2017-03-30,ZC,XZCE,NaN,NaN,NaN,0.288929677950492
2017-03-31,ZC,XZCE,0.347883725645584,0.347883725645584,NaN,0.287213928526761
2017-04-05,ZC,XZCE,NaN,NaN,NaN,0.258940339719954
2017-04-06,ZC,XZCE,NaN,NaN,NaN,0.27826989632564
2017-04-07,ZC,XZCE,NaN,NaN,NaN,0.299966068453666
2017-04-10,ZC,XZCE,NaN,NaN,NaN,0.322957480043827
2017-04-11,ZC,XZCE,NaN,NaN,NaN,0.33494560293463
2017-04-12,ZC,XZCE,NaN,NaN,NaN,0.352469536708899
2017-04-13,ZC,XZCE,NaN,NaN,NaN,0.358176362598983
2017-04-14,ZC,XZCE,1.40708676938454,NaN,NaN,0.360720948918916
2017-04-17,ZC,XZCE,NaN,NaN,NaN,0.359734598334952
2017-04-18,ZC,XZCE,1.69593162699539,NaN,NaN,0.410306038789207
2017-04-19,ZC,XZCE,1.58394164491474,0.465118708681228,NaN,0.465118708681228
2017-04-20,ZC,XZCE,1.89227532016739,0.417626666738419,NaN,0.417626666738419
2017-04-21,ZC,XZCE,1.72164020164552,0.426292476356791,NaN,0.426292476356791
2017-04-24,ZC,XZCE,NaN,0.505849546598635,0.205584536047034,0.505849546598635
2017-04-25,ZC,XZCE,1.31437405460008,0.503142727028674,NaN,0.503142727028674
2017-04-26,ZC,XZCE,NaN,0.494745815450018,NaN,0.494745815450018
2017-04-27,ZC,XZCE,1.46774066804535,0.476993014609368,NaN,0.476993014609368
2017-04-28,ZC,XZCE,1.7052537306088,0.531829429076727,NaN,0.531829429076727
2017-05-02,ZC,XZCE,1.41940353534455,0.482153695755207,NaN,-0.0373043744428301
2017-05-03,ZC,XZCE,NaN,0.457089234780022,NaN,-0.0317890822691762
2017-05-04,ZC,XZCE,0.975823094230641,0.539342555772207,NaN,-0.0384721947341977
2017-05-05,ZC,XZCE,0.692289856755895,0.436921177548841,NaN,-0.0421899034775211
2017-05-08,ZC,XZCE,1.20956326523341,0.562632253090589,NaN,-0.036593051631878
2017-05-09,ZC,XZCE,NaN,NaN,NaN,-0.0294873210759892
2017-05-10,ZC,XZCE,NaN,0.420693080321887,0.151519724074311,-0.0325862775021918
2017-05-11,ZC,XZCE,NaN,0.459030037399513,0.165505726737714,-0.0292471645957252
2017-05-12,ZC,XZCE,NaN,0.429001648616756,0.155533478446859,-0.0340987216318656
2017-05-15,ZC,XZCE,NaN,NaN,NaN,-0.0363229856597917
2017-05-16,ZC,XZCE,NaN,0.374416251057163,0.157697423724315,-0.0287783992079714
2017-05-17,ZC,XZCE,NaN,0.293220972164497,0.142976546100223,-0.0307057433545083
2017-05-18,ZC,XZCE,NaN,NaN,NaN,-0.0310097080678378
2017-05-19,ZC,XZCE,NaN,0.341978574101716,0.167581892210132,-0.024735001194439
2017-05-22,ZC,XZCE,NaN,NaN,NaN,-0.0284634016499692
2017-05-23,ZC,XZCE,NaN,NaN,NaN,-0.0421580309355543
2017-05-24,ZC,XZCE,NaN,0.39702083253242,0.146691602000562,-0.0695350556472423
2017-05-25,ZC,XZCE,NaN,NaN,NaN,-0.0596443401055423
2017-05-26,ZC,XZCE,NaN,NaN,NaN,-0.0635082178281717
2017-05-31,ZC,XZCE,NaN,0.416662669648569,0.166369030473511,-0.0833796201929425
2017-06-01,ZC,XZCE,NaN,0.352207190398036,0.155769330445458,-0.0820254777584017
2017-06-02,ZC,XZCE,NaN,NaN,NaN,-0.086274581934906
2017-06-05,ZC,XZCE,NaN,NaN,NaN,-0.0620590770906258
2017-06-06,ZC,XZCE,NaN,NaN,NaN,-0.0585096687393865
2017-06-07,ZC,XZCE,NaN,NaN,NaN,-0.0617214151490836
2017-06-08,ZC,XZCE,NaN,NaN,NaN,-0.0585541612709788
2017-06-09,ZC,XZCE,NaN,NaN,NaN,-0.0596492888653728
2017-06-12,ZC,XZCE,NaN,NaN,NaN,-0.0629689259834121
2017-06-13,ZC,XZCE,NaN,NaN,NaN,-0.0520928954023686
2017-06-14,ZC,XZCE,NaN,NaN,NaN,-0.0443926073664554
2017-06-15,ZC,XZCE,NaN,0.164684774120615,NaN,-0.0350948624602422
2017-06-16,ZC,XZCE,NaN,NaN,NaN,-0.0368709016419569
2017-06-19,ZC,XZCE,NaN,NaN,NaN,-0.021742708664786
2017-06-20,ZC,XZCE,NaN,NaN,NaN,-0.0196787134247555
2017-06-21,ZC,XZCE,NaN,NaN,NaN,-0.0239284459711648
2017-06-22,ZC,XZCE,NaN,NaN,NaN,-0.0145877330782399
2017-06-23,ZC,XZCE,NaN,NaN,NaN,-0.0220684166428104
2017-06-26,ZC,XZCE,NaN,NaN,NaN,-0.0170727243175619
2017-06-27,ZC,XZCE,NaN,-0.143013432059699,NaN,-0.0104740692927556
2017-06-28,ZC,XZCE,NaN,0.256836638523715,NaN,-0.0126833918838144
2017-06-29,ZC,XZCE,NaN,NaN,NaN,0.0137717099722866
2017-06-30,ZC,XZCE,NaN,NaN,NaN,0.047191576636188
2017-07-03,ZC,XZCE,NaN,NaN,NaN,0.0158348338714253
2017-07-04,ZC,XZCE,NaN,NaN,NaN,0.0116570734148716
2017-07-05,ZC,XZCE,NaN,NaN,NaN,0.0662090540504238
2017-07-06,ZC,XZCE,NaN,NaN,NaN,0.0701310106620664
2017-07-07,ZC,XZCE,NaN,NaN,NaN,0.0621132911325054
2017-07-10,ZC,XZCE,0.0187119077966693,0.0187119077966693,NaN,0.0713209497418619
2017-07-11,ZC,XZCE,NaN,NaN,NaN,0.138656375609164
2017-07-12,ZC,XZCE,NaN,NaN,NaN,0.151807071230935
2017-07-13,ZC,XZCE,NaN,NaN,NaN,0.183757343827993
2017-07-14,ZC,XZCE,NaN,NaN,NaN,0.194749552260707
2017-07-17,ZC,XZCE,NaN,NaN,NaN,0.239159320819562
2017-07-18,ZC,XZCE,-0.156118154184989,-0.156118154184989,NaN,0.263902817577887
2017-07-19,ZC,XZCE,NaN,NaN,NaN,0.24714154165868
2017-07-20,ZC,XZCE,NaN,NaN,NaN,0.23782332663916
2017-07-21,ZC,XZCE,NaN,NaN,NaN,0.185974313932157
2017-07-24,ZC,XZCE,NaN,NaN,NaN,0.145477122383802
2017-07-25,ZC,XZCE,NaN,NaN,NaN,0.153683382528281
2017-07-26,ZC,XZCE,NaN,NaN,NaN,0.138809310823536
2017-07-27,ZC,XZCE,NaN,NaN,NaN,0.119319119590508
2017-07-28,ZC,XZCE,NaN,NaN,NaN,0.114829844398345
2017-07-31,ZC,XZCE,NaN,NaN,NaN,0.140753009837118
2017-08-01,ZC,XZCE,NaN,NaN,NaN,0.0946924087343406
2017-08-02,ZC,XZCE,NaN,NaN,NaN,0.10145768781012
2017-08-03,ZC,XZCE,NaN,NaN,NaN,0.137400872256367
2017-08-04,ZC,XZCE,NaN,NaN,NaN,0.132147073317063
2017-08-07,ZC,XZCE,NaN,NaN,NaN,0.100959330234498
2017-08-08,ZC,XZCE,0.0757150686236744,NaN,NaN,0.0785437309115815
2017-08-09,ZC,XZCE,-0.241253946916878,NaN,NaN,-0.00504014975337627
2017-08-10,ZC,XZCE,NaN,NaN,NaN,0.0168937986392421
2017-08-11,ZC,XZCE,-0.0198218809741166,0.0636338201818076,NaN,0.0636338201818076
2017-08-14,ZC,XZCE,NaN,0.130273710429603,NaN,0.130273710429603
2017-08-15,ZC,XZCE,NaN,0.1057126488092,NaN,0.1057126488092
2017-08-16,ZC,XZCE,NaN,0.126755107986581,NaN,0.126755107986581
2017-08-17,ZC,XZCE,NaN,0.0736017852860202,NaN,0.0736017852860202
2017-08-18,ZC,XZCE,NaN,0.0654069346835746,NaN,0.0654069346835746
2017-08-21,ZC,XZCE,0.128739045850994,0.0891357048966012,NaN,0.0891357048966012
2017-08-22,ZC,XZCE,NaN,0.0927315427050628,NaN,0.0927315427050628
2017-08-23,ZC,XZCE,0.341454080392717,0.120897120678551,NaN,0.120897120678551
2017-08-24,ZC,XZCE,NaN,0.121594436223788,NaN,0.121594436223788
2017-08-25,ZC,XZCE,NaN,0.0350084655695253,NaN,0.0350084655695253
2017-08-28,ZC,XZCE,NaN,0.0614544527699991,NaN,0.0614544527699991
2017-08-29,ZC,XZCE,0.225499491160809,0.0798998169712281,NaN,0.0798998169712281
2017-08-30,ZC,XZCE,NaN,0.0681567748910684,NaN,0.0681567748910684
2017-08-31,ZC,XZCE,NaN,0.0597542840179533,NaN,0.0597542840179533
2017-09-01,ZC,XZCE,NaN,0.0438844964873812,NaN,0.0438844964873812
2017-09-04,ZC,XZCE,NaN,0.0237336308944141,NaN,0.0237336308944141
2017-09-05,ZC,XZCE,NaN,-0.0161236012660459,NaN,-0.0161236012660459
2017-09-06,ZC,XZCE,NaN,-0.00476921668612477,NaN,-0.00476921668612477
2017-09-07,ZC,XZCE,NaN,0.0151441996182125,NaN,0.0151441996182125
2017-09-08,ZC,XZCE,NaN,NaN,NaN,0.245995057163646
2017-09-11,ZC,XZCE,NaN,-0.0692829542632902,0.0971319386465633,0.25064913958148
2017-09-12,ZC,XZCE,-0.806341375103167,-0.249587855603146,0.0620278615502935,0.276266144739726
2017-09-13,ZC,XZCE,NaN,NaN,NaN,0.270938958149311
2017-09-14,ZC,XZCE,NaN,NaN,NaN,0.28860853198622
2017-09-15,ZC,XZCE,NaN,NaN,NaN,0.278529673292359
2017-09-18,ZC,XZCE,NaN,NaN,NaN,0.27006609845609
2017-09-19,ZC,XZCE,NaN,NaN,NaN,0.313932105221813
2017-09-20,ZC,XZCE,NaN,NaN,NaN,0.323752541383476
2017-09-21,ZC,XZCE,NaN,NaN,NaN,0.285114031605458
2017-09-22,ZC,XZCE,NaN,-0.0828472831900925,0.107325279647661,0.273478592535421
2017-09-25,ZC,XZCE,NaN,NaN,NaN,0.296934332593922
2017-09-26,ZC,XZCE,NaN,NaN,NaN,0.296245212481679
2017-09-27,ZC,XZCE,NaN,NaN,NaN,0.312675930439538
2017-09-28,ZC,XZCE,NaN,NaN,NaN,0.322048787403903
2017-09-29,ZC,XZCE,-0.602714154078433,-0.164420729213598,0.101096568207062,0.304669036168816
2017-10-09,ZC,XZCE,NaN,NaN,NaN,0.276471917590417
2017-10-10,ZC,XZCE,NaN,NaN,NaN,0.285120240932241
2017-10-11,ZC,XZCE,NaN,NaN,NaN,0.302397764568828
2017-10-12,ZC,XZCE,NaN,NaN,NaN,0.294812849195307
2017-10-13,ZC,XZCE,NaN,NaN,NaN,0.352705212832281
2017-10-16,ZC,XZCE,NaN,NaN,NaN,0.38820798547897
2017-10-17,ZC,XZCE,NaN,NaN,NaN,0.364293065908559
2017-10-18,ZC,XZCE,NaN,NaN,NaN,0.339249884570217
2017-10-19,ZC,XZCE,NaN,NaN,NaN,0.293724529120623
2017-10-20,ZC,XZCE,NaN,NaN,NaN,0.335956222871605
2017-10-23,ZC,XZCE,NaN,0.440277927492954,NaN,0.354895035732412
2017-10-24,ZC,XZCE,NaN,NaN,NaN,0.364587495601324
2017-10-25,ZC,XZCE,NaN,NaN,NaN,0.295368384457695
2017-10-26,ZC,XZCE,NaN,NaN,NaN,0.341828711309856
2017-10-27,ZC,XZCE,NaN,NaN,NaN,0.37470014995209
2017-10-30,ZC,XZCE,NaN,NaN,NaN,0.246304359953272
2017-10-31,ZC,XZCE,NaN,NaN,NaN,0.216323362694528
2017-11-01,ZC,XZCE,NaN,NaN,NaN,0.188945874099088
2017-11-02,ZC,XZCE,NaN,NaN,NaN,0.184214730598143
2017-11-03,ZC,XZCE,NaN,NaN,NaN,0.183282202257251
2017-11-06,ZC,XZCE,NaN,NaN,NaN,0.24265352821765
2017-11-07,ZC,XZCE,NaN,NaN,NaN,0.226451812472947
2017-11-08,ZC,XZCE,NaN,NaN,NaN,0.223205243882656
2017-11-09,ZC,XZCE,NaN,NaN,NaN,0.227612930734885
2017-11-10,ZC,XZCE,NaN,NaN,NaN,0.235493419927213
2017-11-13,ZC,XZCE,NaN,NaN,NaN,0.247604375576898
2017-11-14,ZC,XZCE,0.145308724604129,0.145308724604129,NaN,0.25089061511307
2017-11-15,ZC,XZCE,NaN,NaN,NaN,0.231424543597925
2017-11-16,ZC,XZCE,-0.00772241642344174,-0.00772241642344174,NaN,0.244026202134479
2017-11-17,ZC,XZCE,NaN,NaN,NaN,0.257336586282276
2017-11-20,ZC,XZCE,-0.478092773101698,-0.478092773101698,NaN,0.266550600822768
2017-11-21,ZC,XZCE,NaN,NaN,NaN,0.242033321217123
2017-11-22,ZC,XZCE,NaN,NaN,NaN,0.227538865287317
2017-11-23,ZC,XZCE,NaN,NaN,NaN,0.239764586345529
2017-11-24,ZC,XZCE,NaN,NaN,NaN,0.244088771403814
2017-11-27,ZC,XZCE,0.00368966391506091,0.00368966391506091,NaN,0.265917895958722
2017-11-28,ZC,XZCE,NaN,NaN,NaN,0.274818513294842
2017-11-29,ZC,XZCE,0.310065249061809,0.310065249061809,NaN,0.272310543096168
2017-11-30,ZC,XZCE,0.31350764627842,0.31350764627842,NaN,0.313078431595932
2017-12-01,ZC,XZCE,0.169610735331739,0.169610735331739,NaN,0.276576042060532
2017-12-04,ZC,XZCE,NaN,NaN,NaN,0.250604272206996
2017-12-05,ZC,XZCE,NaN,NaN,NaN,0.23723054097991
2017-12-06,ZC,XZCE,NaN,NaN,NaN,0.234958229783429
2017-12-07,ZC,XZCE,NaN,NaN,NaN,0.318549056571841
2017-12-08,ZC,XZCE,0.855446656659843,NaN,NaN,0.302032088821103
2017-12-11,ZC,XZCE,NaN,NaN,NaN,0.353586995358831
2017-12-12,ZC,XZCE,NaN,NaN,NaN,0.338572364930333
2017-12-13,ZC,XZCE,NaN,NaN,NaN,0.322442836620678
2017-12-14,ZC,XZCE,NaN,NaN,NaN,0.358256733454834
2017-12-15,ZC,XZCE,0.569515499748815,NaN,NaN,0.341575592882023
2017-12-18,ZC,XZCE,0.750287077445639,NaN,NaN,0.270548603300177
2017-12-19,ZC,XZCE,0.507392761648882,NaN,NaN,0.241041088296168
2017-12-20,ZC,XZCE,NaN,0.234408349259634,NaN,0.234408349259634
2017-12-21,ZC,XZCE,NaN,0.260398609868333,NaN,0.260398609868333
2017-12-22,ZC,XZCE,NaN,0.280400429775825,NaN,0.280400429775825
2017-12-25,ZC,XZCE,NaN,0.306773626146794,NaN,0.306773626146794
2017-12-26,ZC,XZCE,NaN,0.300565428429152,NaN,0.300565428429152
2017-12-27,ZC,XZCE,0.792192974212945,0.400933249430274,NaN,0.400933249430274
2017-12-28,ZC,XZCE,NaN,0.418755479285971,NaN,0.418755479285971
2017-12-29,ZC,XZCE,NaN,0.397856694719547,NaN,0.397856694719547
2018-01-02,ZC,XZCE,NaN,0.352073584333677,NaN,0.352073584333677
2018-01-03,ZC,XZCE,NaN,0.358918037222338,NaN,0.429419224936151
2018-01-04,ZC,XZCE,NaN,0.349578648633345,NaN,0.365775808129953
2018-01-05,ZC,XZCE,NaN,0.465137527522659,NaN,0.379241624634996
2018-01-08,ZC,XZCE,NaN,0.26858376839237,NaN,0.401078127038912
2018-01-09,ZC,XZCE,NaN,NaN,NaN,0.428406873256631
2018-01-10,ZC,XZCE,NaN,NaN,NaN,0.473634268799835
2018-01-11,ZC,XZCE,NaN,NaN,NaN,0.483169199945483
2018-01-12,ZC,XZCE,NaN,NaN,NaN,0.51690006866489
2018-01-15,ZC,XZCE,NaN,NaN,NaN,0.516916325278158
2018-01-16,ZC,XZCE,NaN,NaN,NaN,0.534508892694422
2018-01-17,ZC,XZCE,NaN,NaN,NaN,0.52766130387656
2018-01-18,ZC,XZCE,NaN,NaN,NaN,0.453954322915655
2018-01-19,ZC,XZCE,0.00744260042239534,0.330215645349409,0.127864452086447,0.475984117251931
2018-01-22,ZC,XZCE,NaN,NaN,NaN,0.530325679893633
2018-01-23,ZC,XZCE,NaN,NaN,NaN,0.524481515841164
2018-01-24,ZC,XZCE,NaN,NaN,NaN,0.528010718426088
2018-01-25,ZC,XZCE,-0.114130101710937,0.345287925408221,0.158613870471006,0.552767034429775
2018-01-26,ZC,XZCE,NaN,NaN,NaN,0.547565775200212
2018-01-29,ZC,XZCE,0.437224907397291,0.479533981881711,0.193981213962342,0.498641305842416
2018-01-30,ZC,XZCE,0.319200665103975,0.489821672120401,0.187239832173822,0.5668763204504
2018-01-31,ZC,XZCE,0.311012895016973,0.518435340012311,0.194098132004715,0.612109992590851
2018-02-01,ZC,XZCE,0.338881280054548,0.514048583980973,0.19623031946361,0.593156398657423
2018-02-02,ZC,XZCE,NaN,NaN,NaN,0.614024133739475
2018-02-05,ZC,XZCE,NaN,NaN,NaN,0.523755607209427
2018-02-06,ZC,XZCE,NaN,NaN,NaN,0.532210272723946
2018-02-07,ZC,XZCE,NaN,NaN,NaN,0.576147571018421
2018-02-08,ZC,XZCE,0.88412648676789,0.642992419007958,NaN,0.642992419007958
2018-02-09,ZC,XZCE,NaN,0.65575172865396,NaN,0.65575172865396
2018-02-12,ZC,XZCE,0.894476043335593,0.728763113476918,NaN,0.728763113476918
2018-02-13,ZC,XZCE,NaN,0.731945025391102,NaN,0.731945025391102
2018-02-14,ZC,XZCE,NaN,0.686887853410655,NaN,0.686887853410655
2018-02-22,ZC,XZCE,NaN,0.592880628814715,NaN,0.592880628814715
2018-02-23,ZC,XZCE,NaN,0.592902094066974,NaN,0.161661770995686
2018-02-26,ZC,XZCE,NaN,0.553086961216572,NaN,0.0112017628173306
2018-02-27,ZC,XZCE,NaN,0.459748723191946,NaN,0.0243502872428112
2018-02-28,ZC,XZCE,NaN,0.370921083527856,NaN,0.00752418402493121
2018-03-01,ZC,XZCE,NaN,0.322214819318468,NaN,0.0189414737387622
2018-03-02,ZC,XZCE,NaN,0.322413143443302,NaN,-0.00378350095272317
2018-03-05,ZC,XZCE,NaN,0.416846969840989,NaN,-0.0325040938213483
2018-03-06,ZC,XZCE,NaN,0.266631082270313,NaN,-0.0784182132610281
2018-03-07,ZC,XZCE,NaN,0.319497477120915,NaN,-0.0899807416074967
2018-03-08,ZC,XZCE,NaN,NaN,NaN,-0.0574063235050633
2018-03-09,ZC,XZCE,NaN,NaN,NaN,-0.0621074047676483
2018-03-12,ZC,XZCE,0.00857895015215889,0.00857895015215889,0,-0.0879814233870106
2018-03-13,ZC,XZCE,0.225529652457336,0.225529652457336,0.0178812464096274,-0.0821829385367955
2018-03-14,ZC,XZCE,NaN,NaN,NaN,-0.0682733501537909
2018-03-15,ZC,XZCE,NaN,NaN,NaN,-0.0622082958051539
2018-03-16,ZC,XZCE,0.461861053482774,0.461861053482774,0.0291747144429559,-0.0663334549974298
2018-03-19,ZC,XZCE,NaN,NaN,NaN,-0.0970068298025513
2018-03-20,ZC,XZCE,NaN,NaN,NaN,-0.0644054014341505
2018-03-21,ZC,XZCE,0.0354592922778341,0.0354592922778341,0.0176339646241642,0.0699791230635075
2018-03-22,ZC,XZCE,NaN,NaN,NaN,0.0628900559079119
2018-03-23,ZC,XZCE,NaN,NaN,NaN,0.0423390859804837
2018-03-26,ZC,XZCE,-0.421640452439759,-0.421640452439759,-0.0104115451580666,0.0734395278427513
2018-03-27,ZC,XZCE,0.406570484740519,0.406570484740519,0.042141219683268,0.0480298016578912
2018-03-28,ZC,XZCE,NaN,NaN,NaN,0.0412124112184206
2018-03-29,ZC,XZCE,0.57435343838647,0.57435343838647,0.0528610564818018,0.042117446470045
2018-03-30,ZC,XZCE,NaN,NaN,NaN,0.0347385653389779
2018-04-02,ZC,XZCE,NaN,NaN,NaN,0.0279403772817611
2018-04-03,ZC,XZCE,NaN,NaN,NaN,0.00522183636518824
2018-04-04,ZC,XZCE,NaN,NaN,NaN,0.00941601495443143
2018-04-09,ZC,XZCE,NaN,NaN,NaN,0.00629411869275267
2018-04-10,ZC,XZCE,NaN,NaN,NaN,-0.0293623221430581
2018-04-11,ZC,XZCE,NaN,NaN,NaN,-0.0305033650643109
2018-04-12,ZC,XZCE,NaN,NaN,NaN,0.0105731018388665
2018-04-13,ZC,XZCE,NaN,0.0116158113996203,NaN,0.0116158113996203
2018-04-16,ZC,XZCE,-0.120404883002234,-0.0238513240542231,NaN,-0.0238513240542231
2018-04-17,ZC,XZCE,NaN,-0.0282744386113722,NaN,-0.0282744386113722
2018-04-18,ZC,XZCE,NaN,-0.0119616082807906,NaN,0.0273470201306241
2018-04-19,ZC,XZCE,NaN,-0.0119656603272731,NaN,-0.00980147551254106
2018-04-20,ZC,XZCE,NaN,-0.00100205903507097,NaN,-0.0138202674344368
2018-04-23,ZC,XZCE,NaN,0.00487261886981499,NaN,-0.00576196048850112
2018-04-24,ZC,XZCE,NaN,0.0444390540150331,NaN,-0.00766863221643346
2018-04-25,ZC,XZCE,NaN,0.0452711115983632,NaN,-0.0058590776545616
2018-04-26,ZC,XZCE,NaN,0.100385654184581,NaN,-0.0136757964546943
2018-04-27,ZC,XZCE,NaN,0.107366550082982,NaN,-0.00970298467230405
2018-05-02,ZC,XZCE,NaN,0.0807835511670081,NaN,-0.00582960048545873
2018-05-03,ZC,XZCE,NaN,0.109843013170735,NaN,0.00194908354862903
2018-05-04,ZC,XZCE,NaN,0.0762095074395277,NaN,-0.00192384222045039
2018-05-07,ZC,XZCE,NaN,0.0561055120938771,NaN,0.00944052806837717
2018-05-08,ZC,XZCE,NaN,0.00871302576124136,NaN,0.00953373720750828
2018-05-09,ZC,XZCE,0.103624880566326,0.0629549680975977,0.0542657858160134,0.0442338972786595
2018-05-10,ZC,XZCE,NaN,NaN,NaN,0.0490350976005331
2018-05-11,ZC,XZCE,NaN,NaN,NaN,0.0594797734267641
2018-05-14,ZC,XZCE,NaN,NaN,NaN,0.0985090302455338
2018-05-15,ZC,XZCE,NaN,NaN,NaN,0.132194048072183
2018-05-16,ZC,XZCE,NaN,NaN,NaN,0.116793318220394
2018-05-17,ZC,XZCE,NaN,NaN,NaN,0.131741078111418
2018-05-18,ZC,XZCE,NaN,NaN,NaN,0.189854195538717
2018-05-21,ZC,XZCE,-0.308928075687293,0.052161419464957,0.0757361679666911,0.218377218820755
2018-05-22,ZC,XZCE,NaN,NaN,NaN,0.221677722007136
2018-05-23,ZC,XZCE,1.15020707577309,0.514152951707822,0.176863633878485,0.221366132693651
2018-05-24,ZC,XZCE,NaN,NaN,NaN,0.312525194956303
2018-05-25,ZC,XZCE,0.574269812319815,0.386806811884234,0.145244881775402,0.300514319620236
2018-05-28,ZC,XZCE,NaN,NaN,NaN,0.307961012777804
2018-05-29,ZC,XZCE,0.594616009030901,0.371417999891602,0.158451259070249,0.268676059176688
2018-05-30,ZC,XZCE,NaN,NaN,NaN,0.289833523594418
2018-05-31,ZC,XZCE,0.559479080632906,0.398886398543316,0.164449854947897,0.324962782978266
2018-06-01,ZC,XZCE,0.558825268685194,0.379153096096213,0.167319540314246,0.296446857920333
2018-06-04,ZC,XZCE,NaN,NaN,NaN,0.368875895801329
2018-06-05,ZC,XZCE,NaN,NaN,NaN,0.489599032930278
2018-06-06,ZC,XZCE,NaN,NaN,NaN,0.00287516678696475
2018-06-07,ZC,XZCE,NaN,NaN,NaN,0.0218417970753542
2018-06-08,ZC,XZCE,NaN,0.407814574773064,NaN,0.0332272478032815
2018-06-11,ZC,XZCE,NaN,0.386089779081748,NaN,0.0473303476210347
2018-06-12,ZC,XZCE,NaN,0.314373768841689,0.128003812260158,0.0940994684807424
2018-06-13,ZC,XZCE,NaN,0.317491965476288,NaN,0.0770665921081853
2018-06-14,ZC,XZCE,NaN,0.315617257336399,NaN,0.0716098422863747
2018-06-15,ZC,XZCE,0.5314435407088,0.196647692164466,NaN,0.0848892204983334
2018-06-19,ZC,XZCE,NaN,0.313341267693091,0.160764379854827,0.0889872351120096
2018-06-20,ZC,XZCE,0.303010028036399,0.290482473238293,NaN,0.128948991175168
2018-06-21,ZC,XZCE,NaN,0.324143602942457,NaN,0.0950138071903071
2018-06-22,ZC,XZCE,0.1661743963536,0.3178044919139,NaN,0.0892943871411676
2018-06-25,ZC,XZCE,NaN,0.307544186764199,NaN,0.0971203725971657
2018-06-26,ZC,XZCE,0.339251479778535,0.3878635197746,NaN,0.0807152476957474
2018-06-27,ZC,XZCE,NaN,0.393000494362938,NaN,0.0747734121072688
2018-06-28,ZC,XZCE,NaN,0.389870110555427,NaN,0.0910214296627649
2018-06-29,ZC,XZCE,NaN,0.318613575993623,NaN,0.0846680057997252
2018-07-02,ZC,XZCE,NaN,0.38515453589636,NaN,0.0604892568738739
2018-07-03,ZC,XZCE,0.61228852063145,0.417519853035422,NaN,0.0400430073650738
2018-07-04,ZC,XZCE,NaN,0.402486558395547,NaN,0.0597727757153738
2018-07-05,ZC,XZCE,NaN,NaN,NaN,0.054803785863673
2018-07-06,ZC,XZCE,0.371783074157199,0.39281929258145,NaN,0.0426234685412392
2018-07-09,ZC,XZCE,NaN,NaN,NaN,0.046364469718846
2018-07-10,ZC,XZCE,NaN,NaN,NaN,0.0446469960349161
2018-07-11,ZC,XZCE,NaN,NaN,NaN,0.0576791746121834
2018-07-12,ZC,XZCE,0.224571010995092,0.224571010995092,0.107506815241163,0.0547514310191158
2018-07-13,ZC,XZCE,NaN,NaN,NaN,0.0372900321815829
2018-07-16,ZC,XZCE,0.358184257468847,0.358184257468847,0.103780861143256,0.0401752522647973
2018-07-17,ZC,XZCE,NaN,NaN,NaN,0.0294010994717986
2018-07-18,ZC,XZCE,0.938871126382092,0.938871126382092,0.144332205600275,0.0217729411023262
2018-07-19,ZC,XZCE,0.821214037636219,0.821214037636219,0.138533846035158,0.0343851671039087
2018-07-20,ZC,XZCE,NaN,NaN,NaN,0.0342735426659017
2018-07-23,ZC,XZCE,NaN,NaN,NaN,0.0296807470866254
2018-07-24,ZC,XZCE,NaN,NaN,NaN,0.0315973185642194
2018-07-25,ZC,XZCE,NaN,NaN,NaN,0
2018-07-26,ZC,XZCE,0.935552419278383,0.935552419278383,0.123581679743848,-0.0277931580869968
2018-07-27,ZC,XZCE,0.762858076492379,0.762858076492379,0.0969982833297869,-0.0624644578523534
2018-07-30,ZC,XZCE,NaN,NaN,NaN,-0.0674731645687183
2018-07-31,ZC,XZCE,0.468692963288103,0.468692963288103,0.0624425355661951,-0.0408473259154409
2018-08-01,ZC,XZCE,NaN,NaN,NaN,-0.0494186439735562
2018-08-02,ZC,XZCE,NaN,NaN,NaN,-0.0282752568383613
2018-08-03,ZC,XZCE,0.462854397771444,0.462854397771444,0.0494736417609454,-0.0733538619215503
2018-08-06,ZC,XZCE,NaN,NaN,NaN,-0.0420778044446172
2018-08-07,ZC,XZCE,NaN,NaN,NaN,-0.035076312960483
2018-08-08,ZC,XZCE,NaN,NaN,NaN,-0.000977963673867981
2018-08-09,ZC,XZCE,0.0404862550373035,NaN,NaN,0.0117109002174018
2018-08-10,ZC,XZCE,-0.0234613629404468,0.0420258680808885,NaN,0.0420258680808885
2018-08-13,ZC,XZCE,NaN,0.0296349703070892,NaN,0.0296349703070892
2018-08-14,ZC,XZCE,NaN,0.0503897049919415,NaN,0.0503897049919415
2018-08-15,ZC,XZCE,-0.063640106648244,0.0688061843722387,NaN,0.0688061843722387
2018-08-16,ZC,XZCE,NaN,0.114291056120815,NaN,0.114291056120815
2018-08-17,ZC,XZCE,NaN,0.123782473668396,NaN,0.123782473668396
2018-08-20,ZC,XZCE,0.14482020921837,0.130486207473421,NaN,0.144117405633245
2018-08-21,ZC,XZCE,NaN,0.0917308511441751,NaN,0.119951570003974
2018-08-22,ZC,XZCE,NaN,0.0321688149757574,NaN,0.0892145231719685
2018-08-23,ZC,XZCE,NaN,0.0427745719375979,NaN,0.119164581574787
2018-08-24,ZC,XZCE,NaN,0.0240822684592756,NaN,0.128817467828073
2018-08-27,ZC,XZCE,0.179406417916474,0.098784413197303,NaN,0.181621502225385
2018-08-28,ZC,XZCE,NaN,0.085765583614425,NaN,0.118973446531297
2018-08-29,ZC,XZCE,NaN,0.0645219931274488,NaN,0.1222018298617
2018-08-30,ZC,XZCE,-0.0590112501090119,0.0459962496300327,NaN,0.108297253990752
2018-08-31,ZC,XZCE,NaN,0.0668966820504627,NaN,0.151104779534221
2018-09-03,ZC,XZCE,NaN,0.0464775165540528,NaN,0.183807219603167
2018-09-04,ZC,XZCE,NaN,0.0302582691390511,NaN,0.139995401839493
2018-09-05,ZC,XZCE,-0.0198828876789225,0.0718486300269995,NaN,0.157049014867637
2018-09-06,ZC,XZCE,NaN,0.0154595030263891,NaN,0.154858883597622
2018-09-07,ZC,XZCE,NaN,0.0278023067214662,NaN,0.168611306729545
2018-09-10,ZC,XZCE,NaN,NaN,NaN,0.108090389680825
2018-09-11,ZC,XZCE,NaN,NaN,NaN,0.135769108210307
2018-09-12,ZC,XZCE,NaN,NaN,NaN,0.120394722935824
2018-09-13,ZC,XZCE,-0.172823829473544,0.0433360349269104,0.0856359213442627,0.127010821146441
2018-09-14,ZC,XZCE,-0.185382823603074,0.0321530783731074,0.0874355939656124,0.116360524299371
2018-09-17,ZC,XZCE,NaN,NaN,NaN,0.119274163216887
2018-09-18,ZC,XZCE,-0.0810858645521123,0.0591346444294467,0.0897028069325889,0.113413551131986
2018-09-19,ZC,XZCE,NaN,NaN,NaN,0.0960576793320622
2018-09-20,ZC,XZCE,NaN,NaN,NaN,0.0476393872988366
2018-09-21,ZC,XZCE,NaN,NaN,NaN,0.0479377895044473
2018-09-25,ZC,XZCE,0.319396132502149,0.147822415892011,0.116437330563898,0.0814067836558282
2018-09-26,ZC,XZCE,NaN,NaN,NaN,0.0774871934079688
2018-09-27,ZC,XZCE,0.225104325430234,0.12792207937624,0.113987789594294,0.0903031454198554
2018-09-28,ZC,XZCE,0.201499892112974,0.107886545489587,0.114740706143315,0.0716491209902112
2018-10-08,ZC,XZCE,0.281728004420184,0.161336904017633,0.128333579237875,0.114733897410194
2018-10-09,ZC,XZCE,NaN,NaN,NaN,0.0688557179607245
2018-10-10,ZC,XZCE,NaN,NaN,NaN,0.281954202507601
2018-10-11,ZC,XZCE,0.199278213517745,0.101662011316396,0.124941916442172,0.25409726166413
2018-10-12,ZC,XZCE,NaN,NaN,NaN,0.276477833045487
2018-10-15,ZC,XZCE,NaN,0.0920430752226087,NaN,0.263715181981148
2018-10-16,ZC,XZCE,-0.0272469523413482,0.0601451416210549,NaN,0.324521382623861
2018-10-17,ZC,XZCE,NaN,0.0300498010677635,0.112811537934418,0.362165207054169
2018-10-18,ZC,XZCE,NaN,0.0801462551680645,NaN,0.339108865731914
2018-10-19,ZC,XZCE,NaN,0.124704486987994,NaN,0.29982754258044
2018-10-22,ZC,XZCE,NaN,0.125397448876663,NaN,0.240035380445124
2018-10-23,ZC,XZCE,NaN,0.0855724200087539,NaN,0.231774064579647
2018-10-24,ZC,XZCE,-0.142601720162774,0.0653926760173367,NaN,0.230821238982936
2018-10-25,ZC,XZCE,NaN,0.0951618582356782,NaN,0.223284465220645
2018-10-26,ZC,XZCE,NaN,0.110732357491712,NaN,0.191647693043583
2018-10-29,ZC,XZCE,NaN,0.0823383600125814,NaN,0.211160614488551
2018-10-30,ZC,XZCE,NaN,0.0640604446524204,NaN,0.220743505294344
2018-10-31,ZC,XZCE,NaN,0.132589579211007,NaN,0.261498760754529
2018-11-01,ZC,XZCE,0.128281577065663,0.123826722857726,NaN,0.266293121897148
2018-11-02,ZC,XZCE,NaN,0.233492364375592,NaN,0.237119981738614
2018-11-05,ZC,XZCE,NaN,0.235294628823832,NaN,0.243168035260816
2018-11-06,ZC,XZCE,NaN,0.156998551370786,NaN,0.266899019299023
2018-11-07,ZC,XZCE,NaN,NaN,NaN,0.242284229308079
2018-11-08,ZC,XZCE,NaN,NaN,NaN,0.253052148077517
2018-11-09,ZC,XZCE,NaN,NaN,NaN,0.31642455259257
2018-11-12,ZC,XZCE,NaN,NaN,NaN,0.197296503629115
2018-11-13,ZC,XZCE,NaN,NaN,NaN,0.14708297014892
2018-11-14,ZC,XZCE,NaN,NaN,NaN,0.178274276325111
2018-11-15,ZC,XZCE,NaN,NaN,NaN,0.174915713482597
2018-11-16,ZC,XZCE,NaN,NaN,NaN,0.180594261569954
2018-11-19,ZC,XZCE,NaN,NaN,NaN,0.165288271232851
2018-11-20,ZC,XZCE,NaN,NaN,NaN,0.17742961975478
2018-11-21,ZC,XZCE,NaN,NaN,NaN,0.206009273428646
2018-11-22,ZC,XZCE,NaN,NaN,NaN,0.2081217313369
2018-11-23,ZC,XZCE,NaN,NaN,NaN,0.206527005338288
2018-11-26,ZC,XZCE,NaN,NaN,NaN,0.147612679952515
2018-11-27,ZC,XZCE,NaN,NaN,NaN,0.182299483588004
2018-11-28,ZC,XZCE,NaN,NaN,NaN,0.171927561697064
2018-11-29,ZC,XZCE,NaN,NaN,NaN,0.17418912071458
2018-11-30,ZC,XZCE,-0.0740117185997723,-0.0740117185997723,0.0333772956524497,0.154744949664584
2018-12-03,ZC,XZCE,NaN,NaN,NaN,0.151294778472591
2018-12-04,ZC,XZCE,NaN,NaN,NaN,0.179496987580729
2018-12-05,ZC,XZCE,NaN,NaN,NaN,0.183936362985091
2018-12-06,ZC,XZCE,NaN,NaN,NaN,0.205575572767347
2018-12-07,ZC,XZCE,NaN,NaN,NaN,0.204859834524846
2018-12-10,ZC,XZCE,NaN,0.190673871570797,NaN,0.190673871570797
2018-12-11,ZC,XZCE,NaN,0.249348829794853,NaN,0.249348829794853
2018-12-12,ZC,XZCE,NaN,0.238567401179922,NaN,0.238567401179922
2018-12-13,ZC,XZCE,NaN,0.239363651124907,NaN,0.239363651124907
2018-12-14,ZC,XZCE,NaN,0.224226255859455,NaN,0.224226255859455
2018-12-17,ZC,XZCE,NaN,0.179620791384106,NaN,0.179620791384106
2018-12-18,ZC,XZCE,NaN,0.176594418440088,NaN,0.176594418440088
2018-12-19,ZC,XZCE,NaN,0.1637138484952,NaN,0.0844624922624745
2018-12-20,ZC,XZCE,NaN,0.16544584455197,NaN,0.0828457880504312
2018-12-21,ZC,XZCE,NaN,0.154340438714701,NaN,0.0867642331234471
2018-12-24,ZC,XZCE,NaN,0.135417942636486,NaN,0.076203225842413
2018-12-25,ZC,XZCE,NaN,0.138716061291699,NaN,0.109835331232211
2018-12-26,ZC,XZCE,NaN,0.153430912932362,NaN,0.130456009696743
2018-12-27,ZC,XZCE,NaN,0.120540083215965,NaN,0.120961586320361
2018-12-28,ZC,XZCE,NaN,0.0704330895061386,NaN,0.116599496616903
2019-01-02,ZC,XZCE,-0.292193952869809,0.0864903300761001,NaN,0.114246703880438
2019-01-03,ZC,XZCE,NaN,0.0250783062164635,NaN,-0.0968701482545159
2019-01-04,ZC,XZCE,NaN,0.0854754883535507,NaN,-0.0964605343351371
2019-01-07,ZC,XZCE,-0.0428178352578274,-0.0124331690113512,NaN,-0.095451496673074
2019-01-08,ZC,XZCE,NaN,0.133473233047413,NaN,-0.105313646451699
2019-01-09,ZC,XZCE,NaN,-0.0388838540263895,NaN,-0.101375572875679
2019-01-10,ZC,XZCE,NaN,-0.0304678709056176,NaN,-0.101447295312602
2019-01-11,ZC,XZCE,-0.0090563299261433,-0.0267590498284639,NaN,-0.103734664047385
2019-01-14,ZC,XZCE,NaN,-0.00732919491233772,NaN,-0.0763381591769031
2019-01-15,ZC,XZCE,NaN,-0.0131128336150901,NaN,-0.0699033067509611
2019-01-16,ZC,XZCE,NaN,-0,NaN,-0.0401786986601811
2019-01-17,ZC,XZCE,NaN,0.00363631104232966,NaN,-0.0422877651088082
2019-01-18,ZC,XZCE,NaN,0.0169912552520647,NaN,-0.0110080369737367
2019-01-21,ZC,XZCE,NaN,0.0212768397986546,NaN,-0.0221394816905543
2019-01-22,ZC,XZCE,NaN,0.0153277043125388,NaN,-0.0361101042339177
2019-01-23,ZC,XZCE,NaN,0.00210277412685748,NaN,-0.0674732437888736
2019-01-24,ZC,XZCE,NaN,-0.00743455893396831,0.0746176613551199,-0.0706364443283007
2019-01-25,ZC,XZCE,NaN,-0.00263624578585526,NaN,-0.0542780969604129
2019-01-28,ZC,XZCE,NaN,-0.00842281112325748,NaN,-0.0767878399248567
2019-01-29,ZC,XZCE,NaN,-0.00476182240103027,NaN,-0.0612862404485971
2019-01-30,ZC,XZCE,NaN,-0.00793361071153589,NaN,-0.0635893545546123
2019-01-31,ZC,XZCE,NaN,0.00777078575749086,NaN,-0.0465325790795874
2019-02-01,ZC,XZCE,NaN,0.00773375036190723,NaN,-0.0463121555973108
2019-02-11,ZC,XZCE,NaN,-0.0103877143949874,NaN,-0.0602786083792155
2019-02-12,ZC,XZCE,NaN,-0.00417511724524653,NaN,-0.0715763639754828
2019-02-13,ZC,XZCE,NaN,0.00155415387837747,NaN,-0.0598888483903245
2019-02-14,ZC,XZCE,NaN,0.00828458993797157,NaN,-0.0597262427560557
2019-02-15,ZC,XZCE,NaN,0.0160487597999448,NaN,-0.0595645177258149
2019-02-18,ZC,XZCE,NaN,0.00884623300681877,NaN,-0.0555849961258543
2019-02-19,ZC,XZCE,NaN,0.0109314718437571,NaN,-0.0688316979182719
2019-02-20,ZC,XZCE,NaN,0.0176169539996347,NaN,-0.044189031243986
2019-02-21,ZC,XZCE,NaN,0.0203085009728756,NaN,-0.0509989723131083
2019-02-22,ZC,XZCE,NaN,0.0188206845764816,NaN,-0.0578775270684287
2019-02-25,ZC,XZCE,NaN,0.0263761707856588,NaN,-0.0352079567406852
2019-02-26,ZC,XZCE,NaN,0.0330492011132949,NaN,-0.0328908543693363
2019-02-27,ZC,XZCE,NaN,0.0392081930684715,NaN,-0.00648650623400082
2019-02-28,ZC,XZCE,NaN,0.037547882473287,NaN,-0.0129279853481917
2019-03-01,ZC,XZCE,NaN,0.0618258423232088,NaN,0.0910418755817343
2019-03-04,ZC,XZCE,NaN,0.059735403314205,NaN,0.0510373150770508
2019-03-05,ZC,XZCE,NaN,0.0622182351774714,NaN,0.0750789937215176
2019-03-06,ZC,XZCE,NaN,0.0777366603242403,NaN,0.121832652668497
2019-03-07,ZC,XZCE,NaN,0.0733752336973731,NaN,0.0834399803511619
2019-03-08,ZC,XZCE,NaN,0.0619931836660197,NaN,0.0673181301227263
2019-03-11,ZC,XZCE,NaN,0.0477545042758084,NaN,0.0220272502410344
2019-03-12,ZC,XZCE,-0.0277379848351832,0.0487260180883518,NaN,0.0573292889920531
2019-03-13,ZC,XZCE,NaN,0.0395840050545709,NaN,0.0199424647454239
2019-03-14,ZC,XZCE,NaN,0.0446090338922672,NaN,0.0397162463049198
2019-03-15,ZC,XZCE,0.0795695588150866,0.0522568677914049,NaN,0.0593635889262615
2019-03-18,ZC,XZCE,NaN,0.0440676098273338,NaN,0.0529910003640404
2019-03-19,ZC,XZCE,NaN,0.0394618602416114,NaN,0.0442640556423327
2019-03-20,ZC,XZCE,NaN,0.0511345276161515,NaN,0.0791652300048089
2019-03-21,ZC,XZCE,0.119438264111337,0.0562623860630306,NaN,0.0856036647638689
2019-03-22,ZC,XZCE,NaN,0.0536535579438666,NaN,0.0856325029404034
2019-03-25,ZC,XZCE,NaN,0.0491855455437202,NaN,0.0638902723126084
2019-03-26,ZC,XZCE,NaN,0.0536535579438666,NaN,0.0834226852746014
2019-03-27,ZC,XZCE,NaN,0.0456153604417256,NaN,0.0618229567299993
2019-03-28,ZC,XZCE,NaN,0.0492191998626949,NaN,0.059504096411642
2019-03-29,ZC,XZCE,0.0753676016325081,0.0429570549831986,NaN,0.0551336153506515
2019-04-01,ZC,XZCE,-0.0116967195346585,0.0609139535719768,-0.0474382181805274,0.118843717761394
2019-04-02,ZC,XZCE,NaN,0.0602417441022211,0.171945391357699,0.128338393410358
2019-04-03,ZC,XZCE,NaN,0.0690485992052748,NaN,0.137132887853596
2019-04-04,ZC,XZCE,NaN,0.071676901135288,NaN,0.113915417113881
2019-04-08,ZC,XZCE,NaN,0.0778136454227337,NaN,0.121290012653131
2019-04-09,ZC,XZCE,NaN,0.0864232438916781,NaN,0.138379306547785
2019-04-10,ZC,XZCE,NaN,0.0861643949030853,NaN,0.137967324271557
2019-04-11,ZC,XZCE,NaN,0.087633141895431,NaN,0.137830541531494
2019-04-12,ZC,XZCE,NaN,0.0973885561176002,NaN,0.153443802785847
2019-04-15,ZC,XZCE,NaN,0.0772729740460831,-0.0858544045006603,0.11815964645935
2019-04-16,ZC,XZCE,NaN,0.083646751538353,NaN,0.135177548996763
2019-04-17,ZC,XZCE,-0.0970750540245746,0.0884938099319067,NaN,0.153114340040362
2019-04-18,ZC,XZCE,NaN,0.0698200278667575,NaN,0.126754502109732
2019-04-19,ZC,XZCE,NaN,0.0183671992344545,NaN,0.102558096050671
2019-04-22,ZC,XZCE,NaN,0.0302306709409745,NaN,0.107720382110556
2019-04-23,ZC,XZCE,NaN,0.0330810903350817,NaN,0.0843285264575429
2019-04-24,ZC,XZCE,NaN,0.0408681798478191,NaN,0.0799662163515203
2019-04-25,ZC,XZCE,NaN,0.0359260214292193,NaN,0.0858051838636746
2019-04-26,ZC,XZCE,NaN,0.0436912325838728,NaN,0.0890328416041049
2019-04-29,ZC,XZCE,NaN,0.03667321761769,NaN,0.0927306710354834
2019-04-30,ZC,XZCE,NaN,0.0499379838855523,NaN,0.0524146457724025
2019-05-06,ZC,XZCE,0.314728075721389,0.0404370534968918,NaN,0.0753901437201301
2019-05-07,ZC,XZCE,NaN,0.0338172854079742,0.20866205525197,0.0874386466856529
2019-05-08,ZC,XZCE,NaN,0.0230563967068794,NaN,0.111088278041838
2019-05-09,ZC,XZCE,NaN,0.0240951902015588,NaN,0.115033245367345
2019-05-10,ZC,XZCE,NaN,0.0300283880355128,NaN,0.107009784964706
2019-05-13,ZC,XZCE,NaN,0.0356879374247961,NaN,0.0739504004707997
2019-05-14,ZC,XZCE,NaN,0.0389524206641878,0.109482583715691,0.0820454956288616
2019-05-15,ZC,XZCE,NaN,0.0280264651747043,0.0590902817598547,0.101360397470232
2019-05-16,ZC,XZCE,NaN,0.0279703178481168,0.063173331036172,0.0897962203900598
2019-05-17,ZC,XZCE,NaN,0.0170759757628509,NaN,0.105708951272093
2019-05-20,ZC,XZCE,NaN,0.0190338034572691,0.11363648041072,0.103495025587094
2019-05-21,ZC,XZCE,NaN,0.0242170896248065,NaN,0.1194212324424
2019-05-22,ZC,XZCE,NaN,0.0253587149559861,NaN,0.116186730504816
2019-05-23,ZC,XZCE,NaN,0.0273225942671696,NaN,0.112051423930423
2019-05-24,ZC,XZCE,NaN,0.0224106162388726,0.170894776137921,0.122508340285158
2019-05-27,ZC,XZCE,NaN,0.0236020690387508,NaN,0.125315345355443
2019-05-28,ZC,XZCE,NaN,0.0194706158336152,NaN,0.113604635821545
2019-05-29,ZC,XZCE,-0.0590081502275192,0.013418495022007,NaN,0.0929852936275945
2019-05-30,ZC,XZCE,-0.00393386794725878,-0.00103219020471341,-0.0217265838459461,0.0892721945045778
2019-05-31,ZC,XZCE,NaN,-0.0240474736602986,NaN,0.0847571135845238
2019-06-03,ZC,XZCE,NaN,-0.00727806543138322,NaN,0.0999274649873806
2019-06-04,ZC,XZCE,NaN,0.00621566001691313,NaN,0.0993448688292354
