,indexID,symbol,porgFullName,secShortName,exchangeCD,tradeDate,preCloseIndex,openIndex,lowestIndex,highestIndex,closeIndex,turnoverVol,turnoverValue,CHG,CHGPct
739111,801290.ZICN,801290,上海申银万国证券研究所有限公司,申万基础化工,XSHG,2012-10-08,,1909.11,1885.68,1945.01,1914.31,846950000.0,7279580000.0,,
739529,801290.ZICN,801290,上海申银万国证券研究所有限公司,申万基础化工,XSHG,2012-10-09,1914.31,1916.41,1906.34,1978.04,1962.64,1151620000.0,9985240000.0,48.33,0.025247
739947,801290.ZICN,801290,上海申银万国证券研究所有限公司,申万基础化工,XSHG,2012-10-10,1962.64,1956.54,1933.43,1993.85,1975.39,1259110000.0,10699200000.0,12.75,0.006495999999999999
740365,801290.ZICN,801290,上海申银万国证券研究所有限公司,申万基础化工,XSHG,2012-10-11,1975.39,1965.7,1932.88,2002.07,1956.41,1176290000.0,10421400000.0,-18.98,-0.009608
740787,801290.ZICN,801290,上海申银万国证券研究所有限公司,申万基础化工,XSHG,2012-10-12,1956.41,1957.06,1929.24,2003.33,1965.9,1324550000.0,10478300000.0,9.49,0.004850999999999999
741205,801290.ZICN,801290,上海申银万国证券研究所有限公司,申万基础化工,XSHG,2012-10-15,1965.9,1961.5,1913.35,1986.95,1948.97,1053920000.0,8676800000.0,-16.93,-0.008612
741623,801290.ZICN,801290,上海申银万国证券研究所有限公司,申万基础化工,XSHG,2012-10-16,1948.97,1945.0,1921.78,1979.62,1949.71,917810000.0,7943410000.0,0.74,0.00037999999999999997
742041,801290.ZICN,801290,上海申银万国证券研究所有限公司,申万基础化工,XSHG,2012-10-17,1949.71,1952.8,1924.99,1987.64,1962.24,1048950000.0,8973180000.0,12.53,0.0064269999999999996
742459,801290.ZICN,801290,上海申银万国证券研究所有限公司,申万基础化工,XSHG,2012-10-18,1962.24,1962.44,1948.78,2006.91,1989.37,1151880000.0,9850600000.0,27.13,0.013826
742877,801290.ZICN,801290,上海申银万国证券研究所有限公司,申万基础化工,XSHG,2012-10-19,1989.37,1985.56,1961.05,2011.62,1978.71,972560000.0,8052000000.0,-10.66,-0.005358
743295,801290.ZICN,801290,上海申银万国证券研究所有限公司,申万基础化工,XSHG,2012-10-22,1978.71,1966.77,1946.68,2003.64,1990.62,850580000.0,7298590000.0,11.91,0.006019
743713,801290.ZICN,801290,上海申银万国证券研究所有限公司,申万基础化工,XSHG,2012-10-23,1990.62,1988.79,1949.38,2008.56,1964.17,964240000.0,8240960000.0,-26.45,-0.013287
744131,801290.ZICN,801290,上海申银万国证券研究所有限公司,申万基础化工,XSHG,2012-10-24,1964.17,1951.6,1933.73,1990.96,1965.9,1006110000.0,7747010000.0,1.73,0.0008810000000000001
744549,801290.ZICN,801290,上海申银万国证券研究所有限公司,申万基础化工,XSHG,2012-10-25,1965.9,1962.05,1921.35,1987.63,1933.81,987810000.0,7524450000.0,-32.09,-0.016323
744967,801290.ZICN,801290,上海申银万国证券研究所有限公司,申万基础化工,XSHG,2012-10-26,1933.81,1930.71,1871.59,1951.07,1894.63,887510000.0,6912920000.0,-39.18,-0.020261
745385,801290.ZICN,801290,上海申银万国证券研究所有限公司,申万基础化工,XSHG,2012-10-29,1894.63,1887.26,1853.92,1913.63,1881.29,579900000.0,4915330000.0,-13.34,-0.0070409999999999995
745803,801290.ZICN,801290,上海申银万国证券研究所有限公司,申万基础化工,XSHG,2012-10-30,1881.29,1879.77,1856.76,1914.15,1882.9,662590000.0,5598890000.0,1.61,0.0008560000000000001
746221,801290.ZICN,801290,上海申银万国证券研究所有限公司,申万基础化工,XSHG,2012-10-31,1882.9,1879.14,1856.75,1907.92,1891.35,598840000.0,4943860000.0,8.45,0.004488000000000001
746639,801290.ZICN,801290,上海申银万国证券研究所有限公司,申万基础化工,XSHG,2012-11-01,1891.35,1890.92,1882.03,1940.3,1924.45,846790000.0,6892850000.0,33.1,0.017501
747057,801290.ZICN,801290,上海申银万国证券研究所有限公司,申万基础化工,XSHG,2012-11-02,1924.45,1920.93,1901.45,1950.08,1931.1,737500000.0,6242350000.0,6.65,0.0034560000000000003
747475,801290.ZICN,801290,上海申银万国证券研究所有限公司,申万基础化工,XSHG,2012-11-05,1931.1,1923.82,1892.78,1946.18,1917.4,683450000.0,5718200000.0,-13.7,-0.007094
747893,801290.ZICN,801290,上海申银万国证券研究所有限公司,申万基础化工,XSHG,2012-11-06,1917.4,1915.68,1863.63,1929.69,1897.31,718860000.0,5844620000.0,-20.09,-0.010478
748311,801290.ZICN,801290,上海申银万国证券研究所有限公司,申万基础化工,XSHG,2012-11-07,1897.31,1893.98,1873.93,1919.73,1899.81,568750000.0,4508040000.0,2.5,0.001318
748729,801290.ZICN,801290,上海申银万国证券研究所有限公司,申万基础化工,XSHG,2012-11-08,1899.81,1882.95,1834.65,1900.98,1847.88,690860000.0,5384790000.0,-51.93,-0.027333999999999997
749147,801290.ZICN,801290,上海申银万国证券研究所有限公司,申万基础化工,XSHG,2012-11-09,1847.88,1841.07,1817.3,1867.99,1840.56,528880000.0,4269510000.0,-7.32,-0.003961
749565,801290.ZICN,801290,上海申银万国证券研究所有限公司,申万基础化工,XSHG,2012-11-12,1840.56,1839.08,1821.85,1867.5,1848.86,467940000.0,3772500000.0,8.3,0.004509
749983,801290.ZICN,801290,上海申银万国证券研究所有限公司,申万基础化工,XSHG,2012-11-13,1848.86,1847.81,1795.59,1861.61,1811.32,618610000.0,4860030000.0,-37.54,-0.020304
750401,801290.ZICN,801290,上海申银万国证券研究所有限公司,申万基础化工,XSHG,2012-11-14,1811.32,1811.22,1781.24,1833.85,1815.39,606320000.0,4522080000.0,4.07,0.002247
750819,801290.ZICN,801290,上海申银万国证券研究所有限公司,申万基础化工,XSHG,2012-11-15,1815.39,1803.32,1765.08,1823.69,1780.35,548880000.0,4251720000.0,-35.04,-0.019302
751237,801290.ZICN,801290,上海申银万国证券研究所有限公司,申万基础化工,XSHG,2012-11-16,1780.35,1775.07,1743.25,1796.8,1772.45,489110000.0,3702450000.0,-7.9,-0.004437
751655,801290.ZICN,801290,上海申银万国证券研究所有限公司,申万基础化工,XSHG,2012-11-19,1772.45,1769.46,1741.58,1797.82,1785.23,491440000.0,3649730000.0,12.78,0.007209999999999999
752073,801290.ZICN,801290,上海申银万国证券研究所有限公司,申万基础化工,XSHG,2012-11-20,1785.23,1788.72,1761.5,1808.86,1775.7,479290000.0,3767270000.0,-9.53,-0.005338
752491,801290.ZICN,801290,上海申银万国证券研究所有限公司,申万基础化工,XSHG,2012-11-21,1775.7,1775.02,1742.85,1807.74,1797.94,642380000.0,4850850000.0,22.24,0.012525
752909,801290.ZICN,801290,上海申银万国证券研究所有限公司,申万基础化工,XSHG,2012-11-22,1797.94,1790.03,1761.49,1806.7,1778.95,577550000.0,4328350000.0,-18.99,-0.010562
753327,801290.ZICN,801290,上海申银万国证券研究所有限公司,申万基础化工,XSHG,2012-11-23,1778.95,1780.05,1765.35,1807.51,1785.09,542320000.0,4197620000.0,6.14,0.0034509999999999996
753745,801290.ZICN,801290,上海申银万国证券研究所有限公司,申万基础化工,XSHG,2012-11-26,1785.09,1780.82,1746.18,1796.65,1759.69,487690000.0,3849560000.0,-25.4,-0.014228999999999999
754163,801290.ZICN,801290,上海申银万国证券研究所有限公司,申万基础化工,XSHG,2012-11-27,1759.69,1752.28,1683.12,1763.74,1694.59,656650000.0,4903920000.0,-65.1,-0.036995
754581,801290.ZICN,801290,上海申银万国证券研究所有限公司,申万基础化工,XSHG,2012-11-28,1694.59,1683.13,1630.25,1699.94,1655.98,579000000.0,4233310000.0,-38.61,-0.022784
754999,801290.ZICN,801290,上海申银万国证券研究所有限公司,申万基础化工,XSHG,2012-11-29,1655.98,1655.42,1618.24,1680.8,1633.84,534330000.0,3755590000.0,-22.14,-0.013369999999999998
755417,801290.ZICN,801290,上海申银万国证券研究所有限公司,申万基础化工,XSHG,2012-11-30,1633.84,1631.18,1616.26,1668.77,1654.2,519960000.0,3564430000.0,20.36,0.012461
755835,801290.ZICN,801290,上海申银万国证券研究所有限公司,申万基础化工,XSHG,2012-12-03,1654.2,1650.27,1599.57,1671.71,1611.79,501310000.0,3466870000.0,-42.41,-0.025638
756253,801290.ZICN,801290,上海申银万国证券研究所有限公司,申万基础化工,XSHG,2012-12-04,1611.79,1604.41,1567.77,1642.33,1628.69,621780000.0,4184920000.0,16.9,0.010485
756671,801290.ZICN,801290,上海申银万国证券研究所有限公司,申万基础化工,XSHG,2012-12-05,1628.69,1624.34,1612.34,1715.84,1690.57,974320000.0,6930030000.0,61.88,0.037994
757089,801290.ZICN,801290,上海申银万国证券研究所有限公司,申万基础化工,XSHG,2012-12-06,1690.57,1688.74,1663.26,1711.19,1683.48,654190000.0,4595210000.0,-7.09,-0.004194
757507,801290.ZICN,801290,上海申银万国证券研究所有限公司,申万基础化工,XSHG,2012-12-07,1683.48,1681.57,1669.4,1746.96,1733.08,1035190000.0,7593370000.0,49.6,0.029463
757925,801290.ZICN,801290,上海申银万国证券研究所有限公司,申万基础化工,XSHG,2012-12-10,1733.08,1736.7,1718.73,1791.84,1771.95,1212030000.0,9275040000.0,38.87,0.022428
758343,801290.ZICN,801290,上海申银万国证券研究所有限公司,申万基础化工,XSHG,2012-12-11,1771.95,1767.32,1740.98,1792.91,1757.86,1053450000.0,7716960000.0,-14.09,-0.007951999999999999
758761,801290.ZICN,801290,上海申银万国证券研究所有限公司,申万基础化工,XSHG,2012-12-12,1757.86,1754.94,1725.09,1781.9,1755.06,857930000.0,6381000000.0,-2.8,-0.001593
759179,801290.ZICN,801290,上海申银万国证券研究所有限公司,申万基础化工,XSHG,2012-12-13,1755.06,1748.83,1718.11,1773.27,1733.71,784640000.0,5677640000.0,-21.35,-0.012165
759597,801290.ZICN,801290,上海申银万国证券研究所有限公司,申万基础化工,XSHG,2012-12-14,1733.71,1731.48,1722.88,1818.68,1803.62,1421930000.0,10558300000.0,69.91,0.040324
760015,801290.ZICN,801290,上海申银万国证券研究所有限公司,申万基础化工,XSHG,2012-12-17,1803.62,1804.96,1783.16,1851.21,1818.39,1272340000.0,9829210000.0,14.77,0.008189
760433,801290.ZICN,801290,上海申银万国证券研究所有限公司,申万基础化工,XSHG,2012-12-18,1818.39,1817.1,1789.99,1848.74,1810.48,1101320000.0,8490990000.0,-7.91,-0.00435
760851,801290.ZICN,801290,上海申银万国证券研究所有限公司,申万基础化工,XSHG,2012-12-19,1810.48,1806.15,1788.07,1834.71,1815.19,832020000.0,6473100000.0,4.71,0.002602
761269,801290.ZICN,801290,上海申银万国证券研究所有限公司,申万基础化工,XSHG,2012-12-20,1815.19,1808.73,1783.04,1843.29,1826.86,1015020000.0,8125130000.0,11.67,0.006429000000000001
761687,801290.ZICN,801290,上海申银万国证券研究所有限公司,申万基础化工,XSHG,2012-12-21,1826.86,1828.04,1802.43,1861.55,1825.75,999100000.0,8347630000.0,-1.11,-0.000608
762105,801290.ZICN,801290,上海申银万国证券研究所有限公司,申万基础化工,XSHG,2012-12-24,1825.75,1822.04,1803.61,1859.87,1836.51,884080000.0,7383640000.0,10.76,0.005893
762523,801290.ZICN,801290,上海申银万国证券研究所有限公司,申万基础化工,XSHG,2012-12-25,1836.51,1831.06,1818.82,1894.94,1876.78,1318350000.0,11075100000.0,40.27,0.021927000000000002
762941,801290.ZICN,801290,上海申银万国证券研究所有限公司,申万基础化工,XSHG,2012-12-26,1876.78,1874.96,1858.74,1920.58,1908.12,1275270000.0,11021900000.0,31.34,0.016699000000000002
763359,801290.ZICN,801290,上海申银万国证券研究所有限公司,申万基础化工,XSHG,2012-12-27,1908.12,1910.88,1872.3,1941.1,1894.59,1395810000.0,11477700000.0,-13.53,-0.007091
763777,801290.ZICN,801290,上海申银万国证券研究所有限公司,申万基础化工,XSHG,2012-12-28,1894.59,1891.54,1871.79,1929.98,1910.8,1155150000.0,9795440000.0,16.21,0.008556
764195,801290.ZICN,801290,上海申银万国证券研究所有限公司,申万基础化工,XSHG,2012-12-31,1910.8,1915.08,1891.49,1949.24,1927.53,1139850000.0,10149800000.0,16.73,0.008754999999999999
764613,801290.ZICN,801290,上海申银万国证券研究所有限公司,申万基础化工,XSHG,2013-01-04,1927.53,1937.7,1886.01,1962.08,1915.34,1202480000.0,10843000000.0,-12.19,-0.006324000000000001
765031,801290.ZICN,801290,上海申银万国证券研究所有限公司,申万基础化工,XSHG,2013-01-07,1915.34,1910.53,1888.57,1954.93,1939.26,1241820000.0,10888800000.0,23.92,0.012489
765449,801290.ZICN,801290,上海申银万国证券研究所有限公司,申万基础化工,XSHG,2013-01-08,1939.26,1940.77,1918.54,1992.78,1966.38,1640060000.0,14000100000.0,27.12,0.013985
765867,801290.ZICN,801290,上海申银万国证券研究所有限公司,申万基础化工,XSHG,2013-01-09,1966.38,1963.56,1935.82,2007.29,1974.19,1681260000.0,13837300000.0,7.81,0.003972
766285,801290.ZICN,801290,上海申银万国证券研究所有限公司,申万基础化工,XSHG,2013-01-10,1974.19,1972.12,1946.8,2009.77,1978.87,1415430000.0,12257500000.0,4.68,0.0023710000000000003
766703,801290.ZICN,801290,上海申银万国证券研究所有限公司,申万基础化工,XSHG,2013-01-11,1978.87,1979.58,1913.29,1999.71,1929.12,1422020000.0,12267000000.0,-49.75,-0.025141
767121,801290.ZICN,801290,上海申银万国证券研究所有限公司,申万基础化工,XSHG,2013-01-14,1929.12,1923.02,1910.41,2014.68,2000.94,1626230000.0,14519600000.0,71.82,0.037229000000000005
767539,801290.ZICN,801290,上海申银万国证券研究所有限公司,申万基础化工,XSHG,2013-01-15,2000.94,2002.8,1987.86,2074.42,2047.57,2055640000.0,18467000000.0,46.63,0.023304
767957,801290.ZICN,801290,上海申银万国证券研究所有限公司,申万基础化工,XSHG,2013-01-16,2047.57,2046.25,2002.44,2090.92,2050.14,1833790000.0,16515600000.0,2.57,0.001255
768375,801290.ZICN,801290,上海申银万国证券研究所有限公司,申万基础化工,XSHG,2013-01-17,2050.14,2048.86,2008.66,2084.39,2035.99,1421460000.0,13047300000.0,-14.15,-0.006901999999999999
768793,801290.ZICN,801290,上海申银万国证券研究所有限公司,申万基础化工,XSHG,2013-01-18,2035.99,2043.0,2017.57,2092.94,2069.25,1440810000.0,12938700000.0,33.26,0.016336
769211,801290.ZICN,801290,上海申银万国证券研究所有限公司,申万基础化工,XSHG,2013-01-21,2069.25,2071.85,2042.99,2112.2,2082.81,1506530000.0,12980700000.0,13.56,0.006553
769629,801290.ZICN,801290,上海申银万国证券研究所有限公司,申万基础化工,XSHG,2013-01-22,2082.81,2077.95,2018.56,2109.0,2051.32,1523310000.0,13410500000.0,-31.49,-0.015119
770047,801290.ZICN,801290,上海申银万国证券研究所有限公司,申万基础化工,XSHG,2013-01-23,2051.32,2043.31,2002.58,2076.92,2049.18,1254690000.0,10803400000.0,-2.14,-0.0010429999999999999
770465,801290.ZICN,801290,上海申银万国证券研究所有限公司,申万基础化工,XSHG,2013-01-24,2049.18,2050.0,1981.88,2100.5,2015.58,1678810000.0,14713200000.0,-33.6,-0.016397
770883,801290.ZICN,801290,上海申银万国证券研究所有限公司,申万基础化工,XSHG,2013-01-25,2015.58,2015.53,1987.51,2058.89,2024.93,1205700000.0,10009100000.0,9.35,0.004639
771301,801290.ZICN,801290,上海申银万国证券研究所有限公司,申万基础化工,XSHG,2013-01-28,2024.93,2023.97,2006.65,2090.46,2074.02,1322340000.0,11378600000.0,49.09,0.024243
771719,801290.ZICN,801290,上海申银万国证券研究所有限公司,申万基础化工,XSHG,2013-01-29,2074.02,2073.88,2052.15,2124.24,2098.47,1473320000.0,12984300000.0,24.45,0.011789
772137,801290.ZICN,801290,上海申银万国证券研究所有限公司,申万基础化工,XSHG,2013-01-30,2098.47,2098.5,2059.2,2136.13,2100.63,1595430000.0,13636900000.0,2.16,0.001029
772555,801290.ZICN,801290,上海申银万国证券研究所有限公司,申万基础化工,XSHG,2013-01-31,2100.63,2097.98,2060.01,2136.23,2098.77,1591320000.0,13604800000.0,-1.86,-0.0008849999999999999
772973,801290.ZICN,801290,上海申银万国证券研究所有限公司,申万基础化工,XSHG,2013-02-01,2098.77,2090.15,2065.25,2140.85,2111.04,1485130000.0,13057800000.0,12.27,0.0058460000000000005
773391,801290.ZICN,801290,上海申银万国证券研究所有限公司,申万基础化工,XSHG,2013-02-04,2111.04,2117.26,2068.18,2154.81,2107.06,1519280000.0,13857200000.0,-3.98,-0.0018850000000000002
773809,801290.ZICN,801290,上海申银万国证券研究所有限公司,申万基础化工,XSHG,2013-02-05,2107.06,2095.16,2071.38,2153.23,2134.62,1302040000.0,11928300000.0,27.56,0.013080000000000001
774227,801290.ZICN,801290,上海申银万国证券研究所有限公司,申万基础化工,XSHG,2013-02-06,2134.62,2132.98,2114.36,2183.41,2148.83,1186020000.0,11009200000.0,14.21,0.006657
774645,801290.ZICN,801290,上海申银万国证券研究所有限公司,申万基础化工,XSHG,2013-02-07,2148.83,2148.81,2122.78,2184.84,2159.01,1043310000.0,10148400000.0,10.18,0.004737
775063,801290.ZICN,801290,上海申银万国证券研究所有限公司,申万基础化工,XSHG,2013-02-08,2159.01,2158.73,2142.25,2214.85,2192.65,1046680000.0,10307100000.0,33.64,0.015581
775481,801290.ZICN,801290,上海申银万国证券研究所有限公司,申万基础化工,XSHG,2013-02-18,2192.65,2201.28,2167.08,2240.74,2204.9,1310450000.0,12207600000.0,12.25,0.005587
775899,801290.ZICN,801290,上海申银万国证券研究所有限公司,申万基础化工,XSHG,2013-02-19,2204.9,2203.82,2139.72,2229.99,2164.11,1417810000.0,12517800000.0,-40.79,-0.0185
776317,801290.ZICN,801290,上海申银万国证券研究所有限公司,申万基础化工,XSHG,2013-02-20,2164.11,2160.03,2139.16,2214.39,2198.57,1275260000.0,11619800000.0,34.46,0.015923
776735,801290.ZICN,801290,上海申银万国证券研究所有限公司,申万基础化工,XSHG,2013-02-21,2198.57,2183.32,2113.8,2204.07,2145.71,1499680000.0,13169600000.0,-52.86,-0.024043000000000002
777153,801290.ZICN,801290,上海申银万国证券研究所有限公司,申万基础化工,XSHG,2013-02-22,2145.71,2139.03,2102.7,2174.65,2129.84,1143780000.0,10448100000.0,-15.87,-0.007396
777571,801290.ZICN,801290,上海申银万国证券研究所有限公司,申万基础化工,XSHG,2013-02-25,2129.84,2131.13,2108.18,2180.34,2158.29,1171510000.0,10540500000.0,28.45,0.013358000000000002
777989,801290.ZICN,801290,上海申银万国证券研究所有限公司,申万基础化工,XSHG,2013-02-26,2158.29,2149.26,2102.15,2186.87,2120.55,1255490000.0,11739700000.0,-37.74,-0.017486
778407,801290.ZICN,801290,上海申银万国证券研究所有限公司,申万基础化工,XSHG,2013-02-27,2120.55,2122.47,2095.05,2166.88,2130.63,1144480000.0,10549200000.0,10.08,0.004753
778825,801290.ZICN,801290,上海申银万国证券研究所有限公司,申万基础化工,XSHG,2013-02-28,2130.63,2136.35,2111.32,2191.59,2174.39,1399220000.0,13078800000.0,43.76,0.020538999999999998
779243,801290.ZICN,801290,上海申银万国证券研究所有限公司,申万基础化工,XSHG,2013-03-01,2174.39,2175.34,2149.01,2230.55,2210.16,1629440000.0,15352300000.0,35.77,0.016451
779661,801290.ZICN,801290,上海申银万国证券研究所有限公司,申万基础化工,XSHG,2013-03-04,2210.16,2195.46,2107.21,2233.74,2144.85,2001950000.0,18018900000.0,-65.31,-0.02955
780083,801290.ZICN,801290,上海申银万国证券研究所有限公司,申万基础化工,XSHG,2013-03-05,2144.85,2148.48,2128.2,2216.2,2200.32,1552430000.0,14374800000.0,55.47,0.025862
780501,801290.ZICN,801290,上海申银万国证券研究所有限公司,申万基础化工,XSHG,2013-03-06,2200.32,2207.57,2182.29,2271.34,2243.79,1962100000.0,19217600000.0,43.47,0.019756
780919,801290.ZICN,801290,上海申银万国证券研究所有限公司,申万基础化工,XSHG,2013-03-07,2243.79,2237.3,2183.27,2281.22,2224.0,1964740000.0,18251600000.0,-19.79,-0.00882
781337,801290.ZICN,801290,上海申银万国证券研究所有限公司,申万基础化工,XSHG,2013-03-08,2224.0,2220.17,2174.75,2261.38,2200.04,1339010000.0,12579900000.0,-23.96,-0.010773
781755,801290.ZICN,801290,上海申银万国证券研究所有限公司,申万基础化工,XSHG,2013-03-11,2200.04,2198.92,2155.11,2232.0,2192.73,1179650000.0,10849200000.0,-7.31,-0.0033229999999999996
782173,801290.ZICN,801290,上海申银万国证券研究所有限公司,申万基础化工,XSHG,2013-03-12,2192.73,2191.65,2092.27,2222.66,2138.03,1522330000.0,13895200000.0,-54.7,-0.024946
782591,801290.ZICN,801290,上海申银万国证券研究所有限公司,申万基础化工,XSHG,2013-03-13,2138.03,2128.61,2077.88,2161.38,2118.7,1112160000.0,10366900000.0,-19.33,-0.009041
783009,801290.ZICN,801290,上海申银万国证券研究所有限公司,申万基础化工,XSHG,2013-03-14,2118.7,2111.23,2088.56,2162.29,2128.09,985940000.0,9173290000.0,9.39,0.004432
783428,801290.ZICN,801290,上海申银万国证券研究所有限公司,申万基础化工,XSHG,2013-03-15,2128.09,2128.67,2091.52,2183.64,2131.84,1126150000.0,10481400000.0,3.75,0.0017620000000000001
783847,801290.ZICN,801290,上海申银万国证券研究所有限公司,申万基础化工,XSHG,2013-03-18,2131.84,2119.92,2074.13,2154.72,2100.57,958420000.0,8786300000.0,-31.27,-0.014668
784266,801290.ZICN,801290,上海申银万国证券研究所有限公司,申万基础化工,XSHG,2013-03-19,2100.57,2103.04,2059.58,2139.72,2109.32,911610000.0,8260480000.0,8.75,0.0041659999999999996
784685,801290.ZICN,801290,上海申银万国证券研究所有限公司,申万基础化工,XSHG,2013-03-20,2109.32,2106.03,2090.25,2174.19,2161.18,1076740000.0,10054700000.0,51.86,0.024586
785104,801290.ZICN,801290,上海申银万国证券研究所有限公司,申万基础化工,XSHG,2013-03-21,2161.18,2160.62,2143.08,2221.82,2197.85,1463910000.0,13851700000.0,36.67,0.016968
785523,801290.ZICN,801290,上海申银万国证券研究所有限公司,申万基础化工,XSHG,2013-03-22,2197.85,2193.61,2163.78,2232.32,2199.29,1272070000.0,12289900000.0,1.44,0.000655
785942,801290.ZICN,801290,上海申银万国证券研究所有限公司,申万基础化工,XSHG,2013-03-25,2199.29,2203.45,2168.22,2236.5,2200.23,1172760000.0,11174700000.0,0.94,0.00042699999999999997
786361,801290.ZICN,801290,上海申银万国证券研究所有限公司,申万基础化工,XSHG,2013-03-26,2200.23,2192.89,2148.52,2233.72,2201.04,1261930000.0,12230500000.0,0.81,0.000368
786780,801290.ZICN,801290,上海申银万国证券研究所有限公司,申万基础化工,XSHG,2013-03-27,2201.04,2197.44,2165.21,2241.24,2198.8,1156640000.0,11283200000.0,-2.24,-0.001018
787199,801290.ZICN,801290,上海申银万国证券研究所有限公司,申万基础化工,XSHG,2013-03-28,2198.8,2183.13,2108.83,2203.12,2143.58,1200540000.0,10927000000.0,-55.22,-0.025113999999999997
787618,801290.ZICN,801290,上海申银万国证券研究所有限公司,申万基础化工,XSHG,2013-03-29,2143.58,2142.47,2112.5,2183.4,2138.4,889910000.0,8361600000.0,-5.18,-0.0024170000000000003
788037,801290.ZICN,801290,上海申银万国证券研究所有限公司,申万基础化工,XSHG,2013-04-01,2138.4,2133.19,2106.45,2183.73,2149.57,914960000.0,8733820000.0,11.17,0.005224
788456,801290.ZICN,801290,上海申银万国证券研究所有限公司,申万基础化工,XSHG,2013-04-02,2149.57,2149.2,2095.78,2188.76,2117.31,1118880000.0,10519300000.0,-32.26,-0.015008
788875,801290.ZICN,801290,上海申银万国证券研究所有限公司,申万基础化工,XSHG,2013-04-03,2117.31,2118.2,2064.7,2147.23,2097.17,978970000.0,9145960000.0,-20.14,-0.009512
789294,801290.ZICN,801290,上海申银万国证券研究所有限公司,申万基础化工,XSHG,2013-04-08,2097.17,2067.13,2020.81,2126.24,2106.1,882090000.0,8234490000.0,8.93,0.004258
789713,801290.ZICN,801290,上海申银万国证券研究所有限公司,申万基础化工,XSHG,2013-04-09,2106.1,2106.5,2088.6,2157.95,2129.88,886860000.0,7956570000.0,23.78,0.011290999999999999
790132,801290.ZICN,801290,上海申银万国证券研究所有限公司,申万基础化工,XSHG,2013-04-10,2129.88,2126.04,2077.68,2149.51,2111.84,774310000.0,7556680000.0,-18.04,-0.00847
790551,801290.ZICN,801290,上海申银万国证券研究所有限公司,申万基础化工,XSHG,2013-04-11,2111.84,2116.97,2086.26,2144.4,2102.72,698490000.0,6303090000.0,-9.12,-0.004319
790970,801290.ZICN,801290,上海申银万国证券研究所有限公司,申万基础化工,XSHG,2013-04-12,2102.72,2104.52,2071.69,2141.04,2095.26,743520000.0,6989410000.0,-7.46,-0.0035479999999999995
791389,801290.ZICN,801290,上海申银万国证券研究所有限公司,申万基础化工,XSHG,2013-04-15,2095.26,2090.15,2036.39,2109.39,2059.97,698760000.0,6449990000.0,-35.29,-0.016843
791808,801290.ZICN,801290,上海申银万国证券研究所有限公司,申万基础化工,XSHG,2013-04-16,2059.97,2042.93,2012.04,2089.55,2076.23,717340000.0,6644020000.0,16.26,0.007893
792227,801290.ZICN,801290,上海申银万国证券研究所有限公司,申万基础化工,XSHG,2013-04-17,2076.23,2074.55,2052.09,2116.45,2101.64,695730000.0,6864030000.0,25.41,0.012239
792646,801290.ZICN,801290,上海申银万国证券研究所有限公司,申万基础化工,XSHG,2013-04-18,2101.64,2091.21,2071.8,2136.62,2113.63,789960000.0,7652620000.0,11.99,0.005705
793065,801290.ZICN,801290,上海申银万国证券研究所有限公司,申万基础化工,XSHG,2013-04-19,2113.63,2115.38,2103.07,2182.66,2158.45,1184420000.0,11518000000.0,44.82,0.021205
793484,801290.ZICN,801290,上海申银万国证券研究所有限公司,申万基础化工,XSHG,2013-04-22,2158.45,2142.36,2111.13,2188.39,2159.71,1125470000.0,11124200000.0,1.26,0.000584
793903,801290.ZICN,801290,上海申银万国证券研究所有限公司,申万基础化工,XSHG,2013-04-23,2159.71,2156.96,2073.54,2177.84,2094.92,1090800000.0,10917800000.0,-64.79,-0.029999
794322,801290.ZICN,801290,上海申银万国证券研究所有限公司,申万基础化工,XSHG,2013-04-24,2094.92,2098.64,2076.43,2160.09,2140.66,1010920000.0,10472600000.0,45.74,0.021834
794741,801290.ZICN,801290,上海申银万国证券研究所有限公司,申万基础化工,XSHG,2013-04-25,2140.66,2130.5,2070.76,2163.99,2090.42,1189290000.0,12419300000.0,-50.24,-0.023469
795160,801290.ZICN,801290,上海申银万国证券研究所有限公司,申万基础化工,XSHG,2013-04-26,2090.42,2083.11,2026.23,2116.99,2050.18,913810000.0,9164410000.0,-40.24,-0.01925
795579,801290.ZICN,801290,上海申银万国证券研究所有限公司,申万基础化工,XSHG,2013-05-02,2050.18,2037.76,2003.36,2089.77,2057.67,730460000.0,7424370000.0,7.49,0.003653
795998,801290.ZICN,801290,上海申银万国证券研究所有限公司,申万基础化工,XSHG,2013-05-03,2057.67,2057.7,2041.77,2118.84,2087.56,994760000.0,9513380000.0,29.89,0.014525999999999999
796417,801290.ZICN,801290,上海申银万国证券研究所有限公司,申万基础化工,XSHG,2013-05-06,2087.56,2091.86,2069.84,2138.31,2119.25,1148100000.0,11105700000.0,31.69,0.01518
796836,801290.ZICN,801290,上海申银万国证券研究所有限公司,申万基础化工,XSHG,2013-05-07,2119.25,2115.39,2072.17,2142.75,2110.07,1039480000.0,10676900000.0,-9.18,-0.004332
797255,801290.ZICN,801290,上海申银万国证券研究所有限公司,申万基础化工,XSHG,2013-05-08,2110.07,2111.24,2085.28,2145.72,2125.59,953240000.0,9485630000.0,15.52,0.0073549999999999996
797674,801290.ZICN,801290,上海申银万国证券研究所有限公司,申万基础化工,XSHG,2013-05-09,2125.59,2122.55,2081.14,2158.01,2120.89,1172890000.0,11857300000.0,-4.7,-0.002211
798093,801290.ZICN,801290,上海申银万国证券研究所有限公司,申万基础化工,XSHG,2013-05-10,2120.89,2114.27,2086.5,2158.42,2134.96,1090340000.0,10433400000.0,14.07,0.006634
798512,801290.ZICN,801290,上海申银万国证券研究所有限公司,申万基础化工,XSHG,2013-05-13,2134.96,2132.11,2092.5,2167.73,2133.82,1069290000.0,11082300000.0,-1.14,-0.000534
798931,801290.ZICN,801290,上海申银万国证券研究所有限公司,申万基础化工,XSHG,2013-05-14,2133.82,2132.99,2074.81,2161.59,2111.44,1055170000.0,10247500000.0,-22.38,-0.010487999999999999
799350,801290.ZICN,801290,上海申银万国证券研究所有限公司,申万基础化工,XSHG,2013-05-15,2111.44,2100.7,2079.45,2137.36,2120.5,946000000.0,9299620000.0,9.06,0.004291
799769,801290.ZICN,801290,上海申银万国证券研究所有限公司,申万基础化工,XSHG,2013-05-16,2120.5,2112.78,2086.19,2164.86,2138.33,1337000000.0,14035300000.0,17.83,0.008408
800188,801290.ZICN,801290,上海申银万国证券研究所有限公司,申万基础化工,XSHG,2013-05-17,2138.33,2133.24,2112.05,2180.44,2162.16,1346610000.0,13084800000.0,23.83,0.011144
800607,801290.ZICN,801290,上海申银万国证券研究所有限公司,申万基础化工,XSHG,2013-05-20,2162.16,2160.8,2136.35,2219.81,2193.84,1583920000.0,16110500000.0,31.68,0.014652000000000002
801026,801290.ZICN,801290,上海申银万国证券研究所有限公司,申万基础化工,XSHG,2013-05-21,2193.84,2195.02,2164.25,2238.65,2208.86,1563620000.0,14999800000.0,15.02,0.006846
801445,801290.ZICN,801290,上海申银万国证券研究所有限公司,申万基础化工,XSHG,2013-05-22,2208.86,2204.16,2159.68,2238.79,2188.64,1540910000.0,14994600000.0,-20.22,-0.009154
801864,801290.ZICN,801290,上海申银万国证券研究所有限公司,申万基础化工,XSHG,2013-05-23,2188.64,2180.51,2144.37,2226.81,2178.44,1318180000.0,12922100000.0,-10.2,-0.00466
802283,801290.ZICN,801290,上海申银万国证券研究所有限公司,申万基础化工,XSHG,2013-05-24,2178.44,2178.41,2157.63,2222.79,2205.05,1175860000.0,11183100000.0,26.61,0.012215
802702,801290.ZICN,801290,上海申银万国证券研究所有限公司,申万基础化工,XSHG,2013-05-27,2205.05,2205.99,2181.2,2257.39,2230.73,1391260000.0,13855600000.0,25.68,0.011646
803121,801290.ZICN,801290,上海申银万国证券研究所有限公司,申万基础化工,XSHG,2013-05-28,2230.73,2231.2,2184.19,2265.28,2229.57,1482300000.0,14457500000.0,-1.16,-0.0005200000000000001
803540,801290.ZICN,801290,上海申银万国证券研究所有限公司,申万基础化工,XSHG,2013-05-29,2229.57,2230.26,2204.14,2278.23,2251.24,1545230000.0,14703400000.0,21.67,0.009719
803959,801290.ZICN,801290,上海申银万国证券研究所有限公司,申万基础化工,XSHG,2013-05-30,2251.24,2242.33,2211.7,2281.45,2248.18,1502100000.0,14258300000.0,-3.06,-0.001359
804378,801290.ZICN,801290,上海申银万国证券研究所有限公司,申万基础化工,XSHG,2013-05-31,2248.18,2250.26,2210.15,2288.32,2231.02,1482240000.0,14251800000.0,-17.16,-0.007633
804797,801290.ZICN,801290,上海申银万国证券研究所有限公司,申万基础化工,XSHG,2013-06-03,2231.02,2227.65,2180.49,2266.26,2212.62,1370600000.0,13589700000.0,-18.4,-0.008246999999999999
805216,801290.ZICN,801290,上海申银万国证券研究所有限公司,申万基础化工,XSHG,2013-06-04,2212.62,2208.0,2134.37,2233.61,2169.92,1484700000.0,13653900000.0,-42.7,-0.019298
805635,801290.ZICN,801290,上海申银万国证券研究所有限公司,申万基础化工,XSHG,2013-06-05,2169.92,2167.2,2137.66,2201.91,2173.06,1026310000.0,9588290000.0,3.14,0.0014470000000000002
806054,801290.ZICN,801290,上海申银万国证券研究所有限公司,申万基础化工,XSHG,2013-06-06,2173.06,2164.9,2116.98,2194.8,2139.26,1114530000.0,10507800000.0,-33.8,-0.015553999999999998
806473,801290.ZICN,801290,上海申银万国证券研究所有限公司,申万基础化工,XSHG,2013-06-07,2139.26,2137.19,2071.9,2167.85,2104.38,1176440000.0,11081100000.0,-34.88,-0.016305
806892,801290.ZICN,801290,上海申银万国证券研究所有限公司,申万基础化工,XSHG,2013-06-13,2104.38,2076.48,1976.0,2095.51,2035.81,1065920000.0,9863560000.0,-68.57,-0.032583999999999995
807311,801290.ZICN,801290,上海申银万国证券研究所有限公司,申万基础化工,XSHG,2013-06-14,2035.81,2034.36,2014.13,2086.67,2065.59,933570000.0,9219680000.0,29.78,0.014628
807730,801290.ZICN,801290,上海申银万国证券研究所有限公司,申万基础化工,XSHG,2013-06-17,2065.59,2066.22,2030.94,2116.26,2075.53,945280000.0,9775910000.0,9.94,0.0048119999999999994
808145,801290.ZICN,801290,上海申银万国证券研究所有限公司,申万基础化工,XSHG,2013-06-18,2075.53,,,,2075.53,,,0.0,0.0
808567,801290.ZICN,801290,上海申银万国证券研究所有限公司,申万基础化工,XSHG,2013-06-19,2075.53,2069.56,2017.17,2098.53,2070.15,910360000.0,8308440000.0,-5.38,-0.002592
808986,801290.ZICN,801290,上海申银万国证券研究所有限公司,申万基础化工,XSHG,2013-06-20,2070.15,2054.46,1992.17,2084.15,2012.29,925580000.0,8308360000.0,-57.86,-0.02795
809405,801290.ZICN,801290,上海申银万国证券研究所有限公司,申万基础化工,XSHG,2013-06-21,2012.29,1976.13,1922.71,2021.99,1991.54,865900000.0,7398140000.0,-20.75,-0.010312
809824,801290.ZICN,801290,上海申银万国证券研究所有限公司,申万基础化工,XSHG,2013-06-24,1991.54,1987.13,1844.24,2007.67,1874.5,1081560000.0,9301670000.0,-117.04,-0.05876900000000001
810243,801290.ZICN,801290,上海申银万国证券研究所有限公司,申万基础化工,XSHG,2013-06-25,1874.5,1849.47,1722.84,1906.57,1867.76,1357790000.0,11201800000.0,-6.74,-0.0035960000000000002
810666,801290.ZICN,801290,上海申银万国证券研究所有限公司,申万基础化工,XSHG,2013-06-26,1867.76,1867.83,1829.35,1921.57,1897.72,1007600000.0,9124000000.0,29.96,0.016041
811085,801290.ZICN,801290,上海申银万国证券研究所有限公司,申万基础化工,XSHG,2013-06-27,1897.72,1901.08,1843.14,1946.86,1862.97,1087800000.0,10051900000.0,-34.75,-0.018311
811504,801290.ZICN,801290,上海申银万国证券研究所有限公司,申万基础化工,XSHG,2013-06-28,1862.97,1847.75,1807.43,1907.68,1863.68,833930000.0,7519490000.0,0.71,0.000381
811923,801290.ZICN,801290,上海申银万国证券研究所有限公司,申万基础化工,XSHG,2013-07-01,1863.68,1862.1,1835.46,1915.37,1901.63,793230000.0,7386650000.0,37.95,0.020363
812341,801290.ZICN,801290,上海申银万国证券研究所有限公司,申万基础化工,XSHG,2013-07-02,1901.63,1901.87,1880.51,1955.21,1938.5,912540000.0,8687410000.0,36.87,0.019389
812759,801290.ZICN,801290,上海申银万国证券研究所有限公司,申万基础化工,XSHG,2013-07-03,1938.5,1933.0,1880.96,1957.89,1926.92,1024760000.0,9234170000.0,-11.58,-0.005974
813177,801290.ZICN,801290,上海申银万国证券研究所有限公司,申万基础化工,XSHG,2013-07-04,1926.92,1918.99,1887.49,1994.0,1954.85,1213320000.0,11354700000.0,27.93,0.014495
813595,801290.ZICN,801290,上海申银万国证券研究所有限公司,申万基础化工,XSHG,2013-07-05,1954.85,1954.81,1920.68,1998.93,1946.4,1184690000.0,10780500000.0,-8.45,-0.004323
814013,801290.ZICN,801290,上海申银万国证券研究所有限公司,申万基础化工,XSHG,2013-07-08,1946.4,1914.5,1841.87,1944.59,1866.94,1072010000.0,9393610000.0,-79.46,-0.040824
814431,801290.ZICN,801290,上海申银万国证券研究所有限公司,申万基础化工,XSHG,2013-07-09,1866.94,1863.71,1829.72,1905.37,1866.19,811370000.0,7255180000.0,-0.75,-0.00040199999999999996
814849,801290.ZICN,801290,上海申银万国证券研究所有限公司,申万基础化工,XSHG,2013-07-10,1866.19,1872.52,1846.92,1936.44,1918.23,980090000.0,8338490000.0,52.04,0.027886
815267,801290.ZICN,801290,上海申银万国证券研究所有限公司,申万基础化工,XSHG,2013-07-11,1918.23,1924.76,1901.75,2001.26,1964.58,1450590000.0,12163100000.0,46.35,0.024163
815685,801290.ZICN,801290,上海申银万国证券研究所有限公司,申万基础化工,XSHG,2013-07-12,1964.58,1967.68,1928.1,2012.32,1948.69,1231200000.0,11312700000.0,-15.89,-0.008088
816103,801290.ZICN,801290,上海申银万国证券研究所有限公司,申万基础化工,XSHG,2013-07-15,1948.69,1952.64,1926.62,2000.97,1975.08,1036980000.0,9637060000.0,26.39,0.013541999999999998
816521,801290.ZICN,801290,上海申银万国证券研究所有限公司,申万基础化工,XSHG,2013-07-16,1975.08,1980.43,1953.46,2022.51,2004.41,1142470000.0,11134900000.0,29.33,0.01485
816939,801290.ZICN,801290,上海申银万国证券研究所有限公司,申万基础化工,XSHG,2013-07-17,2004.41,1999.08,1945.41,2026.97,1963.86,1164320000.0,11322600000.0,-40.55,-0.02023
817357,801290.ZICN,801290,上海申银万国证券研究所有限公司,申万基础化工,XSHG,2013-07-18,1963.86,1951.8,1917.55,1993.14,1955.89,995990000.0,9493710000.0,-7.97,-0.004058
817775,801290.ZICN,801290,上海申银万国证券研究所有限公司,申万基础化工,XSHG,2013-07-19,1955.89,1955.26,1896.39,1997.45,1913.95,1142940000.0,10505800000.0,-41.94,-0.021443
818193,801290.ZICN,801290,上海申银万国证券研究所有限公司,申万基础化工,XSHG,2013-07-22,1913.95,1899.09,1870.62,1958.79,1945.29,879950000.0,8193180000.0,31.34,0.016375
818611,801290.ZICN,801290,上海申银万国证券研究所有限公司,申万基础化工,XSHG,2013-07-23,1945.29,1948.14,1934.09,2018.32,1998.16,1221830000.0,11378300000.0,52.87,0.027177999999999997
819029,801290.ZICN,801290,上海申银万国证券研究所有限公司,申万基础化工,XSHG,2013-07-24,1998.16,1996.17,1955.63,2037.41,2008.64,1324680000.0,12298200000.0,10.48,0.0052450000000000005
819447,801290.ZICN,801290,上海申银万国证券研究所有限公司,申万基础化工,XSHG,2013-07-25,2008.64,2009.71,1959.89,2044.03,1981.28,1159240000.0,11338000000.0,-27.36,-0.013621000000000001
819865,801290.ZICN,801290,上海申银万国证券研究所有限公司,申万基础化工,XSHG,2013-07-26,1981.28,1970.65,1937.26,2014.13,1977.03,988740000.0,9160580000.0,-4.25,-0.0021449999999999998
820283,801290.ZICN,801290,上海申银万国证券研究所有限公司,申万基础化工,XSHG,2013-07-29,1977.03,1968.06,1923.63,2003.07,1954.23,980220000.0,8844900000.0,-22.8,-0.011531999999999999
820701,801290.ZICN,801290,上海申银万国证券研究所有限公司,申万基础化工,XSHG,2013-07-30,1954.23,1956.63,1907.5,1996.67,1954.74,964870000.0,8914480000.0,0.51,0.000261
821119,801290.ZICN,801290,上海申银万国证券研究所有限公司,申万基础化工,XSHG,2013-07-31,1954.74,1956.2,1929.53,1999.06,1957.37,957700000.0,8487950000.0,2.63,0.0013449999999999998
821537,801290.ZICN,801290,上海申银万国证券研究所有限公司,申万基础化工,XSHG,2013-08-01,1957.37,1961.16,1943.41,2020.63,2006.29,1297010000.0,10944800000.0,48.92,0.024993
821955,801290.ZICN,801290,上海申银万国证券研究所有限公司,申万基础化工,XSHG,2013-08-02,2006.29,2010.58,1981.01,2043.66,2006.27,1232360000.0,10568500000.0,-0.02,-1e-05
822373,801290.ZICN,801290,上海申银万国证券研究所有限公司,申万基础化工,XSHG,2013-08-05,2006.27,2006.06,1988.69,2069.07,2054.44,1220290000.0,11303000000.0,48.17,0.02401
822791,801290.ZICN,801290,上海申银万国证券研究所有限公司,申万基础化工,XSHG,2013-08-06,2054.44,2052.97,2031.39,2103.0,2076.07,1495930000.0,13413700000.0,21.63,0.010528000000000001
823209,801290.ZICN,801290,上海申银万国证券研究所有限公司,申万基础化工,XSHG,2013-08-07,2076.07,2068.9,2031.52,2110.04,2061.87,1392660000.0,12802100000.0,-14.2,-0.006840000000000001
823627,801290.ZICN,801290,上海申银万国证券研究所有限公司,申万基础化工,XSHG,2013-08-08,2061.87,2057.71,2033.93,2102.95,2070.54,1167540000.0,10853500000.0,8.67,0.0042049999999999995
824045,801290.ZICN,801290,上海申银万国证券研究所有限公司,申万基础化工,XSHG,2013-08-09,2070.54,2072.47,2039.86,2122.05,2093.93,1331740000.0,12397400000.0,23.39,0.011297
824463,801290.ZICN,801290,上海申银万国证券研究所有限公司,申万基础化工,XSHG,2013-08-12,2093.93,2098.37,2068.94,2152.74,2127.75,1575640000.0,14526100000.0,33.82,0.016151
824881,801290.ZICN,801290,上海申银万国证券研究所有限公司,申万基础化工,XSHG,2013-08-13,2127.75,2126.18,2094.73,2161.87,2135.31,1429830000.0,12733100000.0,7.56,0.003553
825299,801290.ZICN,801290,上海申银万国证券研究所有限公司,申万基础化工,XSHG,2013-08-14,2135.31,2134.37,2098.67,2171.99,2128.88,1515620000.0,13497700000.0,-6.43,-0.003011
825717,801290.ZICN,801290,上海申银万国证券研究所有限公司,申万基础化工,XSHG,2013-08-15,2128.88,2123.59,2083.12,2160.98,2101.59,1392970000.0,12600900000.0,-27.29,-0.012819
826135,801290.ZICN,801290,上海申银万国证券研究所有限公司,申万基础化工,XSHG,2013-08-16,2101.59,2089.45,2037.17,2153.64,2052.69,1396280000.0,12488500000.0,-48.9,-0.023268
826553,801290.ZICN,801290,上海申银万国证券研究所有限公司,申万基础化工,XSHG,2013-08-19,2052.69,2041.38,2022.78,2108.82,2093.53,1053180000.0,9520270000.0,40.84,0.019896
826971,801290.ZICN,801290,上海申银万国证券研究所有限公司,申万基础化工,XSHG,2013-08-20,2093.53,2092.67,2059.97,2137.2,2093.88,1298570000.0,11839500000.0,0.35,0.000167
827389,801290.ZICN,801290,上海申银万国证券研究所有限公司,申万基础化工,XSHG,2013-08-21,2093.88,2093.68,2061.5,2127.81,2100.93,1089330000.0,9694090000.0,7.05,0.003367
827807,801290.ZICN,801290,上海申银万国证券研究所有限公司,申万基础化工,XSHG,2013-08-22,2100.93,2094.94,2072.99,2140.07,2109.01,1171560000.0,10685900000.0,8.08,0.003846
828225,801290.ZICN,801290,上海申银万国证券研究所有限公司,申万基础化工,XSHG,2013-08-23,2109.01,2109.52,2050.75,2143.78,2094.59,1277590000.0,12135800000.0,-14.42,-0.006837
828643,801290.ZICN,801290,上海申银万国证券研究所有限公司,申万基础化工,XSHG,2013-08-26,2094.59,2095.37,2075.12,2144.12,2128.87,1146580000.0,10657500000.0,34.28,0.016366
829061,801290.ZICN,801290,上海申银万国证券研究所有限公司,申万基础化工,XSHG,2013-08-27,2128.87,2127.76,2099.46,2168.04,2141.12,1278440000.0,11745200000.0,12.25,0.005754
829479,801290.ZICN,801290,上海申银万国证券研究所有限公司,申万基础化工,XSHG,2013-08-28,2141.12,2126.94,2088.2,2161.06,2118.08,1404870000.0,12715000000.0,-23.04,-0.010761
829897,801290.ZICN,801290,上海申银万国证券研究所有限公司,申万基础化工,XSHG,2013-08-29,2118.08,2115.55,2080.13,2148.9,2108.89,1152840000.0,10151700000.0,-9.19,-0.004339
830315,801290.ZICN,801290,上海申银万国证券研究所有限公司,申万基础化工,XSHG,2013-08-30,2108.89,2108.04,2053.58,2143.59,2078.01,1412430000.0,12088700000.0,-30.88,-0.014643000000000002
830733,801290.ZICN,801290,上海申银万国证券研究所有限公司,申万基础化工,XSHG,2013-09-02,2078.01,2076.12,2037.16,2123.69,2092.55,1061240000.0,9116380000.0,14.54,0.006997
831151,801290.ZICN,801290,上海申银万国证券研究所有限公司,申万基础化工,XSHG,2013-09-03,2092.55,2095.12,2073.19,2136.92,2117.85,1033860000.0,8994580000.0,25.3,0.012091
831569,801290.ZICN,801290,上海申银万国证券研究所有限公司,申万基础化工,XSHG,2013-09-04,2117.85,2118.87,2090.16,2158.61,2122.52,1321530000.0,11040800000.0,4.67,0.002205
831987,801290.ZICN,801290,上海申银万国证券研究所有限公司,申万基础化工,XSHG,2013-09-05,2122.52,2123.17,2087.15,2156.71,2122.93,1312630000.0,11531900000.0,0.41,0.000193
832405,801290.ZICN,801290,上海申银万国证券研究所有限公司,申万基础化工,XSHG,2013-09-06,2122.93,2119.78,2089.32,2155.42,2124.62,1368130000.0,12272900000.0,1.69,0.000796
832823,801290.ZICN,801290,上海申银万国证券研究所有限公司,申万基础化工,XSHG,2013-09-09,2124.62,2125.23,2090.6,2167.43,2132.7,1571070000.0,13907100000.0,8.08,0.003803
833241,801290.ZICN,801290,上海申银万国证券研究所有限公司,申万基础化工,XSHG,2013-09-10,2132.7,2132.29,2101.76,2174.26,2145.59,1682610000.0,14756300000.0,12.89,0.006044
833659,801290.ZICN,801290,上海申银万国证券研究所有限公司,申万基础化工,XSHG,2013-09-11,2145.59,2146.76,2090.73,2194.29,2145.5,1901480000.0,16657200000.0,-0.09,-4.2e-05
834077,801290.ZICN,801290,上海申银万国证券研究所有限公司,申万基础化工,XSHG,2013-09-12,2145.5,2136.75,2109.76,2182.14,2146.99,1548990000.0,12551300000.0,1.49,0.0006940000000000001
834495,801290.ZICN,801290,上海申银万国证券研究所有限公司,申万基础化工,XSHG,2013-09-13,2146.99,2146.65,2113.74,2190.73,2152.9,1331990000.0,11930900000.0,5.91,0.0027530000000000002
834913,801290.ZICN,801290,上海申银万国证券研究所有限公司,申万基础化工,XSHG,2013-09-16,2152.9,2154.14,2120.46,2195.3,2155.13,1255850000.0,11708800000.0,2.23,0.001036
835335,801290.ZICN,801290,上海申银万国证券研究所有限公司,申万基础化工,XSHG,2013-09-17,2155.13,2151.08,2099.83,2182.35,2119.88,1275730000.0,11381000000.0,-35.25,-0.016356
835753,801290.ZICN,801290,上海申银万国证券研究所有限公司,申万基础化工,XSHG,2013-09-18,2119.88,2105.48,2077.37,2145.79,2117.51,1010470000.0,9138850000.0,-2.37,-0.001118
836171,801290.ZICN,801290,上海申银万国证券研究所有限公司,申万基础化工,XSHG,2013-09-23,2117.51,2119.69,2093.25,2163.82,2143.48,1271170000.0,12762700000.0,25.97,0.012264
836589,801290.ZICN,801290,上海申银万国证券研究所有限公司,申万基础化工,XSHG,2013-09-24,2143.48,2146.83,2107.95,2177.23,2142.58,1442300000.0,13668300000.0,-0.9,-0.00042
837007,801290.ZICN,801290,上海申银万国证券研究所有限公司,申万基础化工,XSHG,2013-09-25,2142.58,2143.68,2097.66,2175.38,2126.5,1755800000.0,15219400000.0,-16.08,-0.0075049999999999995
837425,801290.ZICN,801290,上海申银万国证券研究所有限公司,申万基础化工,XSHG,2013-09-26,2126.5,2123.08,2071.18,2156.92,2094.01,1565020000.0,13483300000.0,-32.49,-0.015279
837843,801290.ZICN,801290,上海申银万国证券研究所有限公司,申万基础化工,XSHG,2013-09-27,2094.01,2093.98,2056.92,2135.81,2090.88,1221340000.0,11114800000.0,-3.13,-0.001495
838261,801290.ZICN,801290,上海申银万国证券研究所有限公司,申万基础化工,XSHG,2013-09-30,2090.88,2091.55,2067.99,2137.43,2111.87,1025450000.0,9400210000.0,20.99,0.010039
838679,801290.ZICN,801290,上海申银万国证券研究所有限公司,申万基础化工,XSHG,2013-10-08,2111.87,2109.3,2082.31,2170.63,2145.26,1318760000.0,12234100000.0,33.39,0.015811000000000002
839097,801290.ZICN,801290,上海申银万国证券研究所有限公司,申万基础化工,XSHG,2013-10-09,2145.26,2138.52,2114.51,2187.1,2164.63,1327930000.0,12358000000.0,19.37,0.009029
839515,801290.ZICN,801290,上海申银万国证券研究所有限公司,申万基础化工,XSHG,2013-10-10,2164.63,2164.86,2120.15,2196.74,2149.33,1572430000.0,14218400000.0,-15.3,-0.0070680000000000005
839933,801290.ZICN,801290,上海申银万国证券研究所有限公司,申万基础化工,XSHG,2013-10-11,2149.33,2155.64,2130.99,2202.66,2177.0,1485420000.0,13610400000.0,27.67,0.012874000000000002
840351,801290.ZICN,801290,上海申银万国证券研究所有限公司,申万基础化工,XSHG,2013-10-14,2177.0,2180.8,2148.11,2224.94,2192.08,1606380000.0,15236500000.0,15.08,0.006927
840769,801290.ZICN,801290,上海申银万国证券研究所有限公司,申万基础化工,XSHG,2013-10-15,2192.08,2188.39,2145.84,2224.28,2189.15,1522640000.0,14789400000.0,-2.93,-0.0013369999999999999
841187,801290.ZICN,801290,上海申银万国证券研究所有限公司,申万基础化工,XSHG,2013-10-16,2189.15,2185.81,2106.56,2214.35,2139.16,1709310000.0,16786600000.0,-49.99,-0.022835
841605,801290.ZICN,801290,上海申银万国证券研究所有限公司,申万基础化工,XSHG,2013-10-17,2139.16,2145.66,2107.91,2187.31,2137.39,1347840000.0,13145300000.0,-1.77,-0.0008269999999999999
842023,801290.ZICN,801290,上海申银万国证券研究所有限公司,申万基础化工,XSHG,2013-10-18,2137.39,2136.81,2100.92,2170.37,2134.64,1106300000.0,10000500000.0,-2.75,-0.001287
842441,801290.ZICN,801290,上海申银万国证券研究所有限公司,申万基础化工,XSHG,2013-10-21,2134.64,2139.26,2112.07,2201.69,2183.38,1584570000.0,14911700000.0,48.74,0.022833000000000003
842859,801290.ZICN,801290,上海申银万国证券研究所有限公司,申万基础化工,XSHG,2013-10-22,2183.38,2184.16,2143.67,2230.19,2179.33,1763460000.0,16979700000.0,-4.05,-0.001855
843277,801290.ZICN,801290,上海申银万国证券研究所有限公司,申万基础化工,XSHG,2013-10-23,2179.33,2175.08,2098.82,2203.23,2125.84,1547480000.0,13927700000.0,-53.49,-0.024544
843695,801290.ZICN,801290,上海申银万国证券研究所有限公司,申万基础化工,XSHG,2013-10-24,2125.84,2120.82,2081.42,2152.09,2110.23,984860000.0,9078660000.0,-15.61,-0.007343000000000001
844112,801290.ZICN,801290,上海申银万国证券研究所有限公司,申万基础化工,XSHG,2013-10-25,2110.23,2110.91,2046.26,2139.82,2075.64,1167240000.0,10593000000.0,-34.59,-0.016392
844529,801290.ZICN,801290,上海申银万国证券研究所有限公司,申万基础化工,XSHG,2013-10-28,2075.64,2078.57,2036.22,2114.07,2072.78,1033630000.0,9563100000.0,-2.86,-0.0013779999999999999
844946,801290.ZICN,801290,上海申银万国证券研究所有限公司,申万基础化工,XSHG,2013-10-29,2072.78,2073.95,1959.77,2109.44,2021.5,1587570000.0,13583000000.0,-51.28,-0.02474
845363,801290.ZICN,801290,上海申银万国证券研究所有限公司,申万基础化工,XSHG,2013-10-30,2021.5,2016.15,1989.12,2067.88,2048.9,1139900000.0,10037000000.0,27.4,0.013553999999999998
845780,801290.ZICN,801290,上海申银万国证券研究所有限公司,申万基础化工,XSHG,2013-10-31,2048.9,2043.05,1995.17,2071.59,2023.24,1260900000.0,11557900000.0,-25.66,-0.012523999999999999
846197,801290.ZICN,801290,上海申银万国证券研究所有限公司,申万基础化工,XSHG,2013-11-01,2023.24,2018.65,1973.74,2051.84,2021.05,1047800000.0,8840440000.0,-2.19,-0.001082
846614,801290.ZICN,801290,上海申银万国证券研究所有限公司,申万基础化工,XSHG,2013-11-04,2021.05,2019.23,2000.44,2061.23,2037.73,943550000.0,8289970000.0,16.68,0.008253
847031,801290.ZICN,801290,上海申银万国证券研究所有限公司,申万基础化工,XSHG,2013-11-05,2037.73,2029.14,1996.95,2075.21,2058.78,1178590000.0,10137500000.0,21.05,0.010329999999999999
847448,801290.ZICN,801290,上海申银万国证券研究所有限公司,申万基础化工,XSHG,2013-11-06,2058.78,2052.9,2020.74,2092.28,2042.69,1299110000.0,11209000000.0,-16.09,-0.007815
847869,801290.ZICN,801290,上海申银万国证券研究所有限公司,申万基础化工,XSHG,2013-11-07,2042.69,2033.71,1994.43,2062.9,2019.83,964710000.0,8397160000.0,-22.86,-0.011191
848286,801290.ZICN,801290,上海申银万国证券研究所有限公司,申万基础化工,XSHG,2013-11-08,2019.83,2010.46,1968.01,2036.68,1992.07,936240000.0,7710290000.0,-27.76,-0.013744
848703,801290.ZICN,801290,上海申银万国证券研究所有限公司,申万基础化工,XSHG,2013-11-11,1992.07,1986.98,1962.97,2028.62,2008.23,810310000.0,6937220000.0,16.16,0.008112000000000001
849120,801290.ZICN,801290,上海申银万国证券研究所有限公司,申万基础化工,XSHG,2013-11-12,2008.23,2006.96,1985.85,2045.86,2026.64,916290000.0,8130920000.0,18.41,0.009167
849537,801290.ZICN,801290,上海申银万国证券研究所有限公司,申万基础化工,XSHG,2013-11-13,2026.64,2018.29,1970.46,2039.0,1987.16,941750000.0,8232880000.0,-39.48,-0.019481000000000002
849954,801290.ZICN,801290,上海申银万国证券研究所有限公司,申万基础化工,XSHG,2013-11-14,1987.16,1985.79,1959.12,2027.36,2010.69,948760000.0,8655700000.0,23.53,0.011840999999999999
850371,801290.ZICN,801290,上海申银万国证券研究所有限公司,申万基础化工,XSHG,2013-11-15,2010.69,2014.51,2001.78,2078.07,2046.65,1366500000.0,12524600000.0,35.96,0.017884
850788,801290.ZICN,801290,上海申银万国证券研究所有限公司,申万基础化工,XSHG,2013-11-18,2046.65,2052.86,2034.47,2103.63,2084.96,1538000000.0,13753400000.0,38.31,0.018718000000000002
851209,801290.ZICN,801290,上海申银万国证券研究所有限公司,申万基础化工,XSHG,2013-11-19,2084.96,2087.15,2054.62,2118.67,2086.0,1400540000.0,12518300000.0,1.04,0.000499
851626,801290.ZICN,801290,上海申银万国证券研究所有限公司,申万基础化工,XSHG,2013-11-20,2086.0,2088.09,2059.05,2120.94,2097.91,1266780000.0,11452100000.0,11.91,0.0057090000000000005
852043,801290.ZICN,801290,上海申银万国证券研究所有限公司,申万基础化工,XSHG,2013-11-21,2097.91,2088.14,2054.74,2120.43,2091.47,1376480000.0,12436500000.0,-6.44,-0.00307
852460,801290.ZICN,801290,上海申银万国证券研究所有限公司,申万基础化工,XSHG,2013-11-22,2091.47,2094.65,2067.69,2151.0,2108.58,1710000000.0,14829000000.0,17.11,0.008181
852877,801290.ZICN,801290,上海申银万国证券研究所有限公司,申万基础化工,XSHG,2013-11-25,2108.58,2099.05,2068.55,2137.65,2096.96,1531800000.0,13337900000.0,-11.62,-0.005511
853298,801290.ZICN,801290,上海申银万国证券研究所有限公司,申万基础化工,XSHG,2013-11-26,2096.96,2092.97,2070.38,2133.27,2103.97,1230680000.0,11036000000.0,7.01,0.003343
853715,801290.ZICN,801290,上海申银万国证券研究所有限公司,申万基础化工,XSHG,2013-11-27,2103.97,2103.28,2082.27,2144.47,2124.19,1295150000.0,12122900000.0,20.22,0.009609999999999999
854132,801290.ZICN,801290,上海申银万国证券研究所有限公司,申万基础化工,XSHG,2013-11-28,2124.19,2125.87,2109.61,2182.52,2149.13,1707480000.0,16703500000.0,24.94,0.011741
854549,801290.ZICN,801290,上海申银万国证券研究所有限公司,申万基础化工,XSHG,2013-11-29,2149.13,2147.92,2128.9,2194.1,2166.54,1511680000.0,15478900000.0,17.41,0.008101
854966,801290.ZICN,801290,上海申银万国证券研究所有限公司,申万基础化工,XSHG,2013-12-02,2166.54,2116.5,2035.71,2156.64,2070.17,1833790000.0,16941000000.0,-96.37,-0.044481
855383,801290.ZICN,801290,上海申银万国证券研究所有限公司,申万基础化工,XSHG,2013-12-03,2070.17,2055.63,2031.88,2129.24,2111.42,1432340000.0,13798100000.0,41.25,0.019926
855800,801290.ZICN,801290,上海申银万国证券研究所有限公司,申万基础化工,XSHG,2013-12-04,2111.42,2109.69,2091.19,2179.13,2143.19,1784490000.0,17511900000.0,31.77,0.015047
856221,801290.ZICN,801290,上海申银万国证券研究所有限公司,申万基础化工,XSHG,2013-12-05,2143.19,2139.38,2112.2,2179.85,2144.0,1399330000.0,13584300000.0,0.81,0.00037799999999999997
856638,801290.ZICN,801290,上海申银万国证券研究所有限公司,申万基础化工,XSHG,2013-12-06,2144.0,2141.66,2113.1,2178.17,2142.48,1325120000.0,12299800000.0,-1.52,-0.000709
857055,801290.ZICN,801290,上海申银万国证券研究所有限公司,申万基础化工,XSHG,2013-12-09,2142.48,2146.2,2125.58,2186.43,2161.71,1300990000.0,12581400000.0,19.23,0.008976000000000001
857472,801290.ZICN,801290,上海申银万国证券研究所有限公司,申万基础化工,XSHG,2013-12-10,2161.71,2161.06,2131.73,2202.52,2169.65,1499350000.0,14134400000.0,7.94,0.0036729999999999996
857889,801290.ZICN,801290,上海申银万国证券研究所有限公司,申万基础化工,XSHG,2013-12-11,2169.65,2163.16,2120.61,2190.35,2154.44,1432400000.0,12895000000.0,-15.21,-0.00701
858306,801290.ZICN,801290,上海申银万国证券研究所有限公司,申万基础化工,XSHG,2013-12-12,2154.44,2152.47,2130.13,2192.08,2162.61,1252510000.0,11337700000.0,8.17,0.0037920000000000002
858723,801290.ZICN,801290,上海申银万国证券研究所有限公司,申万基础化工,XSHG,2013-12-13,2162.61,2149.57,2127.57,2192.47,2164.73,1226000000.0,11235200000.0,2.12,0.00098
859140,801290.ZICN,801290,上海申银万国证券研究所有限公司,申万基础化工,XSHG,2013-12-16,2164.73,2164.92,2107.58,2189.53,2124.43,1304570000.0,11594900000.0,-40.3,-0.018616999999999998
859557,801290.ZICN,801290,上海申银万国证券研究所有限公司,申万基础化工,XSHG,2013-12-17,2124.43,2121.44,2082.03,2146.38,2107.8,1028210000.0,8599390000.0,-16.63,-0.007828
859974,801290.ZICN,801290,上海申银万国证券研究所有限公司,申万基础化工,XSHG,2013-12-18,2107.8,2107.67,2078.28,2136.53,2105.78,837170000.0,7238100000.0,-2.02,-0.000958
860391,801290.ZICN,801290,上海申银万国证券研究所有限公司,申万基础化工,XSHG,2013-12-19,2105.78,2108.95,2071.04,2136.24,2088.54,873430000.0,7610740000.0,-17.24,-0.008187
860808,801290.ZICN,801290,上海申银万国证券研究所有限公司,申万基础化工,XSHG,2013-12-20,2088.54,2085.67,2039.43,2112.88,2066.09,953140000.0,8184620000.0,-22.45,-0.010749
861225,801290.ZICN,801290,上海申银万国证券研究所有限公司,申万基础化工,XSHG,2013-12-23,2066.09,2061.6,2016.33,2091.19,2054.95,811300000.0,7221620000.0,-11.14,-0.005392
861642,801290.ZICN,801290,上海申银万国证券研究所有限公司,申万基础化工,XSHG,2013-12-24,2054.95,2052.66,2028.0,2095.07,2063.52,921740000.0,8390300000.0,8.57,0.00417
862059,801290.ZICN,801290,上海申银万国证券研究所有限公司,申万基础化工,XSHG,2013-12-25,2063.52,2062.6,2041.19,2104.86,2090.67,966910000.0,9639090000.0,27.15,0.013156999999999999
862476,801290.ZICN,801290,上海申银万国证券研究所有限公司,申万基础化工,XSHG,2013-12-26,2090.67,2086.5,2034.66,2111.68,2053.64,1080120000.0,10627500000.0,-37.03,-0.017712000000000002
862893,801290.ZICN,801290,上海申银万国证券研究所有限公司,申万基础化工,XSHG,2013-12-27,2053.64,2050.69,2035.09,2106.98,2091.38,1081820000.0,10977600000.0,37.74,0.018377
863310,801290.ZICN,801290,上海申银万国证券研究所有限公司,申万基础化工,XSHG,2013-12-30,2091.38,2099.22,2070.95,2129.81,2098.36,967280000.0,9621950000.0,6.98,0.0033380000000000003
863727,801290.ZICN,801290,上海申银万国证券研究所有限公司,申万基础化工,XSHG,2013-12-31,2098.36,2088.69,2061.68,2125.5,2101.96,898470000.0,9093870000.0,3.6,0.001716
864144,801290.ZICN,801290,上海申银万国证券研究所有限公司,申万基础化工,XSHG,2014-01-02,2101.96,2099.75,2076.96,2139.98,2119.66,873900000.0,9227400000.0,17.7,0.008421
864561,801290.ZICN,801290,上海申银万国证券研究所有限公司,申万基础化工,XSHG,2014-01-03,2119.66,2111.05,2073.57,2137.6,2100.75,984390000.0,9989420000.0,-18.91,-0.008921
864978,801290.ZICN,801290,上海申银万国证券研究所有限公司,申万基础化工,XSHG,2014-01-06,2100.75,2095.61,2016.59,2107.67,2034.12,985460000.0,9445390000.0,-66.63,-0.031717
865395,801290.ZICN,801290,上海申银万国证券研究所有限公司,申万基础化工,XSHG,2014-01-07,2034.12,2026.87,2004.64,2072.29,2046.45,815630000.0,7991580000.0,12.33,0.006062
865812,801290.ZICN,801290,上海申银万国证券研究所有限公司,申万基础化工,XSHG,2014-01-08,2046.45,2049.08,2011.0,2083.27,2041.4,875380000.0,8845130000.0,-5.05,-0.002468
866229,801290.ZICN,801290,上海申银万国证券研究所有限公司,申万基础化工,XSHG,2014-01-09,2041.4,2036.99,1984.51,2065.55,2000.49,998450000.0,9791290000.0,-40.91,-0.020040000000000002
866646,801290.ZICN,801290,上海申银万国证券研究所有限公司,申万基础化工,XSHG,2014-01-10,2000.49,1992.03,1941.87,2019.76,1972.57,849060000.0,7695250000.0,-27.92,-0.013956999999999999
867063,801290.ZICN,801290,上海申银万国证券研究所有限公司,申万基础化工,XSHG,2014-01-13,1972.57,1971.04,1931.63,2000.5,1961.82,684450000.0,6505240000.0,-10.75,-0.00545
867480,801290.ZICN,801290,上海申银万国证券研究所有限公司,申万基础化工,XSHG,2014-01-14,1961.82,1960.32,1939.46,2008.96,1998.57,807360000.0,7566490000.0,36.75,0.018733
867901,801290.ZICN,801290,上海申银万国证券研究所有限公司,申万基础化工,XSHG,2014-01-15,1998.57,1997.58,1971.33,2029.38,2004.56,831340000.0,8454220000.0,5.99,0.002997
868322,801290.ZICN,801290,上海申银万国证券研究所有限公司,申万基础化工,XSHG,2014-01-16,2004.56,2004.15,1972.93,2036.17,2003.4,802570000.0,8762180000.0,-1.16,-0.000579
868739,801290.ZICN,801290,上海申银万国证券研究所有限公司,申万基础化工,XSHG,2014-01-17,2003.4,1998.36,1953.86,2020.98,1974.34,742910000.0,7694160000.0,-29.06,-0.014505
869156,801290.ZICN,801290,上海申银万国证券研究所有限公司,申万基础化工,XSHG,2014-01-20,1974.34,1971.28,1934.77,2003.63,1962.11,672570000.0,6876640000.0,-12.23,-0.006194
869573,801290.ZICN,801290,上海申银万国证券研究所有限公司,申万基础化工,XSHG,2014-01-21,1962.11,1963.76,1946.45,2003.42,1982.75,777740000.0,8109360000.0,20.64,0.010519
869990,801290.ZICN,801290,上海申银万国证券研究所有限公司,申万基础化工,XSHG,2014-01-22,1982.75,1985.66,1971.67,2046.64,2032.05,1138560000.0,11652100000.0,49.3,0.024863999999999997
870407,801290.ZICN,801290,上海申银万国证券研究所有限公司,申万基础化工,XSHG,2014-01-23,2032.05,2031.28,2009.06,2062.35,2034.57,1041180000.0,10634700000.0,2.52,0.00124
870824,801290.ZICN,801290,上海申银万国证券研究所有限公司,申万基础化工,XSHG,2014-01-24,2034.57,2029.35,2016.31,2078.82,2055.3,1139620000.0,11395800000.0,20.73,0.010189
871241,801290.ZICN,801290,上海申银万国证券研究所有限公司,申万基础化工,XSHG,2014-01-27,2055.3,2047.36,2014.81,2083.63,2046.29,1037330000.0,11044900000.0,-9.01,-0.004384000000000001
871658,801290.ZICN,801290,上海申银万国证券研究所有限公司,申万基础化工,XSHG,2014-01-28,2046.29,2044.5,2010.88,2076.42,2040.59,854780000.0,8900030000.0,-5.7,-0.002786
872075,801290.ZICN,801290,上海申银万国证券研究所有限公司,申万基础化工,XSHG,2014-01-29,2040.59,2043.71,2020.25,2077.94,2052.74,856710000.0,8919110000.0,12.15,0.005954
872492,801290.ZICN,801290,上海申银万国证券研究所有限公司,申万基础化工,XSHG,2014-01-30,2052.74,2047.42,2010.5,2067.06,2031.04,671510000.0,7024740000.0,-21.7,-0.010570999999999999
872909,801290.ZICN,801290,上海申银万国证券研究所有限公司,申万基础化工,XSHG,2014-02-07,2031.04,2018.5,1997.46,2074.86,2064.14,903880000.0,9339130000.0,33.1,0.016297
873326,801290.ZICN,801290,上海申银万国证券研究所有限公司,申万基础化工,XSHG,2014-02-10,2064.14,2072.82,2058.87,2146.65,2127.61,1593090000.0,16149800000.0,63.47,0.030749000000000002
873743,801290.ZICN,801290,上海申银万国证券研究所有限公司,申万基础化工,XSHG,2014-02-11,2127.61,2129.11,2090.27,2164.87,2123.83,1600840000.0,16095600000.0,-3.78,-0.001777
874160,801290.ZICN,801290,上海申银万国证券研究所有限公司,申万基础化工,XSHG,2014-02-12,2123.83,2124.26,2102.37,2183.25,2163.25,1566760000.0,15909700000.0,39.42,0.018561
874577,801290.ZICN,801290,上海申银万国证券研究所有限公司,申万基础化工,XSHG,2014-02-13,2163.25,2162.9,2114.4,2202.31,2134.2,1611600000.0,17080300000.0,-29.05,-0.013429
874994,801290.ZICN,801290,上海申银万国证券研究所有限公司,申万基础化工,XSHG,2014-02-14,2134.2,2135.53,2117.0,2188.38,2171.53,1434890000.0,14465600000.0,37.33,0.017491
875412,801290.ZICN,801290,上海申银万国证券研究所有限公司,申万基础化工,XSHG,2014-02-17,2171.53,2181.89,2153.56,2225.36,2201.43,1705610000.0,16961900000.0,29.9,0.013769
875830,801290.ZICN,801290,上海申银万国证券研究所有限公司,申万基础化工,XSHG,2014-02-18,2201.43,2201.33,2160.6,2241.19,2198.29,1933440000.0,20238000000.0,-3.14,-0.001426
876248,801290.ZICN,801290,上海申银万国证券研究所有限公司,申万基础化工,XSHG,2014-02-19,2198.29,2197.12,2161.16,2241.2,2202.34,1819030000.0,17853100000.0,4.05,0.001842
876666,801290.ZICN,801290,上海申银万国证券研究所有限公司,申万基础化工,XSHG,2014-02-20,2202.34,2204.91,2148.48,2245.67,2178.93,1888110000.0,18479200000.0,-23.41,-0.01063
877076,801290.ZICN,801290,上海申银万国证券研究所有限公司,申万基础化工,XSHG,2014-02-21,2178.93,2171.56,2124.86,2204.47,2158.96,1613510000.0,14391200000.0,-19.97,-0.009165000000000001
877468,801290.ZICN,801290,上海申银万国证券研究所有限公司,申万基础化工,XSHG,2014-02-24,2158.96,2148.55,2096.45,2183.29,2147.67,1513110000.0,15158200000.0,-11.29,-0.005229
877856,801290.ZICN,801290,上海申银万国证券研究所有限公司,申万基础化工,XSHG,2014-02-25,2147.67,2148.66,2035.17,2184.94,2064.81,1873830000.0,19007900000.0,-82.86,-0.038581
878244,801290.ZICN,801290,上海申银万国证券研究所有限公司,申万基础化工,XSHG,2014-02-26,2064.81,2053.08,2007.74,2103.43,2079.64,1447880000.0,14277200000.0,14.83,0.007181999999999999
878632,801290.ZICN,801290,上海申银万国证券研究所有限公司,申万基础化工,XSHG,2014-02-27,2079.64,2083.22,2030.0,2126.74,2055.35,1687840000.0,16617400000.0,-24.29,-0.01168
879020,801290.ZICN,801290,上海申银万国证券研究所有限公司,申万基础化工,XSHG,2014-02-28,2055.35,2047.48,1999.99,2094.31,2071.15,1419500000.0,13432900000.0,15.8,0.007687
879408,801290.ZICN,801290,上海申银万国证券研究所有限公司,申万基础化工,XSHG,2014-03-03,2071.15,2069.01,2050.23,2135.18,2116.2,1525000000.0,14663900000.0,45.05,0.021751
879796,801290.ZICN,801290,上海申银万国证券研究所有限公司,申万基础化工,XSHG,2014-03-04,2116.2,2110.19,2071.73,2148.41,2118.88,1520740000.0,15119700000.0,2.68,0.001266
880184,801290.ZICN,801290,上海申银万国证券研究所有限公司,申万基础化工,XSHG,2014-03-05,2118.88,2121.41,2084.35,2153.64,2108.35,1353550000.0,13212500000.0,-10.53,-0.0049700000000000005
880572,801290.ZICN,801290,上海申银万国证券研究所有限公司,申万基础化工,XSHG,2014-03-06,2108.35,2101.7,2064.59,2139.48,2110.95,1302530000.0,12668400000.0,2.6,0.001233
880960,801290.ZICN,801290,上海申银万国证券研究所有限公司,申万基础化工,XSHG,2014-03-07,2110.95,2109.07,2078.62,2148.73,2111.5,1256890000.0,12504900000.0,0.55,0.000261
881348,801290.ZICN,801290,上海申银万国证券研究所有限公司,申万基础化工,XSHG,2014-03-10,2111.5,2098.15,2027.46,2131.23,2052.9,1548450000.0,14499400000.0,-58.6,-0.027752999999999996
881736,801290.ZICN,801290,上海申银万国证券研究所有限公司,申万基础化工,XSHG,2014-03-11,2052.9,2050.72,2017.84,2103.43,2072.04,1453060000.0,13126100000.0,19.14,0.009323
882124,801290.ZICN,801290,上海申银万国证券研究所有限公司,申万基础化工,XSHG,2014-03-12,2072.04,2062.57,2015.34,2105.91,2066.52,1446040000.0,12518500000.0,-5.52,-0.002664
882512,801290.ZICN,801290,上海申银万国证券研究所有限公司,申万基础化工,XSHG,2014-03-13,2066.52,2066.87,2045.29,2113.46,2087.58,1433730000.0,12103200000.0,21.06,0.010191
882900,801290.ZICN,801290,上海申银万国证券研究所有限公司,申万基础化工,XSHG,2014-03-14,2087.58,2078.78,2047.05,2122.83,2089.71,1426670000.0,11920200000.0,2.13,0.0010199999999999999
883288,801290.ZICN,801290,上海申银万国证券研究所有限公司,申万基础化工,XSHG,2014-03-17,2089.71,2089.47,2067.66,2148.49,2130.5,1528900000.0,13639300000.0,40.79,0.019518999999999998
883676,801290.ZICN,801290,上海申银万国证券研究所有限公司,申万基础化工,XSHG,2014-03-18,2130.5,2131.27,2098.44,2164.81,2128.9,1511800000.0,14410900000.0,-1.6,-0.0007509999999999999
884064,801290.ZICN,801290,上海申银万国证券研究所有限公司,申万基础化工,XSHG,2014-03-19,2128.9,2122.33,2086.41,2169.9,2143.93,1870150000.0,15828000000.0,15.03,0.0070599999999999994
884452,801290.ZICN,801290,上海申银万国证券研究所有限公司,申万基础化工,XSHG,2014-03-20,2143.93,2133.22,2074.71,2173.53,2095.32,1943680000.0,15710100000.0,-48.61,-0.022673
884840,801290.ZICN,801290,上海申银万国证券研究所有限公司,申万基础化工,XSHG,2014-03-21,2095.32,2081.13,2045.86,2149.52,2131.37,1733520000.0,14194800000.0,36.05,0.017205
885228,801290.ZICN,801290,上海申银万国证券研究所有限公司,申万基础化工,XSHG,2014-03-24,2131.37,2127.06,2098.52,2174.19,2144.83,1800040000.0,14729100000.0,13.46,0.006314999999999999
885616,801290.ZICN,801290,上海申银万国证券研究所有限公司,申万基础化工,XSHG,2014-03-25,2144.83,2136.84,2105.29,2175.39,2143.6,1653510000.0,13277200000.0,-1.23,-0.000573
886004,801290.ZICN,801290,上海申银万国证券研究所有限公司,申万基础化工,XSHG,2014-03-26,2143.6,2142.77,2115.7,2178.65,2150.05,1369710000.0,11879200000.0,6.45,0.003009
886392,801290.ZICN,801290,上海申银万国证券研究所有限公司,申万基础化工,XSHG,2014-03-27,2150.05,2152.98,2099.08,2181.43,2117.78,1617660000.0,14688000000.0,-32.27,-0.015009
886780,801290.ZICN,801290,上海申银万国证券研究所有限公司,申万基础化工,XSHG,2014-03-28,2117.78,2116.68,2058.97,2150.06,2081.65,1756280000.0,15116700000.0,-36.13,-0.01706
887168,801290.ZICN,801290,上海申银万国证券研究所有限公司,申万基础化工,XSHG,2014-03-31,2081.65,2081.5,2038.23,2121.45,2076.57,1329520000.0,11532500000.0,-5.08,-0.00244
887556,801290.ZICN,801290,上海申银万国证券研究所有限公司,申万基础化工,XSHG,2014-04-01,2076.57,2074.64,2056.55,2123.13,2105.94,1174840000.0,10550500000.0,29.37,0.014144
887944,801290.ZICN,801290,上海申银万国证券研究所有限公司,申万基础化工,XSHG,2014-04-02,2105.94,2106.3,2074.69,2136.89,2102.85,1214720000.0,10532300000.0,-3.09,-0.001467
888332,801290.ZICN,801290,上海申银万国证券研究所有限公司,申万基础化工,XSHG,2014-04-03,2102.85,2105.23,2073.84,2136.22,2103.08,1283950000.0,11198700000.0,0.23,0.000109
888720,801290.ZICN,801290,上海申银万国证券研究所有限公司,申万基础化工,XSHG,2014-04-04,2103.08,2097.38,2079.27,2146.22,2129.88,1234470000.0,11260100000.0,26.8,0.012743
889108,801290.ZICN,801290,上海申银万国证券研究所有限公司,申万基础化工,XSHG,2014-04-08,2129.88,2122.0,2101.95,2170.68,2147.41,1413760000.0,13280300000.0,17.53,0.008231
889496,801290.ZICN,801290,上海申银万国证券研究所有限公司,申万基础化工,XSHG,2014-04-09,2147.41,2146.48,2127.28,2184.74,2165.26,1402460000.0,12979000000.0,17.85,0.008312
889888,801290.ZICN,801290,上海申银万国证券研究所有限公司,申万基础化工,XSHG,2014-04-10,2165.26,2164.55,2137.15,2196.06,2162.39,1545490000.0,14111500000.0,-2.87,-0.001325
890276,801290.ZICN,801290,上海申银万国证券研究所有限公司,申万基础化工,XSHG,2014-04-11,2162.39,2155.39,2127.52,2192.13,2159.76,1337510000.0,12364500000.0,-2.63,-0.001216
890664,801290.ZICN,801290,上海申银万国证券研究所有限公司,申万基础化工,XSHG,2014-04-14,2159.76,2155.57,2131.71,2193.74,2172.0,1312510000.0,11780800000.0,12.24,0.005667
891052,801290.ZICN,801290,上海申银万国证券研究所有限公司,申万基础化工,XSHG,2014-04-15,2172.0,2167.92,2127.51,2192.11,2149.77,1369880000.0,12615300000.0,-22.23,-0.010235
891440,801290.ZICN,801290,上海申银万国证券研究所有限公司,申万基础化工,XSHG,2014-04-16,2149.77,2142.6,2118.1,2172.34,2147.15,1004800000.0,9312710000.0,-2.62,-0.001219
891828,801290.ZICN,801290,上海申银万国证券研究所有限公司,申万基础化工,XSHG,2014-04-17,2147.15,2149.41,2125.97,2179.5,2149.92,1092890000.0,9972750000.0,2.77,0.0012900000000000001
892216,801290.ZICN,801290,上海申银万国证券研究所有限公司,申万基础化工,XSHG,2014-04-18,2149.92,2144.9,2124.67,2177.89,2159.56,1071250000.0,9369800000.0,9.64,0.004484
892604,801290.ZICN,801290,上海申银万国证券研究所有限公司,申万基础化工,XSHG,2014-04-21,2159.56,2144.18,2106.84,2182.47,2131.39,1261860000.0,10926300000.0,-28.17,-0.013044
892992,801290.ZICN,801290,上海申银万国证券研究所有限公司,申万基础化工,XSHG,2014-04-22,2131.39,2123.97,2073.39,2155.51,2115.45,1373790000.0,11548400000.0,-15.94,-0.007479
893380,801290.ZICN,801290,上海申银万国证券研究所有限公司,申万基础化工,XSHG,2014-04-23,2115.45,2109.19,2076.57,2140.29,2104.72,1138470000.0,9522190000.0,-10.73,-0.005072
893768,801290.ZICN,801290,上海申银万国证券研究所有限公司,申万基础化工,XSHG,2014-04-24,2104.72,2098.74,2058.85,2125.33,2083.36,1121780000.0,9049630000.0,-21.36,-0.010149
894156,801290.ZICN,801290,上海申银万国证券研究所有限公司,申万基础化工,XSHG,2014-04-25,2083.36,2081.65,2026.49,2109.82,2043.57,1336430000.0,10400500000.0,-39.79,-0.019099
894544,801290.ZICN,801290,上海申银万国证券研究所有限公司,申万基础化工,XSHG,2014-04-28,2043.57,2034.32,1946.43,2054.16,1970.76,1233400000.0,10014400000.0,-72.81,-0.035629
894932,801290.ZICN,801290,上海申银万国证券研究所有限公司,申万基础化工,XSHG,2014-04-29,1970.76,1962.98,1943.21,2008.43,1993.45,930660000.0,7431100000.0,22.69,0.011512999999999999
895320,801290.ZICN,801290,上海申银万国证券研究所有限公司,申万基础化工,XSHG,2014-04-30,1993.45,1990.5,1964.75,2027.73,2003.95,952500000.0,7811900000.0,10.5,0.005267
895708,801290.ZICN,801290,上海申银万国证券研究所有限公司,申万基础化工,XSHG,2014-05-05,2003.95,1997.53,1974.4,2038.97,2023.7,1046440000.0,8491770000.0,19.75,0.009856
896096,801290.ZICN,801290,上海申银万国证券研究所有限公司,申万基础化工,XSHG,2014-05-06,2023.7,2021.1,2004.61,2063.04,2037.14,1104710000.0,9196150000.0,13.44,0.006640999999999999
896484,801290.ZICN,801290,上海申银万国证券研究所有限公司,申万基础化工,XSHG,2014-05-07,2037.14,2028.52,1986.48,2050.4,2004.67,1050660000.0,8879540000.0,-32.47,-0.015939
896872,801290.ZICN,801290,上海申银万国证券研究所有限公司,申万基础化工,XSHG,2014-05-08,2004.67,1995.35,1976.94,2044.36,2004.74,1209030000.0,9483080000.0,0.07,3.5e-05
897260,801290.ZICN,801290,上海申银万国证券研究所有限公司,申万基础化工,XSHG,2014-05-09,2004.74,2000.41,1955.24,2024.37,1985.59,1046140000.0,8283120000.0,-19.15,-0.009552
897648,801290.ZICN,801290,上海申银万国证券研究所有限公司,申万基础化工,XSHG,2014-05-12,1985.59,1999.77,1978.55,2055.57,2040.84,1372430000.0,11301400000.0,55.25,0.027825
898036,801290.ZICN,801290,上海申银万国证券研究所有限公司,申万基础化工,XSHG,2014-05-13,2040.84,2040.19,2012.51,2068.52,2036.21,1342560000.0,10672400000.0,-4.63,-0.002269
898424,801290.ZICN,801290,上海申银万国证券研究所有限公司,申万基础化工,XSHG,2014-05-14,2036.21,2031.12,2008.07,2060.49,2033.97,926910000.0,8304990000.0,-2.24,-0.0011
898812,801290.ZICN,801290,上海申银万国证券研究所有限公司,申万基础化工,XSHG,2014-05-15,2033.97,2027.04,1970.3,2043.57,1985.73,986350000.0,8780830000.0,-48.24,-0.023717
899200,801290.ZICN,801290,上海申银万国证券研究所有限公司,申万基础化工,XSHG,2014-05-16,1985.73,1978.63,1947.37,2006.49,1983.82,916650000.0,7518260000.0,-1.91,-0.000962
899592,801290.ZICN,801290,上海申银万国证券研究所有限公司,申万基础化工,XSHG,2014-05-19,1983.82,1977.04,1947.14,2001.91,1976.03,792760000.0,6382820000.0,-7.79,-0.003927
899980,801290.ZICN,801290,上海申银万国证券研究所有限公司,申万基础化工,XSHG,2014-05-20,1976.03,1984.54,1965.02,2016.68,1982.36,915080000.0,7501360000.0,6.33,0.003203
900368,801290.ZICN,801290,上海申银万国证券研究所有限公司,申万基础化工,XSHG,2014-05-21,1982.36,1975.47,1952.32,2006.21,1995.78,809090000.0,6548860000.0,13.42,0.00677
900756,801290.ZICN,801290,上海申银万国证券研究所有限公司,申万基础化工,XSHG,2014-05-22,1995.78,1995.38,1976.12,2030.87,1991.26,1060570000.0,8688770000.0,-4.52,-0.0022649999999999997
901144,801290.ZICN,801290,上海申银万国证券研究所有限公司,申万基础化工,XSHG,2014-05-23,1991.26,1988.24,1969.4,2014.68,2002.83,796720000.0,6650710000.0,11.57,0.00581
901532,801290.ZICN,801290,上海申银万国证券研究所有限公司,申万基础化工,XSHG,2014-05-26,2002.83,2008.48,1990.65,2038.15,2021.53,957100000.0,8270520000.0,18.7,0.009337
901920,801290.ZICN,801290,上海申银万国证券研究所有限公司,申万基础化工,XSHG,2014-05-27,2021.53,2019.42,1993.03,2042.99,2013.13,994300000.0,8109230000.0,-8.4,-0.004155
902308,801290.ZICN,801290,上海申银万国证券研究所有限公司,申万基础化工,XSHG,2014-05-28,2013.13,2010.32,1989.64,2038.42,2026.18,1078580000.0,8764540000.0,13.05,0.006481999999999999
902696,801290.ZICN,801290,上海申银万国证券研究所有限公司,申万基础化工,XSHG,2014-05-29,2026.18,2026.32,1992.42,2047.73,2006.66,1075760000.0,8838340000.0,-19.52,-0.009634
903084,801290.ZICN,801290,上海申银万国证券研究所有限公司,申万基础化工,XSHG,2014-05-30,2006.66,2004.88,1981.57,2030.26,2007.51,910470000.0,7299290000.0,0.85,0.000424
903472,801290.ZICN,801290,上海申银万国证券研究所有限公司,申万基础化工,XSHG,2014-06-03,2007.51,2009.05,1989.1,2036.26,2007.92,876760000.0,6968140000.0,0.41,0.000204
903860,801290.ZICN,801290,上海申银万国证券研究所有限公司,申万基础化工,XSHG,2014-06-04,2007.92,2006.73,1968.05,2022.05,1991.85,886310000.0,7246710000.0,-16.07,-0.008003
904248,801290.ZICN,801290,上海申银万国证券研究所有限公司,申万基础化工,XSHG,2014-06-05,1991.85,1990.24,1973.19,2019.78,2009.82,965700000.0,7645800000.0,17.97,0.009022
904636,801290.ZICN,801290,上海申银万国证券研究所有限公司,申万基础化工,XSHG,2014-06-06,2009.82,2010.21,1981.19,2031.17,2002.11,1060090000.0,8394430000.0,-7.71,-0.003836
905024,801290.ZICN,801290,上海申银万国证券研究所有限公司,申万基础化工,XSHG,2014-06-09,2002.11,1994.23,1970.32,2018.5,1990.43,908840000.0,7748960000.0,-11.68,-0.005834000000000001
905412,801290.ZICN,801290,上海申银万国证券研究所有限公司,申万基础化工,XSHG,2014-06-10,1990.43,1991.37,1971.4,2025.72,2013.71,1098180000.0,9181820000.0,23.28,0.011696
905800,801290.ZICN,801290,上海申银万国证券研究所有限公司,申万基础化工,XSHG,2014-06-11,2013.71,2008.89,1989.16,2034.8,2017.26,1004970000.0,8694050000.0,3.55,0.0017629999999999998
906188,801290.ZICN,801290,上海申银万国证券研究所有限公司,申万基础化工,XSHG,2014-06-12,2017.26,2013.15,1990.42,2041.67,2019.44,1226570000.0,10342300000.0,2.18,0.0010810000000000001
906576,801290.ZICN,801290,上海申银万国证券研究所有限公司,申万基础化工,XSHG,2014-06-13,2019.44,2016.1,2001.63,2057.01,2039.95,1283380000.0,11374500000.0,20.51,0.010156
906964,801290.ZICN,801290,上海申银万国证券研究所有限公司,申万基础化工,XSHG,2014-06-16,2039.95,2037.27,2020.08,2067.58,2050.09,1254290000.0,11140400000.0,10.14,0.004971
907352,801290.ZICN,801290,上海申银万国证券研究所有限公司,申万基础化工,XSHG,2014-06-17,2050.09,2048.09,2016.78,2067.31,2033.52,1173960000.0,9984130000.0,-16.57,-0.008083
907740,801290.ZICN,801290,上海申银万国证券研究所有限公司,申万基础化工,XSHG,2014-06-18,2033.52,2028.86,1992.6,2057.3,2018.37,1314930000.0,10627600000.0,-15.15,-0.00745
908128,801290.ZICN,801290,上海申银万国证券研究所有限公司,申万基础化工,XSHG,2014-06-19,2018.37,2014.93,1945.67,2036.5,1966.37,1265650000.0,10322000000.0,-52.0,-0.025763
908516,801290.ZICN,801290,上海申银万国证券研究所有限公司,申万基础化工,XSHG,2014-06-20,1966.37,1962.21,1943.53,1997.92,1984.2,871240000.0,7358050000.0,17.83,0.009067
908904,801290.ZICN,801290,上海申银万国证券研究所有限公司,申万基础化工,XSHG,2014-06-23,1984.2,1984.08,1966.75,2015.95,1994.73,919930000.0,8042100000.0,10.53,0.005307
909292,801290.ZICN,801290,上海申银万国证券研究所有限公司,申万基础化工,XSHG,2014-06-24,1994.73,1992.63,1975.13,2028.62,2010.62,980610000.0,9117920000.0,15.89,0.007965999999999999
909680,801290.ZICN,801290,上海申银万国证券研究所有限公司,申万基础化工,XSHG,2014-06-25,2010.62,2006.02,1979.93,2026.59,2001.86,890790000.0,8006980000.0,-8.76,-0.004357
910068,801290.ZICN,801290,上海申银万国证券研究所有限公司,申万基础化工,XSHG,2014-06-26,2001.86,2002.36,1993.76,2045.32,2029.54,1120400000.0,10286800000.0,27.68,0.013827
910456,801290.ZICN,801290,上海申银万国证券研究所有限公司,申万基础化工,XSHG,2014-06-27,2029.54,2029.44,2010.76,2073.32,2047.95,1393460000.0,12511300000.0,18.41,0.009071
910844,801290.ZICN,801290,上海申银万国证券研究所有限公司,申万基础化工,XSHG,2014-06-30,2047.95,2050.61,2031.52,2091.12,2072.62,1423020000.0,12676000000.0,24.67,0.012046
911232,801290.ZICN,801290,上海申银万国证券研究所有限公司,申万基础化工,XSHG,2014-07-01,2072.62,2071.9,2047.38,2102.48,2080.18,1430860000.0,12259700000.0,7.56,0.0036479999999999998
911620,801290.ZICN,801290,上海申银万国证券研究所有限公司,申万基础化工,XSHG,2014-07-02,2080.18,2078.17,2052.88,2109.3,2088.48,1489880000.0,12365200000.0,8.3,0.00399
912008,801290.ZICN,801290,上海申银万国证券研究所有限公司,申万基础化工,XSHG,2014-07-03,2088.48,2088.93,2066.85,2125.04,2104.16,1716390000.0,13477900000.0,15.68,0.007508
912396,801290.ZICN,801290,上海申银万国证券研究所有限公司,申万基础化工,XSHG,2014-07-04,2104.16,2103.17,2075.65,2134.02,2099.37,1572280000.0,13121400000.0,-4.79,-0.0022760000000000002
912784,801290.ZICN,801290,上海申银万国证券研究所有限公司,申万基础化工,XSHG,2014-07-07,2099.37,2097.62,2068.57,2134.0,2104.94,1591140000.0,13222200000.0,5.57,0.002653
913172,801290.ZICN,801290,上海申银万国证券研究所有限公司,申万基础化工,XSHG,2014-07-08,2104.94,2099.28,2072.97,2139.89,2119.26,1645460000.0,13732500000.0,14.32,0.006803
913560,801290.ZICN,801290,上海申银万国证券研究所有限公司,申万基础化工,XSHG,2014-07-09,2119.26,2114.81,2069.19,2142.65,2081.7,1706580000.0,14897900000.0,-37.56,-0.017723
913948,801290.ZICN,801290,上海申银万国证券研究所有限公司,申万基础化工,XSHG,2014-07-10,2081.7,2077.96,2052.02,2116.24,2080.63,1403370000.0,12145400000.0,-1.07,-0.0005139999999999999
914336,801290.ZICN,801290,上海申银万国证券研究所有限公司,申万基础化工,XSHG,2014-07-11,2080.63,2077.36,2061.91,2131.53,2106.33,1581830000.0,13478900000.0,25.7,0.012352
914724,801290.ZICN,801290,上海申银万国证券研究所有限公司,申万基础化工,XSHG,2014-07-14,2106.33,2106.32,2082.26,2151.16,2134.83,1682350000.0,14474400000.0,28.5,0.013531
915112,801290.ZICN,801290,上海申银万国证券研究所有限公司,申万基础化工,XSHG,2014-07-15,2134.83,2130.63,2097.96,2164.35,2135.73,1624330000.0,14628500000.0,0.9,0.00042199999999999996
915500,801290.ZICN,801290,上海申银万国证券研究所有限公司,申万基础化工,XSHG,2014-07-16,2135.73,2132.63,2098.72,2165.76,2125.38,1497540000.0,13056200000.0,-10.35,-0.0048460000000000005
915888,801290.ZICN,801290,上海申银万国证券研究所有限公司,申万基础化工,XSHG,2014-07-17,2125.38,2124.88,2085.22,2147.96,2117.02,1140440000.0,10015900000.0,-8.36,-0.003933
916276,801290.ZICN,801290,上海申银万国证券研究所有限公司,申万基础化工,XSHG,2014-07-18,2117.02,2108.7,2087.82,2150.28,2120.39,1170250000.0,10386800000.0,3.37,0.001592
916664,801290.ZICN,801290,上海申银万国证券研究所有限公司,申万基础化工,XSHG,2014-07-21,2120.39,2117.65,2086.86,2147.94,2115.47,1126080000.0,9833880000.0,-4.92,-0.00232
917052,801290.ZICN,801290,上海申银万国证券研究所有限公司,申万基础化工,XSHG,2014-07-22,2115.47,2113.79,2097.02,2163.65,2140.59,1399660000.0,12508100000.0,25.12,0.011874
917440,801290.ZICN,801290,上海申银万国证券研究所有限公司,申万基础化工,XSHG,2014-07-23,2140.59,2142.7,2105.03,2177.17,2132.54,1741250000.0,14429400000.0,-8.05,-0.003761
917832,801290.ZICN,801290,上海申银万国证券研究所有限公司,申万基础化工,XSHG,2014-07-24,2132.54,2129.91,2088.53,2166.5,2132.38,1677970000.0,13795800000.0,-0.16,-7.5e-05
918220,801290.ZICN,801290,上海申银万国证券研究所有限公司,申万基础化工,XSHG,2014-07-25,2132.38,2133.52,2110.57,2172.99,2153.11,1538860000.0,12303000000.0,20.73,0.009722
918608,801290.ZICN,801290,上海申银万国证券研究所有限公司,申万基础化工,XSHG,2014-07-28,2153.11,2156.45,2138.96,2202.94,2184.1,2121290000.0,17393500000.0,30.99,0.014393000000000001
918996,801290.ZICN,801290,上海申银万国证券研究所有限公司,申万基础化工,XSHG,2014-07-29,2184.1,2183.4,2164.84,2236.13,2209.06,2180750000.0,18086800000.0,24.96,0.011428
919384,801290.ZICN,801290,上海申银万国证券研究所有限公司,申万基础化工,XSHG,2014-07-30,2209.06,2203.91,2181.94,2246.72,2218.47,1978780000.0,16603000000.0,9.41,0.00426
919772,801290.ZICN,801290,上海申银万国证券研究所有限公司,申万基础化工,XSHG,2014-07-31,2218.47,2217.52,2191.74,2253.24,2234.34,1781430000.0,15422000000.0,15.87,0.007154000000000001
920160,801290.ZICN,801290,上海申银万国证券研究所有限公司,申万基础化工,XSHG,2014-08-01,2234.34,2227.02,2190.41,2266.51,2212.37,2099760000.0,18001600000.0,-21.97,-0.009833
920548,801290.ZICN,801290,上海申银万国证券研究所有限公司,申万基础化工,XSHG,2014-08-04,2212.37,2213.26,2196.43,2272.24,2254.24,1965060000.0,17227800000.0,41.87,0.018925
920936,801290.ZICN,801290,上海申银万国证券研究所有限公司,申万基础化工,XSHG,2014-08-05,2254.24,2252.14,2222.53,2289.91,2265.97,2059420000.0,17600200000.0,11.73,0.005204
921324,801290.ZICN,801290,上海申银万国证券研究所有限公司,申万基础化工,XSHG,2014-08-06,2265.97,2259.48,2232.02,2295.85,2269.82,1885690000.0,16335000000.0,3.85,0.0016989999999999998
921712,801290.ZICN,801290,上海申银万国证券研究所有限公司,申万基础化工,XSHG,2014-08-07,2269.82,2266.97,2229.6,2296.19,2246.37,1754750000.0,15151000000.0,-23.45,-0.010331
922100,801290.ZICN,801290,上海申银万国证券研究所有限公司,申万基础化工,XSHG,2014-08-08,2246.37,2247.24,2229.45,2291.4,2267.57,1609900000.0,14118200000.0,21.2,0.009437000000000001
922488,801290.ZICN,801290,上海申银万国证券研究所有限公司,申万基础化工,XSHG,2014-08-11,2267.57,2267.92,2252.88,2324.38,2305.98,2007680000.0,18100400000.0,38.41,0.016939
922876,801290.ZICN,801290,上海申银万国证券研究所有限公司,申万基础化工,XSHG,2014-08-12,2305.98,2303.75,2276.36,2343.96,2315.51,1972330000.0,18309400000.0,9.53,0.0041329999999999995
923264,801290.ZICN,801290,上海申银万国证券研究所有限公司,申万基础化工,XSHG,2014-08-13,2315.51,2314.17,2269.2,2345.79,2314.31,2018710000.0,18309400000.0,-1.2,-0.000518
923654,801290.ZICN,801290,上海申银万国证券研究所有限公司,申万基础化工,XSHG,2014-08-14,2314.31,2310.2,2278.02,2348.78,2300.49,1976210000.0,17663800000.0,-13.82,-0.005972
924044,801290.ZICN,801290,上海申银万国证券研究所有限公司,申万基础化工,XSHG,2014-08-15,2300.49,2301.18,2283.59,2357.99,2334.9,1905010000.0,17420200000.0,34.41,0.014958
924434,801290.ZICN,801290,上海申银万国证券研究所有限公司,申万基础化工,XSHG,2014-08-18,2334.9,2340.31,2319.53,2396.65,2372.31,2268460000.0,21766000000.0,37.41,0.016022
924824,801290.ZICN,801290,上海申银万国证券研究所有限公司,申万基础化工,XSHG,2014-08-19,2372.31,2371.78,2334.13,2404.33,2371.05,2216510000.0,21233300000.0,-1.26,-0.000531
925214,801290.ZICN,801290,上海申银万国证券研究所有限公司,申万基础化工,XSHG,2014-08-20,2371.05,2367.36,2336.42,2402.4,2365.71,2082140000.0,19241100000.0,-5.34,-0.002252
925604,801290.ZICN,801290,上海申银万国证券研究所有限公司,申万基础化工,XSHG,2014-08-21,2365.71,2362.92,2320.63,2395.15,2362.35,1910990000.0,17500900000.0,-3.36,-0.0014199999999999998
925994,801290.ZICN,801290,上海申银万国证券研究所有限公司,申万基础化工,XSHG,2014-08-22,2362.35,2358.63,2333.29,2398.31,2373.57,1729990000.0,16292400000.0,11.22,0.00475
926384,801290.ZICN,801290,上海申银万国证券研究所有限公司,申万基础化工,XSHG,2014-08-25,2373.57,2371.08,2331.24,2400.83,2357.6,1659190000.0,15783700000.0,-15.97,-0.0067280000000000005
926774,801290.ZICN,801290,上海申银万国证券研究所有限公司,申万基础化工,XSHG,2014-08-26,2357.6,2349.96,2285.63,2378.86,2309.14,1808380000.0,16914200000.0,-48.46,-0.020555
927164,801290.ZICN,801290,上海申银万国证券研究所有限公司,申万基础化工,XSHG,2014-08-27,2309.14,2302.58,2281.99,2350.15,2322.76,1371380000.0,12941100000.0,13.62,0.005898
927554,801290.ZICN,801290,上海申银万国证券研究所有限公司,申万基础化工,XSHG,2014-08-28,2322.76,2319.78,2272.15,2350.91,2300.86,1592280000.0,14958600000.0,-21.9,-0.009428
927944,801290.ZICN,801290,上海申银万国证券研究所有限公司,申万基础化工,XSHG,2014-08-29,2300.86,2156.5,2137.47,2197.87,2327.47,1194120000.0,11149400000.0,26.61,0.011565
