time,open,high,low,close,volume,numEvents
2024-11-18 14:30:00,152.59,154.98,152.33,154.95,433786,1482
2024-11-18 15:00:00,154.88,155.33,154.09,154.1,362412,1461
2024-11-18 15:30:00,154.08,154.25,153.96,154.12,172543,1204
2024-11-18 16:00:00,154.125,154.44,153.615,153.72,184205,1173
2024-11-18 16:30:00,153.74,153.84,153.46,153.49,123200,762
2024-11-18 17:00:00,153.485,153.99,153.47,153.974,132770,806
2024-11-18 17:30:00,153.955,154.22,153.94,154.185,148616,972
2024-11-18 18:00:00,154.18,154.41,154.125,154.41,180995,948
2024-11-18 18:30:00,154.4,154.54,154.26,154.45,172108,864
2024-11-18 19:00:00,154.43,154.77,154.182,154.764,201551,1041
2024-11-18 19:30:00,154.76,155.15,154.6,154.76,251782,1433
2024-11-18 20:00:00,154.75,154.76,154.46,154.64,266794,1513
2024-11-18 20:30:00,154.65,154.92,154.57,154.77,690775,4827
2024-11-18 21:00:00,154.77,154.77,154.77,154.77,1951907,3
2024-11-19 14:30:00,153.945,153.99,152.05,152.185,659379,3408
2024-11-19 15:00:00,152.185,152.88,152.16,152.545,261174,1763
2024-11-19 15:30:00,152.53,153.08,152.5,152.805,192317,1231
2024-11-19 16:00:00,152.8,152.81,152.16,152.38,210054,1552
2024-11-19 16:30:00,152.395,152.395,152.06,152.35,187060,1212
2024-11-19 17:00:00,152.35,152.77,152.32,152.745,194996,1229
2024-11-19 17:30:00,152.745,152.97,152.66,152.66,173830,1045
2024-11-19 18:00:00,152.675,152.78,152.62,152.685,130997,746
2024-11-19 18:30:00,152.68,152.95,152.62,152.82,210159,965
2024-11-19 19:00:00,152.81,152.96,152.68,152.79,171927,1070
2024-11-19 19:30:00,152.78,152.78,152.34,152.505,379582,1421
2024-11-19 20:00:00,152.51,152.75,152.37,152.595,287678,1537
2024-11-19 20:30:00,152.6,152.98,152.46,152.96,1006196,5822
2024-11-19 21:00:00,153.0,153.0,153.0,153.0,2009502,3
2024-11-20 14:30:00,153.03,153.25,151.81,152.54,376039,1674
2024-11-20 15:00:00,152.56,152.79,152.28,152.64,187178,1114
2024-11-20 15:30:00,152.65,152.745,152.14,152.335,141512,916
2024-11-20 16:00:00,152.34,152.57,152.17,152.28,161531,918
2024-11-20 16:30:00,152.282,152.377,152.04,152.265,128845,607
2024-11-20 17:00:00,152.26,152.42,151.91,151.932,99245,631
2024-11-20 17:30:00,151.94,152.56,151.91,152.32,131271,703
2024-11-20 18:00:00,152.33,152.79,152.26,152.74,148748,822
2024-11-20 18:30:00,152.751,152.805,152.48,152.75,145194,814
2024-11-20 19:00:00,152.75,152.78,152.59,152.695,152849,778
2024-11-20 19:30:00,152.695,152.913,152.66,152.85,146545,860
2024-11-20 20:00:00,152.84,152.93,152.64,152.765,232705,1533
2024-11-20 20:30:00,152.78,153.22,152.77,153.095,490577,3022
2024-11-20 21:00:00,153.11,153.11,153.11,153.11,981824,3
2024-11-21 14:30:00,153.62,153.98,152.81,153.09,526639,2243
2024-11-21 15:00:00,153.1,153.5,153.01,153.3,329676,1601
2024-11-21 15:30:00,153.29,154.245,153.279,154.225,306303,1742
2024-11-21 16:00:00,154.225,154.585,154.114,154.45,307365,1753
2024-11-21 16:30:00,154.46,154.805,154.41,154.69,431541,2084
2024-11-21 17:00:00,154.69,155.08,154.409,155.08,262585,1244
2024-11-21 17:30:00,155.04,155.52,155.007,155.37,264082,1606
2024-11-21 18:00:00,155.38,155.79,155.24,155.665,413070,1980
2024-11-21 18:30:00,155.64,155.78,155.393,155.48,310734,2023
2024-11-21 19:00:00,155.48,155.7,155.315,155.69,342131,1922
2024-11-21 19:30:00,155.69,155.91,155.6,155.86,273435,1622
2024-11-21 20:00:00,155.85,156.06,155.62,155.7,373332,2183
2024-11-21 20:30:00,155.7,155.9,155.44,155.49,672102,3910
2024-11-21 21:00:00,155.5,155.5,155.5,155.5,1521615,3
2024-11-22 14:30:00,155.9,157.085,155.69,156.84,626849,3281
2024-11-22 15:00:00,156.84,157.115,156.25,156.27,375108,2354
2024-11-22 15:30:00,156.24,156.365,154.83,155.14,457221,2548
2024-11-22 16:00:00,155.15,155.22,154.11,154.29,311417,1619
2024-11-22 16:30:00,154.28,154.73,154.13,154.6,259018,1317
2024-11-22 17:00:00,154.61,155.0,154.58,154.84,145176,843
2024-11-22 17:30:00,154.842,155.04,154.7,155.03,143898,828
2024-11-22 18:00:00,155.04,155.161,154.74,154.845,161663,872
2024-11-22 18:30:00,154.837,154.91,154.58,154.74,193092,984
2024-11-22 19:00:00,154.72,154.8,154.53,154.79,227554,970
2024-11-22 19:30:00,154.79,155.28,154.79,154.945,283022,1339
2024-11-22 20:00:00,154.95,155.0,154.461,154.75,305351,1626
2024-11-22 20:30:00,154.75,155.34,154.66,155.11,623044,3792
2024-11-22 21:00:00,155.17,155.17,155.17,155.17,1028489,3
2024-11-25 14:30:00,155.17,157.035,155.14,156.625,495797,2333
2024-11-25 15:00:00,156.6,156.7,156.17,156.57,191288,978
2024-11-25 15:30:00,156.58,156.639,156.13,156.19,248737,1542
2024-11-25 16:00:00,156.18,156.59,156.16,156.25,222427,1390
2024-11-25 16:30:00,156.24,156.53,156.11,156.202,334933,2340
2024-11-25 17:00:00,156.2,156.47,155.87,155.96,114817,778
2024-11-25 17:30:00,155.96,156.0,155.65,155.775,127382,815
2024-11-25 18:00:00,155.76,156.0,155.74,155.75,116513,716
2024-11-25 18:30:00,155.77,156.052,155.725,156.0,130843,876
2024-11-25 19:00:00,155.995,156.09,155.73,155.78,168531,971
2024-11-25 19:30:00,155.775,155.88,155.69,155.81,139562,918
2024-11-25 20:00:00,155.817,155.94,155.695,155.91,198708,1214
2024-11-25 20:30:00,155.91,155.92,155.19,155.76,735285,4520
2024-11-25 21:00:00,155.78,155.78,155.78,155.78,5277182,3
2024-11-26 14:30:00,155.16,155.25,154.27,154.42,346493,1531
2024-11-26 15:00:00,154.42,154.5,153.96,154.12,180066,1128
2024-11-26 15:30:00,154.1,154.2,153.43,153.575,199832,1068
2024-11-26 16:00:00,153.571,153.792,153.51,153.615,183764,1286
2024-11-26 16:30:00,153.615,153.855,153.5,153.61,165007,886
2024-11-26 17:00:00,153.635,153.64,153.23,153.28,193121,1203
2024-11-26 17:30:00,153.272,153.52,153.16,153.46,138595,875
2024-11-26 18:00:00,153.46,153.644,153.41,153.49,122618,825
2024-11-26 18:30:00,153.5,154.04,153.43,153.91,142310,862
2024-11-26 19:00:00,153.96,154.297,153.92,154.27,195488,747
2024-11-26 19:30:00,154.25,154.39,154.21,154.22,114551,747
2024-11-26 20:00:00,154.24,154.29,154.1,154.11,195491,1061
2024-11-26 20:30:00,154.1,154.54,154.08,154.48,616701,3790
2024-11-26 21:00:00,154.52,154.52,154.52,154.52,1116741,3
2024-11-27 14:30:00,154.63,155.55,154.6,155.44,271070,1037
2024-11-27 15:00:00,155.41,156.18,155.177,156.14,243996,1140
2024-11-27 15:30:00,156.113,156.38,156.04,156.175,151835,1008
2024-11-27 16:00:00,156.16,156.32,156.035,156.265,234257,1043
2024-11-27 16:30:00,156.28,156.63,156.2,156.39,151195,932
2024-11-27 17:00:00,156.41,156.54,156.2,156.27,80760,455
2024-11-27 17:30:00,156.24,156.255,156.06,156.1,82398,486
2024-11-27 18:00:00,156.11,156.11,155.64,155.65,76497,471
2024-11-27 18:30:00,155.64,155.77,155.45,155.51,100048,607
2024-11-27 19:00:00,155.505,155.66,155.41,155.63,156277,940
2024-11-27 19:30:00,155.64,155.71,155.56,155.61,104632,664
2024-11-27 20:00:00,155.605,155.61,155.26,155.4,124709,684
2024-11-27 20:30:00,155.41,155.53,155.31,155.39,293380,1821
2024-11-27 21:00:00,155.4,155.4,155.4,155.4,886198,3
2024-11-29 14:30:00,154.89,155.507,154.169,154.865,273194,1084
2024-11-29 15:00:00,154.87,155.36,154.84,155.115,134213,839
2024-11-29 15:30:00,155.11,155.235,154.92,155.14,188851,1306
2024-11-29 16:00:00,155.135,155.503,155.07,155.393,188004,1374
2024-11-29 16:30:00,155.395,155.47,155.18,155.385,147448,900
2024-11-29 17:00:00,155.38,155.67,155.365,155.42,131526,826
2024-11-29 17:30:00,155.43,155.54,154.96,155.21,503860,3355
2024-11-29 18:00:00,155.01,155.01,155.01,155.01,1248548,3
2024-11-29 19:00:00,155.01,155.01,155.01,155.01,0,1
2024-11-29 20:00:00,155.01,155.01,155.01,155.01,0,1
2024-11-29 20:30:00,155.01,155.01,155.01,155.01,0,1
2024-12-02 14:30:00,154.75,154.875,153.94,154.29,384826,1588
2024-12-02 15:00:00,154.25,154.29,153.926,154.22,135969,652
2024-12-02 15:30:00,154.2,154.765,154.148,154.7,151468,975
2024-12-02 16:00:00,154.7,154.79,154.42,154.7,135574,644
2024-12-02 16:30:00,154.7,154.72,154.36,154.375,169354,1048
2024-12-02 17:00:00,154.4,154.59,154.285,154.44,163088,959
2024-12-02 17:30:00,154.46,154.58,154.26,154.295,150364,722
2024-12-02 18:00:00,154.295,154.783,154.23,154.77,126866,712
2024-12-02 18:30:00,154.77,154.92,154.721,154.82,99149,600
2024-12-02 19:00:00,154.825,154.9,154.715,154.87,131711,800
2024-12-02 19:30:00,154.85,154.93,154.79,154.86,136786,731
2024-12-02 20:00:00,154.84,154.99,154.8,154.94,151697,872
2024-12-02 20:30:00,154.93,155.0,154.59,154.79,609919,3903
2024-12-02 21:00:00,154.8,154.8,154.8,154.8,1030231,3
2024-12-03 14:30:00,154.8,154.8,153.11,153.87,410531,1682
2024-12-03 15:00:00,153.82,153.94,153.31,153.46,199834,1128
2024-12-03 15:30:00,153.46,153.93,153.3,153.83,203812,1276
2024-12-03 16:00:00,153.871,153.91,153.51,153.71,158061,763
2024-12-03 16:30:00,153.71,154.0,153.55,153.61,146127,875
2024-12-03 17:00:00,153.61,153.756,153.42,153.724,263196,918
2024-12-03 17:30:00,153.67,153.82,153.45,153.52,126930,641
2024-12-03 18:00:00,153.535,153.55,153.26,153.3,149835,699
2024-12-03 18:30:00,153.31,153.38,153.021,153.161,139473,836
2024-12-03 19:00:00,153.17,153.205,152.61,153.0,737152,1006
2024-12-03 19:30:00,153.0,153.17,152.85,152.952,304033,1112
2024-12-03 20:00:00,152.94,152.95,152.76,152.78,269861,1320
2024-12-03 20:30:00,152.78,153.041,152.305,152.31,754138,3990
2024-12-03 21:00:00,152.36,152.36,152.36,152.36,1868916,3
2024-12-04 14:30:00,151.29,151.56,150.1,150.22,686962,3158
2024-12-04 15:00:00,150.24,151.23,149.75,150.97,1114381,2910
2024-12-04 15:30:00,151.01,151.09,149.95,150.8,457156,1622
2024-12-04 16:00:00,150.8,151.12,150.77,150.98,195147,1301
2024-12-04 16:30:00,150.99,151.04,150.725,150.827,206844,1011
2024-12-04 17:00:00,150.84,150.84,150.49,150.58,170487,978
2024-12-04 17:30:00,150.6,150.64,150.38,150.39,151244,809
2024-12-04 18:00:00,150.37,150.41,150.12,150.245,130581,765
2024-12-04 18:30:00,150.25,150.73,150.089,150.67,396572,1191
2024-12-04 19:00:00,150.67,150.98,150.63,150.75,182087,947
2024-12-04 19:30:00,150.77,150.79,150.34,150.39,227136,1130
2024-12-04 20:00:00,150.4,150.643,150.38,150.467,358578,1736
2024-12-04 20:30:00,150.45,150.72,150.32,150.46,740356,4394
2024-12-04 21:00:00,150.47,150.47,150.47,150.47,1753608,3
2024-12-05 14:30:00,150.0,150.38,149.5,149.79,428649,1967
2024-12-05 15:00:00,149.75,150.14,149.55,149.8,327306,1670
2024-12-05 15:30:00,149.8,150.242,149.65,149.735,254236,1541
2024-12-05 16:00:00,149.745,149.84,149.45,149.685,305991,1123
2024-12-05 16:30:00,149.67,149.7,149.17,149.355,233073,1221
2024-12-05 17:00:00,149.34,149.494,149.02,149.055,256696,1090
2024-12-05 17:30:00,149.04,149.445,149.02,149.33,182374,1038
2024-12-05 18:00:00,149.345,149.46,149.04,149.19,155688,932
2024-12-05 18:30:00,149.17,149.4,149.145,149.24,149930,1028
2024-12-05 19:00:00,149.22,149.27,148.95,149.105,165894,1033
2024-12-05 19:30:00,149.08,149.27,149.0,149.026,157995,851
2024-12-05 20:00:00,149.01,149.33,148.98,149.31,327557,1536
2024-12-05 20:30:00,149.33,149.68,149.24,149.54,734987,4003
2024-12-05 21:00:00,149.52,149.52,149.52,149.52,1272983,3
2024-12-06 14:30:00,149.39,150.05,149.08,149.75,421677,1848
2024-12-06 15:00:00,149.725,149.92,149.11,149.29,266564,1480
2024-12-06 15:30:00,149.279,149.421,149.17,149.22,144690,836
2024-12-06 16:00:00,149.22,149.22,148.66,148.81,286317,1668
2024-12-06 16:30:00,148.81,149.09,148.78,148.82,177509,1178
2024-12-06 17:00:00,148.82,148.84,148.395,148.48,182684,1169
2024-12-06 17:30:00,148.49,148.615,148.38,148.615,176594,970
2024-12-06 18:00:00,148.61,148.9,148.56,148.79,230701,1162
2024-12-06 18:30:00,148.79,149.02,148.72,148.925,259053,1685
2024-12-06 19:00:00,148.92,149.01,148.75,148.845,211686,1413
2024-12-06 19:30:00,148.84,148.875,148.7,148.8,179813,1138
2024-12-06 20:00:00,148.8,149.07,148.7,148.85,251616,1552
2024-12-06 20:30:00,148.87,149.41,148.66,149.25,826843,4763
2024-12-06 21:00:00,149.31,149.31,149.31,149.31,1890326,3
2024-12-09 14:30:00,149.29,149.47,148.44,149.21,417378,1860
2024-12-09 15:00:00,149.21,150.14,149.03,150.1,368739,2148
2024-12-09 15:30:00,150.1,150.89,150.03,150.524,399988,2260
2024-12-09 16:00:00,150.53,150.65,150.27,150.43,271678,1718
2024-12-09 16:30:00,150.425,150.579,150.22,150.22,215316,1416
2024-12-09 17:00:00,150.21,150.23,149.69,150.045,228638,1393
2024-12-09 17:30:00,150.035,150.34,150.035,150.05,142264,835
2024-12-09 18:00:00,150.04,150.07,149.65,149.65,185389,1104
2024-12-09 18:30:00,149.64,149.75,149.305,149.36,298606,1685
2024-12-09 19:00:00,149.38,149.73,149.33,149.681,255103,1552
2024-12-09 19:30:00,149.69,149.85,149.63,149.8,272292,1758
2024-12-09 20:00:00,149.78,150.1,149.705,149.904,247981,1379
2024-12-09 20:30:00,149.92,149.92,149.52,149.65,752244,4696
2024-12-09 21:00:00,149.6,149.6,149.6,149.6,1096077,3
2024-12-10 14:30:00,149.93,150.83,149.03,149.265,1241556,4940
2024-12-10 15:00:00,149.25,149.28,148.33,148.8,413358,2592
2024-12-10 15:30:00,148.805,149.515,148.67,149.48,461563,2185
2024-12-10 16:00:00,149.47,149.65,148.82,149.43,462272,1750
2024-12-10 16:30:00,149.43,149.85,148.847,148.91,359286,2141
2024-12-10 17:00:00,148.93,149.085,148.55,148.71,292548,1606
2024-12-10 17:30:00,148.725,148.94,148.445,148.74,210894,1280
2024-12-10 18:00:00,148.75,149.11,148.59,149.066,188293,1159
2024-12-10 18:30:00,149.07,149.11,148.77,148.99,213251,1401
2024-12-10 19:00:00,148.985,149.32,148.88,149.201,240086,1349
2024-12-10 19:30:00,149.184,149.78,149.06,149.76,291094,1706
2024-12-10 20:00:00,149.74,149.92,149.51,149.64,251240,1750
2024-12-10 20:30:00,149.63,149.77,148.88,149.26,953469,5054
2024-12-10 21:00:00,149.23,149.23,149.23,149.23,1318718,3
2024-12-11 14:30:00,148.5,148.5,147.4,147.5,645178,2898
2024-12-11 15:00:00,147.48,147.82,147.37,147.48,312626,1991
2024-12-11 15:30:00,147.45,147.58,147.03,147.075,429259,2237
2024-12-11 16:00:00,147.08,147.08,146.608,146.68,330075,1737
2024-12-11 16:30:00,146.672,147.3,146.67,146.97,243023,1549
2024-12-11 17:00:00,146.99,147.07,146.62,146.915,233342,1182
2024-12-11 17:30:00,146.93,147.21,146.83,147.09,156431,924
2024-12-11 18:00:00,147.08,147.14,146.74,146.89,158441,859
2024-12-11 18:30:00,146.9,146.915,146.73,146.82,195122,1209
2024-12-11 19:00:00,146.81,146.91,146.52,146.87,232482,1277
2024-12-11 19:30:00,146.872,147.065,146.77,146.959,296139,1506
2024-12-11 20:00:00,146.973,147.1,146.64,146.87,247932,1313
2024-12-11 20:30:00,146.87,146.94,146.37,146.635,911555,5258
2024-12-11 21:00:00,146.64,146.64,146.64,146.64,3814624,3
2024-12-12 14:30:00,147.2,147.77,146.65,146.93,618017,2414
2024-12-12 15:00:00,146.935,147.13,146.59,146.875,293363,1540
2024-12-12 15:30:00,146.86,147.22,146.83,147.18,200444,1178
2024-12-12 16:00:00,147.18,147.19,146.65,146.85,221494,1135
2024-12-12 16:30:00,146.84,146.89,146.36,146.37,221486,1015
2024-12-12 17:00:00,146.37,146.48,146.17,146.41,227086,1066
2024-12-12 17:30:00,146.411,146.49,146.19,146.37,171247,962
2024-12-12 18:00:00,146.35,146.4,146.05,146.11,163593,879
2024-12-12 18:30:00,146.11,146.22,146.05,146.09,146600,804
2024-12-12 19:00:00,146.072,146.27,146.01,146.14,159800,923
2024-12-12 19:30:00,146.145,146.25,146.1,146.15,156550,976
2024-12-12 20:00:00,146.16,146.49,146.03,146.46,274893,1302
2024-12-12 20:30:00,146.456,146.51,146.15,146.24,543223,3256
2024-12-12 21:00:00,146.24,146.24,146.24,146.24,878409,3
2024-12-13 14:30:00,145.66,146.149,145.192,145.2,615601,2002
2024-12-13 15:00:00,145.19,146.0,145.04,145.94,312383,1918
2024-12-13 15:30:00,145.96,146.43,145.83,146.42,350386,1815
2024-12-13 16:00:00,146.415,146.83,146.19,146.33,287078,1622
2024-12-13 16:30:00,146.33,146.41,146.086,146.26,226724,1560
2024-12-13 17:00:00,146.25,146.32,145.78,146.213,319311,1852
2024-12-13 17:30:00,146.21,146.355,146.04,146.1,177761,1165
2024-12-13 18:00:00,146.06,146.22,145.96,146.187,167142,1050
2024-12-13 18:30:00,146.195,146.315,145.92,145.935,183863,1186
2024-12-13 19:00:00,145.932,146.3,145.9,145.97,166606,994
2024-12-13 19:30:00,145.98,146.31,145.96,146.27,231304,1344
2024-12-13 20:00:00,146.27,146.49,146.0,146.42,335507,2066
2024-12-13 20:30:00,146.42,146.93,146.41,146.59,906265,5942
2024-12-13 21:00:00,146.62,146.62,146.62,146.62,1153400,3
2024-12-16 14:30:00,146.73,146.9,146.23,146.76,459760,1972
2024-12-16 15:00:00,146.711,147.25,146.63,146.67,306059,1431
2024-12-16 15:30:00,146.675,146.77,146.32,146.64,248402,1034
2024-12-16 16:00:00,146.64,146.65,146.21,146.31,145382,770
2024-12-16 16:30:00,146.3,146.4,145.83,145.97,221206,1262
2024-12-16 17:00:00,145.981,146.05,145.67,145.73,245697,1438
2024-12-16 17:30:00,145.73,145.76,145.22,145.25,280843,1671
2024-12-16 18:00:00,145.26,145.36,145.06,145.255,296311,1452
2024-12-16 18:30:00,145.25,145.33,145.03,145.23,248262,1494
2024-12-16 19:00:00,145.23,145.27,144.83,144.9,351547,1758
2024-12-16 19:30:00,144.89,144.91,144.5,144.54,332921,1808
2024-12-16 20:00:00,144.53,144.92,144.33,144.44,679329,2617
2024-12-16 20:30:00,144.45,144.45,143.52,143.84,1203606,6274
2024-12-16 21:00:00,143.85,143.85,143.85,143.85,1271004,3
2024-12-17 14:30:00,143.84,144.582,143.71,144.0,791475,4147
2024-12-17 15:00:00,144.0,145.89,143.98,145.49,512775,3182
2024-12-17 15:30:00,145.49,145.59,144.91,144.975,429520,2263
2024-12-17 16:00:00,144.99,145.46,144.92,145.15,330650,1899
2024-12-17 16:30:00,145.16,145.95,144.82,145.95,431383,2343
2024-12-17 17:00:00,145.95,146.235,145.25,145.28,261998,1609
2024-12-17 17:30:00,145.31,145.53,145.2,145.2,219449,1312
2024-12-17 18:00:00,145.24,145.75,145.08,145.715,222053,1231
2024-12-17 18:30:00,145.71,145.75,145.35,145.67,267835,1394
2024-12-17 19:00:00,145.63,145.98,145.52,145.585,284538,1750
2024-12-17 19:30:00,145.6,145.78,145.54,145.72,227818,1204
2024-12-17 20:00:00,145.74,145.87,145.42,145.74,464753,2065
2024-12-17 20:30:00,145.745,146.66,145.67,146.39,1349015,7405
2024-12-17 21:00:00,146.41,146.41,146.41,146.41,1703758,3
2024-12-18 14:30:00,145.678,146.74,145.329,146.17,521221,2150
2024-12-18 15:00:00,146.17,146.35,145.91,146.065,340790,1624
2024-12-18 15:30:00,146.07,146.49,146.01,146.26,352426,1714
2024-12-18 16:00:00,146.27,146.41,146.08,146.14,292673,1548
2024-12-18 16:30:00,146.115,146.37,146.1,146.16,152338,824
2024-12-18 17:00:00,146.145,146.32,146.01,146.095,176458,992
2024-12-18 17:30:00,146.095,146.14,145.75,145.75,261877,1272
2024-12-18 18:00:00,145.72,145.74,145.4,145.64,191439,963
2024-12-18 18:30:00,145.645,145.9,145.6,145.725,142356,873
2024-12-18 19:00:00,145.75,145.75,145.05,145.27,170184,1029
2024-12-18 19:30:00,145.27,145.43,144.79,145.08,259640,1395
2024-12-18 20:00:00,145.05,145.83,144.93,145.64,356720,2073
2024-12-18 20:30:00,145.63,145.91,144.67,144.73,1162072,7459
2024-12-18 21:00:00,144.75,144.75,144.75,144.75,1454489,3
2024-12-19 14:30:00,144.14,144.99,143.6,144.52,590484,2575
2024-12-19 15:00:00,144.56,145.1,144.28,145.025,317986,1952
2024-12-19 15:30:00,145.025,145.22,144.5,144.5,322150,1669
2024-12-19 16:00:00,144.48,144.6,144.18,144.45,391336,1896
2024-12-19 16:30:00,144.45,144.45,143.94,143.95,294544,1567
2024-12-19 17:00:00,143.975,144.4,143.921,144.285,332311,1557
2024-12-19 17:30:00,144.285,144.83,144.285,144.37,352796,1601
2024-12-19 18:00:00,144.37,144.77,144.26,144.68,170894,933
2024-12-19 18:30:00,144.68,144.74,144.47,144.58,248684,1227
2024-12-19 19:00:00,144.561,144.63,144.04,144.27,275371,1264
2024-12-19 19:30:00,144.26,144.4,143.97,144.01,231500,1195
2024-12-19 20:00:00,143.99,144.01,143.47,143.51,411428,2123
2024-12-19 20:30:00,143.525,143.94,143.37,143.55,762691,4992
2024-12-19 21:00:00,143.58,143.58,143.58,143.58,1624620,3
2024-12-20 14:30:00,143.05,144.34,142.75,144.27,1692168,1753
2024-12-20 15:00:00,144.295,144.387,143.6,144.25,287651,1758
2024-12-20 15:30:00,144.265,144.53,143.76,144.2,422895,2096
2024-12-20 16:00:00,144.195,144.83,144.08,144.785,210303,1315
2024-12-20 16:30:00,144.785,145.329,144.56,145.25,383408,1796
2024-12-20 17:00:00,145.24,145.41,145.06,145.166,200422,1267
2024-12-20 17:30:00,145.18,145.47,144.925,145.185,233590,1197
2024-12-20 18:00:00,145.185,145.35,144.94,144.94,252144,1217
2024-12-20 18:30:00,144.93,145.021,144.585,144.59,218410,1262
2024-12-20 19:00:00,144.585,144.745,144.34,144.527,241126,1272
2024-12-20 19:30:00,144.53,144.675,144.24,144.405,315567,1755
2024-12-20 20:00:00,144.405,144.67,144.38,144.64,303441,1834
2024-12-20 20:30:00,144.66,144.85,144.15,144.44,925718,5677
2024-12-20 21:00:00,144.47,144.47,144.47,144.47,4937123,3
2024-12-23 14:30:00,144.63,144.845,143.57,143.63,431947,1635
2024-12-23 15:00:00,143.65,143.97,143.485,143.92,279012,1304
2024-12-23 15:30:00,143.93,144.135,143.66,143.72,249502,1171
2024-12-23 16:00:00,143.727,143.97,143.62,143.72,342915,1401
2024-12-23 16:30:00,143.71,143.89,143.45,143.76,226820,1132
2024-12-23 17:00:00,143.73,143.895,143.575,143.612,214886,1016
2024-12-23 17:30:00,143.63,144.15,143.57,144.071,239374,1122
2024-12-23 18:00:00,144.07,144.49,144.07,144.44,254533,1354
2024-12-23 18:30:00,144.43,144.564,144.23,144.49,278667,1357
2024-12-23 19:00:00,144.49,144.77,144.46,144.71,276118,1306
2024-12-23 19:30:00,144.69,144.81,144.59,144.61,283570,1357
2024-12-23 20:00:00,144.61,144.88,144.51,144.73,408366,1915
2024-12-23 20:30:00,144.75,145.33,144.67,145.19,790983,4556
2024-12-23 21:00:00,145.27,145.27,145.27,145.27,1473760,3
2024-12-24 14:30:00,145.0,145.048,144.333,144.61,287575,1282
2024-12-24 15:00:00,144.7,145.05,144.6,144.825,255219,1306
2024-12-24 15:30:00,144.825,145.41,144.798,145.101,242382,1057
2024-12-24 16:00:00,145.11,145.28,145.02,145.125,157392,876
2024-12-24 16:30:00,145.14,145.48,145.14,145.2,178376,835
2024-12-24 17:00:00,145.2,145.505,145.11,145.41,216699,1074
2024-12-24 17:30:00,145.42,145.8,145.174,145.72,367567,2074
2024-12-24 18:00:00,145.85,145.85,145.85,145.85,556318,3
2024-12-24 19:00:00,145.85,145.85,145.85,145.85,0,1
2024-12-24 20:00:00,145.85,145.85,145.85,145.85,0,1
2024-12-24 20:30:00,145.85,145.85,145.85,145.85,0,1
2024-12-26 14:30:00,145.51,146.31,145.37,146.15,275009,1148
2024-12-26 15:00:00,146.18,146.37,145.79,145.92,240136,1196
2024-12-26 15:30:00,145.915,146.145,145.76,145.995,189981,1114
2024-12-26 16:00:00,145.995,146.08,145.87,146.0,135056,805
2024-12-26 16:30:00,146.0,146.13,145.81,145.89,130949,613
2024-12-26 17:00:00,145.91,146.05,145.75,145.76,185059,960
2024-12-26 17:30:00,145.75,145.87,145.565,145.646,129237,709
2024-12-26 18:00:00,145.66,145.72,145.55,145.625,129528,627
2024-12-26 18:30:00,145.605,145.76,145.43,145.56,168478,767
2024-12-26 19:00:00,145.59,145.59,145.26,145.315,155763,694
2024-12-26 19:30:00,145.33,145.45,145.21,145.3,116850,601
2024-12-26 20:00:00,145.337,145.45,145.28,145.355,194192,1008
2024-12-26 20:30:00,145.343,145.78,145.09,145.55,472329,3187
2024-12-26 21:00:00,145.58,145.58,145.58,145.58,667512,3
2024-12-27 14:30:00,144.87,146.46,144.68,146.11,357629,1309
2024-12-27 15:00:00,146.11,146.6,145.979,146.07,241446,1064
2024-12-27 15:30:00,146.06,146.25,145.78,145.79,142997,876
2024-12-27 16:00:00,145.785,145.87,145.58,145.77,194785,1087
2024-12-27 16:30:00,145.775,145.83,145.23,145.27,177276,1027
2024-12-27 17:00:00,145.29,145.319,144.94,145.0,202811,1259
2024-12-27 17:30:00,144.991,145.13,144.78,144.92,159364,836
2024-12-27 18:00:00,144.9,145.13,144.86,145.025,123649,683
2024-12-27 18:30:00,145.01,145.16,144.95,145.07,139382,795
2024-12-27 19:00:00,145.05,145.32,145.0,145.22,137145,738
2024-12-27 19:30:00,145.24,145.295,145.09,145.235,164803,790
2024-12-27 20:00:00,145.245,145.266,144.91,144.931,211009,1298
2024-12-27 20:30:00,144.9,145.29,144.71,145.13,578773,3906
2024-12-27 21:00:00,145.05,145.05,145.05,145.05,1239755,3
2024-12-30 14:30:00,144.84,144.88,143.3,143.66,344805,1126
2024-12-30 15:00:00,143.65,143.75,143.14,143.228,224627,1076
2024-12-30 15:30:00,143.235,143.41,142.95,143.1,219162,995
2024-12-30 16:00:00,143.08,143.64,142.97,143.5,188802,1012
2024-12-30 16:30:00,143.476,143.62,143.16,143.25,188052,936
2024-12-30 17:00:00,143.25,143.61,143.23,143.45,185800,840
2024-12-30 17:30:00,143.47,143.62,143.3,143.51,167903,820
2024-12-30 18:00:00,143.51,143.75,143.34,143.4,194857,1074
2024-12-30 18:30:00,143.38,143.674,143.26,143.52,233745,1164
2024-12-30 19:00:00,143.505,143.57,143.17,143.2,280013,1571
2024-12-30 19:30:00,143.243,143.35,143.15,143.2,215098,1263
2024-12-30 20:00:00,143.185,143.44,143.09,143.27,372739,1650
2024-12-30 20:30:00,143.29,143.697,143.0,143.3,562900,3277
2024-12-30 21:00:00,143.34,143.34,143.34,143.34,914665,3
2024-12-31 14:30:00,143.76,144.56,143.31,144.09,360395,1306
2024-12-31 15:00:00,144.085,144.23,143.83,143.865,271096,1337
2024-12-31 15:30:00,143.86,144.32,143.84,144.215,184192,1055
2024-12-31 16:00:00,144.215,144.23,143.69,143.75,182486,1071
2024-12-31 16:30:00,143.75,143.76,143.34,143.44,200722,1070
2024-12-31 17:00:00,143.455,143.6,143.31,143.5,216593,1104
2024-12-31 17:30:00,143.485,143.83,143.4,143.81,194359,853
2024-12-31 18:00:00,143.8,143.91,143.5,143.625,153648,901
2024-12-31 18:30:00,143.61,144.07,143.6,143.88,97105,608
2024-12-31 19:00:00,143.89,143.94,143.59,143.78,140055,851
2024-12-31 19:30:00,143.78,143.96,143.75,143.93,144389,991
2024-12-31 20:00:00,143.93,144.12,143.84,144.11,142817,971
2024-12-31 20:30:00,144.13,144.67,144.0,144.63,620348,4290
2024-12-31 21:00:00,144.62,144.62,144.62,144.62,1444713,3
2025-01-02 14:30:00,145.23,145.77,145.09,145.17,417381,1834
2025-01-02 15:00:00,145.235,145.5,144.85,144.98,317530,1707
2025-01-02 15:30:00,144.97,145.045,144.69,144.8,165962,1147
2025-01-02 16:00:00,144.77,144.805,144.28,144.65,160841,1042
2025-01-02 16:30:00,144.65,144.9,144.5,144.514,106614,621
2025-01-02 17:00:00,144.535,144.815,144.44,144.57,140804,803
2025-01-02 17:30:00,144.57,144.63,144.24,144.49,125230,686
2025-01-02 18:00:00,144.48,144.502,144.13,144.245,143746,757
2025-01-02 18:30:00,144.236,144.29,144.06,144.19,168613,983
2025-01-02 19:00:00,144.19,144.24,143.97,144.1,184983,980
2025-01-02 19:30:00,144.09,144.13,143.81,143.84,173421,884
2025-01-02 20:00:00,143.85,144.29,143.81,144.17,179852,977
2025-01-02 20:30:00,144.176,144.22,143.78,144.03,526774,3442
2025-01-02 21:00:00,144.02,144.02,144.02,144.02,1144620,3
2025-01-03 14:30:00,144.07,144.31,143.62,143.75,308315,1223
2025-01-03 15:00:00,143.7,144.29,143.7,143.95,214051,890
2025-01-03 15:30:00,143.98,144.17,143.82,144.13,165548,839
2025-01-03 16:00:00,144.14,144.25,143.97,144.215,162439,843
2025-01-03 16:30:00,144.195,144.42,144.195,144.33,131905,683
2025-01-03 17:00:00,144.33,144.57,144.292,144.461,108374,603
2025-01-03 17:30:00,144.47,144.49,144.304,144.425,98896,473
2025-01-03 18:00:00,144.42,144.575,144.34,144.51,155821,695
2025-01-03 18:30:00,144.5,144.56,144.18,144.31,149261,880
2025-01-03 19:00:00,144.31,144.36,144.14,144.33,170796,916
2025-01-03 19:30:00,144.31,144.39,144.21,144.22,136324,776
2025-01-03 20:00:00,144.22,144.31,144.11,144.25,170551,1052
2025-01-03 20:30:00,144.24,144.275,143.87,144.18,469332,3282
2025-01-03 21:00:00,144.19,144.19,144.19,144.19,1414662,3
2025-01-06 14:30:00,143.51,143.844,142.93,143.645,543506,2561
2025-01-06 15:00:00,143.66,143.839,142.98,143.0,394837,1802
2025-01-06 15:30:00,143.0,144.08,142.97,144.03,304008,1653
2025-01-06 16:00:00,144.01,144.23,143.54,143.9,377578,1378
2025-01-06 16:30:00,143.9,144.73,143.88,144.64,251696,1259
2025-01-06 17:00:00,144.64,144.815,144.305,144.349,142738,790
2025-01-06 17:30:00,144.333,144.59,143.96,144.08,217274,1015
2025-01-06 18:00:00,144.1,144.165,143.85,143.99,180046,1057
2025-01-06 18:30:00,143.97,144.1,143.81,144.075,268540,1232
2025-01-06 19:00:00,144.075,144.075,143.76,143.815,161460,1039
2025-01-06 19:30:00,143.815,143.98,143.73,143.83,131330,809
2025-01-06 20:00:00,143.85,143.9,143.51,143.569,200091,1017
2025-01-06 20:30:00,143.57,143.69,143.12,143.64,668463,4379
2025-01-06 21:00:00,143.66,143.66,143.66,143.66,1287574,3
2025-01-07 14:30:00,143.755,146.015,143.59,145.86,490558,1978
2025-01-07 15:00:00,145.86,146.57,145.55,146.524,557557,2631
2025-01-07 15:30:00,146.515,147.18,146.14,146.52,488192,2964
2025-01-07 16:00:00,146.54,146.66,145.89,146.07,292737,1650
2025-01-07 16:30:00,146.07,146.435,145.9,146.27,227710,1359
2025-01-07 17:00:00,146.26,146.48,146.24,146.365,253765,1399
2025-01-07 17:30:00,146.365,146.689,146.35,146.63,346615,1700
2025-01-07 18:00:00,146.61,146.78,146.45,146.68,207937,1093
2025-01-07 18:30:00,146.68,146.87,146.58,146.73,185917,1112
2025-01-07 19:00:00,146.725,146.77,146.36,146.61,199086,994
2025-01-07 19:30:00,146.62,146.62,146.36,146.36,165184,996
2025-01-07 20:00:00,146.35,146.42,145.93,145.95,273863,1692
2025-01-07 20:30:00,145.95,146.29,145.9,146.2,580359,3807
2025-01-07 21:00:00,146.23,146.23,146.23,146.23,1884567,3
2025-01-08 14:30:00,145.49,145.59,141.44,142.665,1273452,6455
2025-01-08 15:00:00,142.68,143.21,142.2,142.77,424598,2630
2025-01-08 15:30:00,142.785,143.0,142.46,142.51,282813,1804
2025-01-08 16:00:00,142.53,143.23,142.515,142.84,338372,1948
2025-01-08 16:30:00,142.824,142.835,142.27,142.467,253844,1368
2025-01-08 17:00:00,142.47,142.62,142.12,142.5,298103,1609
2025-01-08 17:30:00,142.5,142.53,141.79,141.85,463914,2500
2025-01-08 18:00:00,141.849,141.94,141.49,141.735,311409,1819
2025-01-08 18:30:00,141.74,142.053,141.641,141.825,343083,2107
2025-01-08 19:00:00,141.84,142.46,141.58,142.28,371946,2113
2025-01-08 19:30:00,142.28,142.36,142.02,142.05,323371,1821
2025-01-08 20:00:00,142.05,142.3,141.9,141.995,321413,1984
2025-01-08 20:30:00,141.983,142.48,141.85,142.27,1269045,7732
2025-01-08 21:00:00,142.27,142.27,142.27,142.27,1550781,3
2025-01-10 14:30:00,141.0,142.76,140.68,142.29,761051,3246
2025-01-10 15:00:00,142.27,142.94,142.15,142.51,530740,2451
2025-01-10 15:30:00,142.521,143.58,142.22,143.565,401484,2502
2025-01-10 16:00:00,143.55,143.67,142.9,142.985,400104,2280
2025-01-10 16:30:00,142.97,143.54,142.715,143.045,383159,1685
2025-01-10 17:00:00,143.07,143.17,142.74,142.86,247771,1370
2025-01-10 17:30:00,142.87,143.0,142.57,142.57,195740,1109
2025-01-10 18:00:00,142.552,143.035,142.517,142.86,183476,925
2025-01-10 18:30:00,142.845,143.02,142.64,142.954,180300,1042
2025-01-10 19:00:00,142.98,143.08,142.75,142.97,332253,1595
2025-01-10 19:30:00,142.96,143.01,142.31,142.35,227677,1328
2025-01-10 20:00:00,142.345,142.57,142.0,142.03,364572,2071
2025-01-10 20:30:00,142.01,142.2,141.85,142.09,797598,5029
2025-01-10 21:00:00,142.06,142.06,142.06,142.06,1184715,3
2025-01-13 14:30:00,142.98,143.85,142.76,143.48,653967,2508
2025-01-13 15:00:00,143.53,143.54,142.68,143.1,345958,2255
2025-01-13 15:30:00,143.1,143.27,142.715,143.095,318600,1675
2025-01-13 16:00:00,143.11,143.5,142.825,142.98,691569,3123
2025-01-13 16:30:00,142.965,143.04,142.52,142.615,302808,1613
2025-01-13 17:00:00,142.635,143.1,142.31,143.03,620485,2233
2025-01-13 17:30:00,143.04,144.12,143.0,144.06,327726,1662
2025-01-13 18:00:00,144.04,144.18,143.825,144.055,303515,1453
2025-01-13 18:30:00,144.04,144.35,144.01,144.19,264833,1554
2025-01-13 19:00:00,144.19,144.555,144.01,144.48,192457,1230
2025-01-13 19:30:00,144.478,144.65,144.19,144.36,206582,1324
2025-01-13 20:00:00,144.38,145.07,144.36,144.62,398852,2319
2025-01-13 20:30:00,144.6,144.72,144.27,144.46,759127,5214
2025-01-13 21:00:00,144.47,144.47,144.47,144.47,2405336,3
2025-01-14 14:30:00,144.5,144.64,142.99,143.425,571831,2265
2025-01-14 15:00:00,143.45,143.67,142.92,143.22,380650,2324
2025-01-14 15:30:00,143.225,143.79,143.03,143.6,357239,2063
2025-01-14 16:00:00,143.6,143.64,143.22,143.28,298090,1696
2025-01-14 16:30:00,143.282,143.41,142.87,143.02,246557,1239
2025-01-14 17:00:00,143.02,143.38,142.86,143.19,188748,1235
2025-01-14 17:30:00,143.195,143.311,142.98,143.14,168078,980
2025-01-14 18:00:00,143.14,143.6,143.01,143.495,263089,1458
2025-01-14 18:30:00,143.49,143.706,143.49,143.64,195491,1015
2025-01-14 19:00:00,143.64,144.02,143.5,143.88,208408,1118
2025-01-14 19:30:00,143.89,144.31,143.88,144.09,369481,2117
2025-01-14 20:00:00,144.11,144.5,144.009,144.41,285689,1855
2025-01-14 20:30:00,144.401,144.81,144.22,144.74,871511,5249
2025-01-14 21:00:00,144.75,144.75,144.75,144.75,1378297,3
2025-01-15 14:30:00,145.31,146.05,144.98,145.52,434986,1779
2025-01-15 15:00:00,145.57,145.72,144.89,144.95,367438,1523
2025-01-15 15:30:00,144.948,145.115,144.77,144.91,202666,1267
2025-01-15 16:00:00,144.905,145.04,144.5,144.52,267068,1401
2025-01-15 16:30:00,144.51,144.72,144.26,144.56,223664,1218
2025-01-15 17:00:00,144.561,145.27,144.55,145.195,179439,981
2025-01-15 17:30:00,145.2,145.307,145.095,145.21,160060,927
2025-01-15 18:00:00,145.22,145.29,145.095,145.102,121940,685
2025-01-15 18:30:00,145.095,145.29,144.89,145.02,168526,917
2025-01-15 19:00:00,145.015,145.06,144.83,144.93,174539,1010
2025-01-15 19:30:00,144.94,145.1,144.875,145.006,165734,1011
2025-01-15 20:00:00,145.005,145.11,144.78,144.789,200024,1222
2025-01-15 20:30:00,144.8,145.04,144.67,144.89,654299,3527
2025-01-15 21:00:00,144.97,144.97,144.97,144.97,1785557,3
2025-01-16 14:30:00,144.32,145.07,144.06,145.015,367819,1610
2025-01-16 15:00:00,145.02,145.65,144.6,145.239,384102,2188
2025-01-16 15:30:00,145.22,146.14,145.16,146.01,271522,1487
2025-01-16 16:00:00,146.003,146.84,146.0,146.82,505340,2877
2025-01-16 16:30:00,146.82,147.64,146.67,147.635,427701,2735
2025-01-16 17:00:00,147.635,147.9,147.63,147.82,501353,3061
2025-01-16 17:30:00,147.82,148.07,147.49,147.51,364122,2162
2025-01-16 18:00:00,147.51,147.88,147.39,147.66,366518,1426
2025-01-16 18:30:00,147.65,147.81,147.51,147.59,290824,1773
2025-01-16 19:00:00,147.59,147.67,147.28,147.565,273859,1413
2025-01-16 19:30:00,147.57,147.8,147.57,147.67,340756,1835
2025-01-16 20:00:00,147.67,147.72,147.16,147.29,356047,2193
2025-01-16 20:30:00,147.3,148.02,147.3,147.78,722199,4526
2025-01-16 21:00:00,147.77,147.77,147.77,147.77,1230563,3
2025-01-17 14:30:00,147.44,148.0,146.61,147.83,1900964,2081
2025-01-17 15:00:00,147.822,148.315,147.3,148.22,381949,1959
2025-01-17 15:30:00,148.2,148.38,147.45,147.492,429590,1951
2025-01-17 16:00:00,147.5,147.72,147.0,147.034,270108,1794
2025-01-17 16:30:00,147.04,147.38,146.926,147.115,334460,1700
2025-01-17 17:00:00,147.125,147.375,147.06,147.24,222369,1301
2025-01-17 17:30:00,147.25,147.41,147.06,147.34,218042,1333
2025-01-17 18:00:00,147.34,147.42,147.01,147.07,177220,1070
2025-01-17 18:30:00,147.06,147.12,146.84,147.04,210377,1079
2025-01-17 19:00:00,147.035,147.13,146.8,146.98,199894,1188
2025-01-17 19:30:00,147.0,147.0,146.79,146.89,219367,1017
2025-01-17 20:00:00,146.885,147.32,146.885,147.11,306631,1559
2025-01-17 20:30:00,147.13,147.28,146.965,147.03,629913,3610
2025-01-17 21:00:00,147.03,147.03,147.03,147.03,1866181,3
2025-01-21 14:30:00,147.56,148.65,147.05,148.39,782003,3434
2025-01-21 15:00:00,148.42,148.86,147.9,148.045,690792,3847
2025-01-21 15:30:00,148.048,148.25,147.82,148.096,357209,2026
2025-01-21 16:00:00,148.099,148.41,147.95,148.32,366437,2291
2025-01-21 16:30:00,148.3,148.84,148.02,148.325,551691,2077
2025-01-21 17:00:00,148.33,148.58,148.21,148.37,385112,1676
2025-01-21 17:30:00,148.355,148.47,148.08,148.09,247492,1458
2025-01-21 18:00:00,148.08,148.15,147.69,147.76,195942,1174
2025-01-21 18:30:00,147.76,147.91,147.6,147.865,269433,1644
2025-01-21 19:00:00,147.863,148.08,147.75,147.95,377122,2101
2025-01-21 19:30:00,147.93,148.06,147.83,147.86,365927,1751
2025-01-21 20:00:00,147.86,147.89,147.595,147.64,439589,2626
2025-01-21 20:30:00,147.64,148.2,147.34,148.17,845125,5283
2025-01-21 21:00:00,148.15,148.15,148.15,148.15,1695663,3
2025-01-22 14:30:00,144.0,144.61,142.11,142.8,2308030,10366
2025-01-22 15:00:00,142.775,143.99,142.41,143.4,981469,5795
2025-01-22 15:30:00,143.35,143.56,142.974,143.54,821336,2914
2025-01-22 16:00:00,143.55,144.1,143.19,143.95,867849,3278
2025-01-22 16:30:00,143.94,144.07,142.91,143.3,743786,3953
2025-01-22 17:00:00,143.32,143.44,142.76,143.045,595229,3211
2025-01-22 17:30:00,143.05,144.24,143.02,143.985,776413,3206
2025-01-22 18:00:00,143.98,144.84,143.805,144.28,486919,2498
2025-01-22 18:30:00,144.265,144.63,143.98,144.54,489599,2691
2025-01-22 19:00:00,144.545,144.59,144.21,144.244,299476,1820
2025-01-22 19:30:00,144.235,144.545,144.205,144.405,395881,2139
2025-01-22 20:00:00,144.405,144.789,144.15,144.648,517744,3208
2025-01-22 20:30:00,144.645,145.47,144.48,145.25,1428981,9223
2025-01-22 21:00:00,145.27,145.27,145.27,145.27,1472783,3
2025-01-23 14:30:00,145.44,147.15,144.814,146.68,1080362,4186
2025-01-23 15:00:00,146.68,146.86,146.176,146.45,449860,2514
2025-01-23 15:30:00,146.45,147.655,146.42,147.42,500708,2234
2025-01-23 16:00:00,147.4,147.91,147.4,147.9,259021,1637
2025-01-23 16:30:00,147.9,147.9,146.75,146.8,271974,1630
2025-01-23 17:00:00,146.81,146.95,146.27,146.58,317270,1677
2025-01-23 17:30:00,146.595,146.83,146.4,146.71,281157,1338
2025-01-23 18:00:00,146.73,146.86,146.56,146.745,299093,1148
2025-01-23 18:30:00,146.74,147.125,146.65,147.09,217036,1162
2025-01-23 19:00:00,147.1,147.1,146.56,146.61,253143,1415
2025-01-23 19:30:00,146.6,146.87,146.56,146.65,399051,1950
2025-01-23 20:00:00,146.65,147.15,146.538,146.755,467056,2470
2025-01-23 20:30:00,146.74,147.09,146.5,146.63,1085502,6140
2025-01-23 21:00:00,146.64,146.64,146.64,146.64,1703786,3
2025-01-24 14:30:00,146.805,147.631,146.51,146.64,588247,2369
2025-01-24 15:00:00,146.69,147.13,146.45,146.58,413034,2424
2025-01-24 15:30:00,146.55,147.125,146.383,146.61,546173,2225
2025-01-24 16:00:00,146.62,147.55,146.59,147.147,306371,1529
2025-01-24 16:30:00,147.14,147.165,146.72,146.961,242955,1286
2025-01-24 17:00:00,146.94,146.94,146.66,146.66,476257,1262
2025-01-24 17:30:00,146.68,146.88,146.54,146.815,211409,1136
2025-01-24 18:00:00,146.81,146.84,146.6,146.6,303430,1274
2025-01-24 18:30:00,146.61,147.06,146.57,146.89,205718,1119
2025-01-24 19:00:00,146.905,146.99,146.725,146.895,224431,1474
2025-01-24 19:30:00,146.905,146.94,146.71,146.94,230988,1247
2025-01-24 20:00:00,146.95,147.02,146.485,146.884,838418,2871
2025-01-24 20:30:00,146.885,147.208,146.74,146.815,743628,4742
2025-01-24 21:00:00,146.82,146.82,146.82,146.82,1469609,3
2025-01-27 14:30:00,148.45,151.7,148.0,150.01,1773069,7685
2025-01-27 15:00:00,150.025,150.82,149.38,150.805,986115,4237
2025-01-27 15:30:00,150.77,151.08,150.09,150.6,476959,2881
2025-01-27 16:00:00,150.64,151.506,150.49,151.42,603320,3525
2025-01-27 16:30:00,151.41,151.543,150.98,151.45,490433,2642
2025-01-27 17:00:00,151.45,151.78,150.97,151.72,403371,2268
2025-01-27 17:30:00,151.73,152.155,151.58,152.11,483484,2716
2025-01-27 18:00:00,152.105,152.12,151.55,152.055,404609,2295
2025-01-27 18:30:00,152.055,153.12,151.96,153.11,497672,2673
2025-01-27 19:00:00,153.115,153.171,152.62,152.87,479224,3210
2025-01-27 19:30:00,152.85,153.065,152.73,152.99,569255,3577
2025-01-27 20:00:00,152.985,153.45,152.75,153.24,623743,3612
2025-01-27 20:30:00,153.225,153.23,152.54,152.89,1366083,8890
2025-01-27 21:00:00,152.89,152.925,152.89,152.89,1285984,6
2025-01-28 14:30:00,152.66,152.97,151.41,151.475,649514,3157
2025-01-28 15:00:00,151.5,152.05,151.06,151.49,380427,2476
2025-01-28 15:30:00,151.46,152.297,151.41,151.9,270317,1627
2025-01-28 16:00:00,151.91,152.115,151.395,151.467,210735,1354
2025-01-28 16:30:00,151.47,151.56,151.34,151.413,217992,1378
2025-01-28 17:00:00,151.413,151.413,151.07,151.32,248464,1762
2025-01-28 17:30:00,151.32,151.44,151.24,151.34,181874,1245
2025-01-28 18:00:00,151.33,151.365,150.95,151.11,287586,1722
2025-01-28 18:30:00,151.12,151.21,150.94,151.04,252576,1635
2025-01-28 19:00:00,151.03,151.17,150.88,150.98,343639,2143
2025-01-28 19:30:00,151.0,151.0,150.47,150.6,437950,2588
2025-01-28 20:00:00,150.6,150.89,150.4,150.44,618779,3109
2025-01-28 20:30:00,150.43,151.11,150.3,150.385,1176832,6483
2025-01-28 21:00:00,150.38,150.38,150.38,150.38,1224645,3
2025-01-29 14:30:00,150.5,151.19,150.0,150.73,415407,1869
2025-01-29 15:00:00,150.715,151.675,150.47,151.59,410547,2221
2025-01-29 15:30:00,151.575,151.86,151.27,151.54,307839,1813
2025-01-29 16:00:00,151.55,151.6,151.16,151.45,185916,1346
2025-01-29 16:30:00,151.455,151.83,151.44,151.575,276041,1635
2025-01-29 17:00:00,151.575,151.88,151.47,151.63,241911,1557
2025-01-29 17:30:00,151.65,151.68,151.01,151.255,183573,1045
2025-01-29 18:00:00,151.255,151.532,151.14,151.385,214799,1165
2025-01-29 18:30:00,151.385,151.42,151.17,151.26,180331,1088
2025-01-29 19:00:00,151.26,151.36,150.99,151.145,225374,1302
2025-01-29 19:30:00,151.14,151.565,151.12,151.455,464109,2243
2025-01-29 20:00:00,151.47,151.72,151.14,151.61,372154,2160
2025-01-29 20:30:00,151.6,151.67,151.1,151.14,722534,4461
2025-01-29 21:00:00,151.15,151.15,151.15,151.15,917215,3
2025-01-30 14:30:00,151.91,152.1,151.36,152.0,386410,1778
2025-01-30 15:00:00,151.985,152.5,151.856,152.06,221417,1390
2025-01-30 15:30:00,152.05,152.82,151.96,152.78,228150,1168
2025-01-30 16:00:00,152.79,152.94,152.26,152.377,247703,1426
2025-01-30 16:30:00,152.335,152.74,152.23,152.51,149654,835
2025-01-30 17:00:00,152.505,152.78,152.44,152.685,296199,1399
2025-01-30 17:30:00,152.7,153.24,152.7,153.24,274067,1553
2025-01-30 18:00:00,153.25,153.62,153.23,153.47,414900,2275
2025-01-30 18:30:00,153.475,154.14,153.385,154.025,410601,2310
2025-01-30 19:00:00,154.025,154.14,153.47,154.005,490445,2586
2025-01-30 19:30:00,154.0,154.06,153.6,153.73,310472,2142
2025-01-30 20:00:00,153.721,153.815,153.4,153.715,547583,3250
2025-01-30 20:30:00,153.71,153.74,152.565,152.87,1553154,7913
2025-01-30 21:00:00,152.87,152.87,152.87,152.87,1099868,3
2025-01-31 14:30:00,152.62,153.04,152.175,152.42,329079,1412
2025-01-31 15:00:00,152.39,152.75,152.38,152.59,303027,1390
2025-01-31 15:30:00,152.58,152.93,152.4,152.52,333862,1701
2025-01-31 16:00:00,152.54,152.56,152.14,152.14,264392,1492
2025-01-31 16:30:00,152.15,152.42,152.07,152.41,156798,868
2025-01-31 17:00:00,152.414,152.66,152.36,152.6,144867,822
2025-01-31 17:30:00,152.58,152.94,152.56,152.93,183317,882
2025-01-31 18:00:00,152.92,153.18,152.62,152.73,168902,984
2025-01-31 18:30:00,152.74,152.75,152.24,152.34,174820,987
2025-01-31 19:00:00,152.34,152.34,152.12,152.209,341476,1991
2025-01-31 19:30:00,152.205,152.5,152.188,152.33,262031,1673
2025-01-31 20:00:00,152.33,152.76,152.2,152.51,326284,2193
2025-01-31 20:30:00,152.53,152.82,152.055,152.17,810280,5243
2025-01-31 21:00:00,152.15,152.15,152.15,152.15,1767723,3
2025-02-03 14:30:00,152.0,152.31,150.78,150.82,446021,1458
2025-02-03 15:00:00,150.79,151.98,150.79,151.646,283106,1625
2025-02-03 15:30:00,151.66,151.8,151.406,151.54,169782,1161
2025-02-03 16:00:00,151.51,151.99,151.4,151.75,165697,1161
2025-02-03 16:30:00,151.76,151.89,151.44,151.545,160881,1016
2025-02-03 17:00:00,151.51,152.09,151.23,151.97,174523,982
2025-02-03 17:30:00,151.97,152.009,151.7,151.865,111728,665
2025-02-03 18:00:00,151.8,151.92,151.65,151.81,123884,714
2025-02-03 18:30:00,151.83,152.26,151.638,152.175,336486,1296
2025-02-03 19:00:00,152.17,152.2,151.815,151.97,181446,966
2025-02-03 19:30:00,152.0,152.465,152.0,152.35,160488,1008
2025-02-03 20:00:00,152.35,152.351,151.73,151.8,207517,1039
2025-02-03 20:30:00,151.8,152.21,151.66,151.83,530792,3419
2025-02-03 21:00:00,151.87,151.87,151.87,151.87,1394886,3
2025-02-04 14:30:00,151.36,152.73,150.945,152.54,885517,3894
2025-02-04 15:00:00,152.54,153.54,152.35,152.475,468785,2680
2025-02-04 15:30:00,152.48,153.12,152.48,152.72,342240,2110
2025-02-04 16:00:00,152.71,153.54,152.62,153.33,486715,2014
2025-02-04 16:30:00,153.32,153.42,152.78,153.105,196185,1056
2025-02-04 17:00:00,153.11,154.11,153.11,154.1,417749,1818
2025-02-04 17:30:00,154.1,154.18,153.51,153.96,297270,1478
2025-02-04 18:00:00,153.945,154.026,153.39,153.449,269041,1400
2025-02-04 18:30:00,153.441,153.62,153.275,153.56,218658,1112
2025-02-04 19:00:00,153.55,154.04,153.55,153.99,261374,1759
2025-02-04 19:30:00,154.003,154.05,153.72,153.84,376266,2447
2025-02-04 20:00:00,153.85,154.05,153.81,153.95,371347,2158
2025-02-04 20:30:00,153.95,154.15,153.35,153.475,1020469,4526
2025-02-04 21:00:00,153.49,153.49,153.49,153.49,1173652,3
2025-02-05 14:30:00,153.82,154.07,153.41,153.86,435569,1757
2025-02-05 15:00:00,153.905,154.15,153.31,153.95,191299,1269
2025-02-05 15:30:00,153.95,154.045,153.62,153.815,234636,1574
2025-02-05 16:00:00,153.83,154.06,153.63,153.82,271065,1566
2025-02-05 16:30:00,153.83,153.85,153.55,153.65,174605,1148
2025-02-05 17:00:00,153.653,153.89,153.59,153.83,126525,839
2025-02-05 17:30:00,153.82,153.87,153.51,153.77,144771,846
2025-02-05 18:00:00,153.78,154.13,153.78,154.06,167530,992
2025-02-05 18:30:00,154.06,154.68,153.99,154.28,358300,1730
2025-02-05 19:00:00,154.295,154.54,154.23,154.495,212653,984
2025-02-05 19:30:00,154.497,154.535,154.2,154.25,197906,1140
2025-02-05 20:00:00,154.24,154.57,154.16,154.46,289550,1488
2025-02-05 20:30:00,154.47,154.73,154.46,154.67,801134,4503
2025-02-05 21:00:00,154.69,154.69,154.69,154.69,1762167,3
2025-02-06 14:30:00,154.79,154.84,153.81,154.12,478284,1679
2025-02-06 15:00:00,154.14,154.29,153.52,154.045,274860,1720
2025-02-06 15:30:00,154.045,154.15,153.8,153.91,198885,1050
2025-02-06 16:00:00,153.91,154.6,153.904,154.47,223856,1250
2025-02-06 16:30:00,154.48,154.64,153.88,154.1,212343,1182
2025-02-06 17:00:00,154.1,154.18,153.8,153.975,136587,855
2025-02-06 17:30:00,153.98,154.12,153.76,153.84,151589,945
2025-02-06 18:00:00,153.84,154.07,153.75,154.04,161295,1049
2025-02-06 18:30:00,154.05,154.07,153.82,153.93,139179,743
2025-02-06 19:00:00,153.93,154.095,153.89,153.95,189524,1012
2025-02-06 19:30:00,153.93,154.04,153.65,153.855,298095,1614
2025-02-06 20:00:00,153.84,154.29,153.7,153.71,436258,2678
2025-02-06 20:30:00,153.71,153.78,153.38,153.48,1013334,6017
2025-02-06 21:00:00,153.51,153.51,153.51,153.51,985289,3
2025-02-07 14:30:00,153.53,154.24,152.8,153.94,357117,1493
2025-02-07 15:00:00,153.99,154.49,153.72,153.925,239764,1444
2025-02-07 15:30:00,153.925,154.11,153.54,153.88,204045,1253
2025-02-07 16:00:00,153.87,154.2,153.625,153.64,219034,1416
2025-02-07 16:30:00,153.67,153.88,153.63,153.742,137809,1025
2025-02-07 17:00:00,153.72,154.12,153.69,153.97,156287,970
2025-02-07 17:30:00,153.97,154.03,153.81,153.85,131251,781
2025-02-07 18:00:00,153.87,154.06,153.8,154.005,158950,964
2025-02-07 18:30:00,154.01,154.06,153.75,153.775,141651,849
2025-02-07 19:00:00,153.77,153.887,153.69,153.84,201105,1014
2025-02-07 19:30:00,153.86,153.88,153.71,153.72,207028,1190
2025-02-07 20:00:00,153.72,153.78,153.38,153.65,312515,1720
2025-02-07 20:30:00,153.645,153.69,152.94,153.15,844405,5776
2025-02-07 21:00:00,153.12,153.12,153.12,153.12,726702,3
2025-02-10 14:30:00,153.61,153.61,152.29,152.5,333862,1334
2025-02-10 15:00:00,152.525,152.95,152.442,152.93,271666,1295
2025-02-10 15:30:00,152.96,153.47,152.94,153.41,172744,1028
2025-02-10 16:00:00,153.4,153.43,153.08,153.27,157442,896
2025-02-10 16:30:00,153.274,153.61,153.171,153.24,128631,737
2025-02-10 17:00:00,153.24,153.63,153.044,153.51,156774,1031
2025-02-10 17:30:00,153.51,153.6,153.34,153.49,114147,730
2025-02-10 18:00:00,153.458,153.84,153.458,153.6,129763,823
2025-02-10 18:30:00,153.61,153.83,153.45,153.705,228919,1449
2025-02-10 19:00:00,153.71,153.95,153.56,153.94,136527,954
2025-02-10 19:30:00,153.925,154.14,153.78,153.89,197327,1447
2025-02-10 20:00:00,153.89,154.066,153.835,153.95,193312,1338
2025-02-10 20:30:00,153.95,154.37,153.9,154.23,448579,3153
2025-02-10 21:00:00,154.24,154.24,154.24,154.24,1014944,3
2025-02-11 14:30:00,154.11,154.99,153.94,154.57,470080,2277
2025-02-11 15:00:00,154.57,155.48,154.415,155.26,428504,2153
2025-02-11 15:30:00,155.26,155.389,155.06,155.31,188090,1168
2025-02-11 16:00:00,155.29,155.66,155.26,155.655,151376,965
2025-02-11 16:30:00,155.67,156.14,155.61,156.14,292533,1447
2025-02-11 17:00:00,156.15,156.39,156.0,156.13,279717,1585
2025-02-11 17:30:00,156.12,156.19,155.908,156.011,142657,862
2025-02-11 18:00:00,156.01,156.1,155.77,155.913,161531,1097
2025-02-11 18:30:00,155.89,155.91,155.4,155.43,129269,819
2025-02-11 19:00:00,155.44,155.99,155.385,155.98,159831,986
2025-02-11 19:30:00,155.96,156.09,155.8,155.91,142739,861
2025-02-11 20:00:00,155.91,156.347,155.905,156.26,266716,1471
2025-02-11 20:30:00,156.26,156.39,155.95,156.12,616351,4298
2025-02-11 21:00:00,156.13,156.13,156.13,156.13,792905,3
2025-02-12 14:30:00,155.27,155.66,154.27,154.34,566546,2869
2025-02-12 15:00:00,154.365,154.87,154.31,154.55,371329,2341
2025-02-12 15:30:00,154.55,155.31,154.5,155.0,231750,1558
2025-02-12 16:00:00,155.01,155.02,154.419,154.52,164071,1168
2025-02-12 16:30:00,154.52,155.0,154.438,154.95,204511,1084
2025-02-12 17:00:00,154.97,155.24,154.94,155.125,172120,1019
2025-02-12 17:30:00,155.12,155.325,155.08,155.25,190001,968
2025-02-12 18:00:00,155.27,155.29,154.62,154.65,204865,1124
2025-02-12 18:30:00,154.66,154.8,154.605,154.765,223467,1061
2025-02-12 19:00:00,154.75,155.038,154.72,154.87,260979,1245
2025-02-12 19:30:00,154.865,155.31,154.86,155.226,178362,1058
2025-02-12 20:00:00,155.21,155.44,155.13,155.42,294869,1704
2025-02-12 20:30:00,155.41,155.55,155.14,155.24,555628,3580
2025-02-12 21:00:00,155.26,155.26,155.26,155.26,1941038,3
2025-02-13 14:30:00,155.26,155.7,154.79,155.42,451369,1794
2025-02-13 15:00:00,155.42,155.98,155.32,155.949,308079,1805
2025-02-13 15:30:00,155.965,156.34,155.81,156.29,348316,1686
2025-02-13 16:00:00,156.27,157.14,156.27,156.88,531734,2578
2025-02-13 16:30:00,156.865,157.37,156.6,157.04,491944,2670
2025-02-13 17:00:00,157.02,157.235,156.81,157.19,280183,1578
2025-02-13 17:30:00,157.18,157.43,156.94,157.01,370035,1405
2025-02-13 18:00:00,157.005,157.32,156.92,157.29,351446,1752
2025-02-13 18:30:00,157.3,157.48,157.06,157.42,335748,1828
2025-02-13 19:00:00,157.42,158.13,157.42,157.835,516610,3199
2025-02-13 19:30:00,157.835,158.03,157.53,157.678,396692,3014
2025-02-13 20:00:00,157.669,157.84,157.47,157.54,373323,2533
2025-02-13 20:30:00,157.525,157.68,157.16,157.27,737319,4943
2025-02-13 21:00:00,157.25,157.25,157.25,157.25,2188887,3
2025-02-14 14:30:00,157.29,157.47,156.08,156.36,489141,2497
2025-02-14 15:00:00,156.41,156.835,156.32,156.58,220367,1420
2025-02-14 15:30:00,156.59,156.79,156.51,156.693,233295,1441
2025-02-14 16:00:00,156.7,156.8,156.29,156.35,167535,1051
2025-02-14 16:30:00,156.35,156.64,156.3,156.58,189163,1111
2025-02-14 17:00:00,156.58,156.68,156.38,156.585,221899,1165
2025-02-14 17:30:00,156.59,156.61,156.35,156.43,236838,1248
2025-02-14 18:00:00,156.43,156.745,156.39,156.73,150692,886
2025-02-14 18:30:00,156.73,156.91,156.61,156.91,188228,914
2025-02-14 19:00:00,156.91,157.014,156.86,156.9,209842,1156
2025-02-14 19:30:00,156.9,157.02,156.6,156.725,167082,1162
2025-02-14 20:00:00,156.725,156.81,156.455,156.49,240069,1604
2025-02-14 20:30:00,156.48,156.749,156.06,156.11,768608,4726
2025-02-14 21:00:00,156.15,156.15,156.15,156.15,1142553,3
2025-02-18 14:30:00,154.14,155.31,153.24,154.6,1015965,3675
2025-02-18 15:00:00,154.6,155.45,154.36,154.795,530986,3216
2025-02-18 15:30:00,154.755,155.09,154.72,155.01,308525,1825
2025-02-18 16:00:00,154.98,155.08,154.65,154.65,207370,1198
2025-02-18 16:30:00,154.62,155.147,154.55,155.01,278685,1301
2025-02-18 17:00:00,155.0,155.0,154.54,154.84,184299,985
2025-02-18 17:30:00,154.835,155.0,154.667,154.83,173556,1012
2025-02-18 18:00:00,154.84,154.94,154.63,154.88,198360,1089
2025-02-18 18:30:00,154.86,154.95,154.76,154.77,197913,1119
2025-02-18 19:00:00,154.775,154.815,154.31,154.7,290961,1616
2025-02-18 19:30:00,154.695,154.985,154.6,154.84,171735,953
2025-02-18 20:00:00,154.833,155.3,154.775,155.28,251882,1393
2025-02-18 20:30:00,155.276,155.41,154.85,155.01,698253,4430
2025-02-18 21:00:00,154.99,154.99,154.99,154.99,1522657,3
2025-02-19 14:30:00,155.0,156.865,154.75,156.455,543850,2382
2025-02-19 15:00:00,156.43,156.9,156.39,156.76,342016,2105
2025-02-19 15:30:00,156.76,157.4,156.63,157.23,414349,2593
2025-02-19 16:00:00,157.201,157.5,157.14,157.245,346331,2135
2025-02-19 16:30:00,157.245,157.44,157.1,157.15,261022,1688
2025-02-19 17:00:00,157.155,157.35,156.84,157.12,227237,1293
2025-02-19 17:30:00,157.13,157.5,157.06,157.44,230546,1296
2025-02-19 18:00:00,157.45,157.74,157.37,157.72,226900,1337
2025-02-19 18:30:00,157.72,157.775,157.56,157.631,173110,1247
2025-02-19 19:00:00,157.63,157.87,157.56,157.8,169108,1252
2025-02-19 19:30:00,157.8,157.82,157.51,157.711,247713,1614
2025-02-19 20:00:00,157.71,158.099,157.57,158.06,338397,2016
2025-02-19 20:30:00,158.06,158.3,157.81,157.9,884788,5861
2025-02-19 21:00:00,157.89,157.89,157.89,157.89,1002662,3
2025-02-20 14:30:00,156.95,159.48,156.95,159.41,534340,2493
2025-02-20 15:00:00,159.4,159.51,158.754,159.305,354165,2330
2025-02-20 15:30:00,159.35,159.95,159.231,159.785,308839,2073
2025-02-20 16:00:00,159.76,159.935,159.451,159.66,312733,1860
2025-02-20 16:30:00,159.61,159.73,159.22,159.3,222263,1370
2025-02-20 17:00:00,159.3,159.63,158.98,159.44,256117,1323
2025-02-20 17:30:00,159.42,159.51,159.21,159.304,135167,917
2025-02-20 18:00:00,159.3,159.51,158.98,159.35,257611,1567
2025-02-20 18:30:00,159.36,159.67,159.3,159.62,198250,1271
2025-02-20 19:00:00,159.61,159.67,159.385,159.42,117965,707
2025-02-20 19:30:00,159.42,159.68,159.31,159.665,166081,1110
2025-02-20 20:00:00,159.65,159.675,159.23,159.37,256759,1641
2025-02-20 20:30:00,159.38,159.8,159.28,159.68,638576,4550
2025-02-20 21:00:00,159.68,159.68,159.68,159.68,952791,3
2025-02-21 14:30:00,159.88,160.72,159.28,160.35,1541849,3167
2025-02-21 15:00:00,160.26,160.92,160.23,160.905,425576,2783
2025-02-21 15:30:00,160.905,161.69,160.58,161.545,649883,4246
2025-02-21 16:00:00,161.56,161.98,161.295,161.666,407737,2573
2025-02-21 16:30:00,161.65,161.94,161.58,161.74,210641,1319
2025-02-21 17:00:00,161.76,162.02,161.55,161.73,341309,1873
2025-02-21 17:30:00,161.73,162.26,161.68,162.1,228700,1335
2025-02-21 18:00:00,162.09,162.64,162.025,162.44,404823,2124
2025-02-21 18:30:00,162.44,162.83,162.36,162.68,324140,1671
2025-02-21 19:00:00,162.665,162.99,162.58,162.899,330072,1892
2025-02-21 19:30:00,162.9,163.51,162.69,163.235,564889,2852
2025-02-21 20:00:00,163.22,163.32,162.47,162.63,523835,3184
2025-02-21 20:30:00,162.64,162.73,162.19,162.37,1069686,6528
2025-02-21 21:00:00,162.3,162.3,162.3,162.3,1566405,3
2025-02-24 14:30:00,162.68,163.85,162.05,163.61,920001,4394
2025-02-24 15:00:00,163.58,164.75,163.54,164.13,701911,4270
2025-02-24 15:30:00,164.14,164.87,163.59,164.35,527382,2685
2025-02-24 16:00:00,164.4,164.48,163.52,163.88,480663,2924
2025-02-24 16:30:00,163.88,164.23,163.55,164.01,345722,2228
2025-02-24 17:00:00,164.02,164.09,163.6,163.71,259071,1744
2025-02-24 17:30:00,163.71,163.783,163.42,163.59,226000,1335
2025-02-24 18:00:00,163.59,163.65,163.28,163.408,169627,988
2025-02-24 18:30:00,163.4,163.705,163.39,163.515,176341,976
2025-02-24 19:00:00,163.52,164.1,163.43,163.896,298501,1679
2025-02-24 19:30:00,163.919,164.14,163.919,164.115,310072,1807
2025-02-24 20:00:00,164.11,164.3,163.88,163.97,313124,1954
2025-02-24 20:30:00,163.94,164.04,163.56,163.81,906066,5607
2025-02-24 21:00:00,163.74,163.74,163.74,163.74,1148605,3
2025-02-25 14:30:00,164.1,165.75,163.94,165.21,1234980,4526
2025-02-25 15:00:00,165.17,166.03,164.85,165.86,605432,3284
2025-02-25 15:30:00,165.82,165.96,164.91,165.35,382340,2626
2025-02-25 16:00:00,165.34,166.065,165.26,165.81,639339,3269
2025-02-25 16:30:00,165.79,165.86,165.27,165.775,527100,3229
2025-02-25 17:00:00,165.78,165.9,165.425,165.83,261705,1732
2025-02-25 17:30:00,165.83,165.98,165.52,165.66,240377,1370
2025-02-25 18:00:00,165.67,165.88,165.62,165.825,214810,1432
2025-02-25 18:30:00,165.83,166.0,165.38,165.395,235189,1503
2025-02-25 19:00:00,165.395,165.49,165.13,165.35,329765,2326
2025-02-25 19:30:00,165.36,165.715,165.23,165.69,450796,2648
2025-02-25 20:00:00,165.7,165.81,165.4,165.73,548550,3379
2025-02-25 20:30:00,165.73,166.43,165.565,166.08,1058996,6715
2025-02-25 21:00:00,166.09,166.09,166.09,166.09,1165752,3
2025-02-26 14:30:00,165.08,165.13,163.33,163.63,702191,3412
2025-02-26 15:00:00,163.65,164.16,163.37,164.05,484769,2972
2025-02-26 15:30:00,164.03,164.07,163.13,163.78,382364,2532
2025-02-26 16:00:00,163.805,163.92,163.45,163.51,355489,2406
2025-02-26 16:30:00,163.49,163.55,162.84,163.35,505980,3263
2025-02-26 17:00:00,163.36,163.44,163.06,163.19,232003,1587
2025-02-26 17:30:00,163.19,163.24,162.76,162.96,335542,2260
2025-02-26 18:00:00,162.96,163.16,162.86,163.135,529454,2725
2025-02-26 18:30:00,163.12,163.4,162.96,163.385,287742,1911
2025-02-26 19:00:00,163.39,163.79,163.245,163.73,292654,2080
2025-02-26 19:30:00,163.74,163.75,163.2,163.315,323280,2128
2025-02-26 20:00:00,163.315,163.377,162.67,162.73,710214,4173
2025-02-26 20:30:00,162.74,163.25,162.555,163.07,1508020,9091
2025-02-26 21:00:00,163.08,163.08,163.08,163.08,1893356,3
2025-02-27 14:30:00,162.31,163.58,161.73,163.31,759787,4321
2025-02-27 15:00:00,163.28,163.85,162.11,163.04,449572,3225
2025-02-27 15:30:00,163.01,163.28,162.78,163.007,339299,2722
2025-02-27 16:00:00,163.0,163.22,162.54,162.8,211370,1439
2025-02-27 16:30:00,162.81,163.0,162.05,162.44,382495,2507
2025-02-27 17:00:00,162.42,162.47,162.06,162.44,325098,2066
2025-02-27 17:30:00,162.46,162.73,162.4,162.685,251070,964
2025-02-27 18:00:00,162.685,163.043,162.655,162.89,198202,860
2025-02-27 18:30:00,162.88,163.37,162.812,163.205,213290,1051
2025-02-27 19:00:00,163.205,163.3,163.1,163.13,229453,1339
2025-02-27 19:30:00,163.123,163.38,163.0,163.28,354002,2243
2025-02-27 20:00:00,163.26,163.64,163.14,163.325,355827,2304
2025-02-27 20:30:00,163.32,163.95,163.24,163.77,1004555,6556
2025-02-27 21:00:00,163.73,163.73,163.73,163.73,961728,3
2025-02-28 14:30:00,164.31,165.94,164.25,164.76,573944,2366
2025-02-28 15:00:00,164.698,164.87,163.17,163.25,353560,2418
2025-02-28 15:30:00,163.24,163.62,162.925,163.456,277852,1843
2025-02-28 16:00:00,163.435,163.61,163.175,163.26,191508,1396
2025-02-28 16:30:00,163.28,163.63,163.27,163.46,144516,1091
2025-02-28 17:00:00,163.46,163.53,163.1,163.155,169892,1140
2025-02-28 17:30:00,163.155,163.23,162.78,163.005,308613,1951
2025-02-28 18:00:00,163.005,163.13,162.7,162.965,268832,1710
2025-02-28 18:30:00,162.95,163.22,162.725,162.99,253078,1371
2025-02-28 19:00:00,163.019,163.44,163.019,163.335,187604,1039
2025-02-28 19:30:00,163.333,163.55,163.28,163.5,136431,848
2025-02-28 20:00:00,163.505,163.94,163.505,163.94,294553,1676
2025-02-28 20:30:00,163.94,165.34,163.88,164.99,1524986,9401
2025-02-28 21:00:00,165.02,165.02,165.02,165.02,2922815,3
2025-03-03 14:30:00,164.96,167.18,164.84,166.82,708298,2849
2025-03-03 15:00:00,166.75,167.05,166.07,166.45,424289,2239
2025-03-03 15:30:00,166.41,166.72,166.205,166.42,310837,1934
2025-03-03 16:00:00,166.43,166.78,166.2,166.57,332482,2272
2025-03-03 16:30:00,166.56,166.82,166.43,166.71,225261,1502
2025-03-03 17:00:00,166.72,166.81,166.54,166.6,187042,1151
2025-03-03 17:30:00,166.6,166.635,166.33,166.41,228725,1374
2025-03-03 18:00:00,166.42,166.67,166.24,166.46,243351,1566
2025-03-03 18:30:00,166.45,166.52,166.08,166.205,224196,1371
2025-03-03 19:00:00,166.21,166.41,165.95,166.17,298372,1611
2025-03-03 19:30:00,166.19,166.53,166.185,166.33,379150,2349
2025-03-03 20:00:00,166.325,166.98,166.3,166.655,432693,2712
2025-03-03 20:30:00,166.655,167.33,166.35,167.27,1099640,6129
2025-03-03 21:00:00,167.28,167.28,167.28,167.28,1403811,3
2025-03-04 14:30:00,168.08,169.99,167.88,169.11,1530004,6276
2025-03-04 15:00:00,169.128,169.82,168.74,169.82,668188,3663
2025-03-04 15:30:00,169.81,169.87,167.92,168.03,706759,3850
2025-03-04 16:00:00,168.09,168.455,167.88,168.43,309840,2002
2025-03-04 16:30:00,168.34,168.45,167.45,167.795,293897,1929
2025-03-04 17:00:00,167.78,167.95,166.76,167.0,322154,1909
2025-03-04 17:30:00,166.99,167.28,166.13,166.28,309355,2124
2025-03-04 18:00:00,166.25,166.47,166.05,166.47,224370,1405
2025-03-04 18:30:00,166.55,166.64,166.3,166.435,195998,1173
2025-03-04 19:00:00,166.435,166.63,165.74,165.895,366994,2291
2025-03-04 19:30:00,165.93,166.665,165.84,166.54,369859,2420
2025-03-04 20:00:00,166.54,166.61,165.83,166.13,400083,2906
2025-03-04 20:30:00,166.13,166.36,165.32,165.46,1179222,8237
2025-03-04 21:00:00,165.42,165.42,165.42,165.42,1905609,3
2025-03-05 14:30:00,164.51,166.462,164.17,165.355,514433,2368
2025-03-05 15:00:00,165.35,165.64,164.06,164.13,575632,3631
2025-03-05 15:30:00,164.11,164.34,163.6,163.86,437456,3218
2025-03-05 16:00:00,163.9,164.67,163.53,164.66,450441,3199
2025-03-05 16:30:00,164.64,165.094,164.51,165.06,279769,2133
2025-03-05 17:00:00,165.07,165.45,164.94,165.39,180650,1282
2025-03-05 17:30:00,165.38,165.56,164.9,165.12,188562,1320
2025-03-05 18:00:00,165.115,165.26,164.58,164.83,198585,1290
2025-03-05 18:30:00,164.83,165.19,164.66,165.19,165127,1122
2025-03-05 19:00:00,165.21,165.38,165.03,165.295,195586,1285
2025-03-05 19:30:00,165.28,165.42,164.955,164.98,194054,1283
2025-03-05 20:00:00,165.0,165.38,164.995,165.125,211279,1543
2025-03-05 20:30:00,165.13,165.344,164.77,165.09,691121,4859
2025-03-05 21:00:00,165.12,165.12,165.12,165.12,1081763,3
2025-03-06 14:30:00,165.0,165.7,163.8,164.2,588535,3186
2025-03-06 15:00:00,164.185,164.41,163.51,163.765,419754,2269
2025-03-06 15:30:00,163.81,164.4,163.74,164.378,324520,2186
2025-03-06 16:00:00,164.33,165.03,164.31,164.715,405566,2458
2025-03-06 16:30:00,164.72,164.96,164.03,164.24,207807,1377
2025-03-06 17:00:00,164.24,164.82,164.19,164.6,239150,1550
2025-03-06 17:30:00,164.59,164.9,164.44,164.78,203102,1379
2025-03-06 18:00:00,164.75,165.09,164.56,164.7,183335,1074
2025-03-06 18:30:00,164.695,165.01,164.605,164.844,160825,1094
2025-03-06 19:00:00,164.84,165.23,164.75,165.105,268464,1678
2025-03-06 19:30:00,165.09,165.46,164.928,165.185,329519,2115
2025-03-06 20:00:00,165.217,165.87,165.04,165.86,385134,2185
2025-03-06 20:30:00,165.85,165.87,165.43,165.82,860266,5773
2025-03-06 21:00:00,165.83,165.83,165.83,165.83,1253943,3
2025-03-07 14:30:00,165.13,167.04,164.7,166.27,488619,2498
2025-03-07 15:00:00,166.33,167.57,166.07,167.46,300866,1961
2025-03-07 15:30:00,167.49,167.75,167.106,167.37,327228,2148
2025-03-07 16:00:00,167.38,167.78,167.21,167.66,259093,1703
2025-03-07 16:30:00,167.655,168.29,167.605,168.24,363674,2107
2025-03-07 17:00:00,168.24,168.46,167.725,167.86,310355,1963
2025-03-07 17:30:00,167.88,168.25,167.67,168.02,229829,1473
2025-03-07 18:00:00,168.0,168.029,167.66,167.74,189667,1261
2025-03-07 18:30:00,167.73,167.73,167.24,167.245,272486,1852
2025-03-07 19:00:00,167.25,167.67,167.15,167.245,414466,2675
2025-03-07 19:30:00,167.245,167.49,166.92,167.175,434374,2649
2025-03-07 20:00:00,167.175,167.49,166.945,167.21,362798,2645
2025-03-07 20:30:00,167.21,167.26,166.62,166.68,916274,6333
2025-03-07 21:00:00,166.69,166.69,166.69,166.69,963842,3
2025-03-10 13:30:00,167.48,169.9,167.05,168.51,1508453,6859
2025-03-10 14:00:00,168.51,169.24,168.14,168.55,771193,5057
2025-03-10 14:30:00,168.601,169.5,168.25,169.21,617908,3952
2025-03-10 15:00:00,169.225,169.45,168.71,168.92,629010,4171
2025-03-10 15:30:00,168.93,169.17,168.34,169.17,552115,3931
2025-03-10 16:00:00,169.17,169.335,168.5,168.77,368926,2607
2025-03-10 16:30:00,168.77,169.44,168.75,169.07,428727,2768
2025-03-10 17:00:00,169.11,169.365,168.72,168.895,608991,2840
2025-03-10 17:30:00,168.895,169.14,168.7,168.885,873835,3134
2025-03-10 18:00:00,168.885,169.315,168.725,168.785,832212,3210
2025-03-10 18:30:00,168.785,168.8,167.815,168.125,644429,4113
2025-03-10 19:00:00,168.13,168.24,167.415,167.6,1032702,4933
2025-03-10 19:30:00,167.6,168.23,167.17,167.71,1559431,10569
2025-03-10 20:00:00,167.7,167.7,167.7,167.7,2212540,3
2025-03-11 13:30:00,167.2,167.3,165.5,165.75,724517,3744
2025-03-11 14:00:00,165.77,166.59,165.06,166.59,477033,3324
2025-03-11 14:30:00,166.56,166.71,165.54,165.74,275147,1866
2025-03-11 15:00:00,165.76,165.97,165.33,165.435,331202,1812
2025-03-11 15:30:00,165.42,165.99,165.41,165.63,241314,1863
2025-03-11 16:00:00,165.634,165.658,165.06,165.48,257567,1622
2025-03-11 16:30:00,165.46,165.62,165.07,165.25,250484,1728
2025-03-11 17:00:00,165.23,165.65,165.05,165.62,205148,1185
2025-03-11 17:30:00,165.645,165.705,165.33,165.54,310199,1832
2025-03-11 18:00:00,165.545,165.73,165.41,165.615,206125,1497
2025-03-11 18:30:00,165.61,166.09,165.43,165.99,417159,2896
2025-03-11 19:00:00,166.02,166.49,165.878,166.1,370708,2499
2025-03-11 19:30:00,166.075,166.399,165.64,165.83,942790,6268
2025-03-11 20:00:00,165.86,165.86,165.86,165.86,1433606,3
2025-03-12 13:30:00,163.73,164.21,162.79,163.21,620338,3661
2025-03-12 14:00:00,163.22,163.84,162.75,163.12,405065,2612
2025-03-12 14:30:00,163.12,163.25,162.23,162.51,473032,2993
2025-03-12 15:00:00,162.51,163.29,162.41,162.8,270777,1790
2025-03-12 15:30:00,162.83,163.15,162.555,163.065,243868,1450
2025-03-12 16:00:00,163.05,163.24,162.84,163.04,239643,1299
2025-03-12 16:30:00,163.06,163.25,162.65,162.75,207597,1210
2025-03-12 17:00:00,162.75,163.05,162.63,162.965,144572,860
2025-03-12 17:30:00,162.94,163.1,162.85,162.89,145629,937
2025-03-12 18:00:00,162.895,163.16,162.77,162.95,199864,866
2025-03-12 18:30:00,162.95,163.19,162.91,163.11,160359,970
2025-03-12 19:00:00,163.11,163.2,162.55,162.69,237633,1505
2025-03-12 19:30:00,162.71,163.44,162.65,162.835,843613,5270
2025-03-12 20:00:00,162.85,162.85,162.85,162.85,1092513,3
2025-03-13 13:30:00,163.43,164.54,162.72,164.3,329035,1493
2025-03-13 14:00:00,164.33,164.44,163.35,163.49,213405,1429
2025-03-13 14:30:00,163.49,164.0,163.25,163.335,174023,1164
2025-03-13 15:00:00,163.31,163.38,163.09,163.24,181131,1048
2025-03-13 15:30:00,163.25,163.29,162.85,163.18,162468,1180
2025-03-13 16:00:00,163.21,163.56,162.84,162.84,123824,944
2025-03-13 16:30:00,162.84,163.22,162.8,163.22,158184,1134
2025-03-13 17:00:00,163.24,163.47,163.12,163.16,148115,1003
2025-03-13 17:30:00,163.15,163.17,162.881,162.9,157590,1057
2025-03-13 18:00:00,162.885,163.23,162.84,163.04,157841,997
2025-03-13 18:30:00,163.06,163.25,162.85,163.0,151133,1101
2025-03-13 19:00:00,163.0,163.125,162.78,162.78,174490,1299
2025-03-13 19:30:00,162.77,163.33,162.66,163.015,557730,4091
2025-03-13 20:00:00,162.99,162.99,162.99,162.99,818550,3
2025-03-14 13:30:00,162.12,162.8,161.1,162.76,536961,3229
2025-03-14 14:00:00,162.67,162.84,161.935,162.2,287727,2053
2025-03-14 14:30:00,162.2,162.3,161.71,162.0,239012,1742
2025-03-14 15:00:00,162.01,162.14,161.595,162.08,172902,1192
2025-03-14 15:30:00,162.07,162.58,161.86,162.58,141889,1013
2025-03-14 16:00:00,162.59,162.63,162.11,162.27,172593,1121
2025-03-14 16:30:00,162.31,162.74,162.26,162.63,181250,1306
2025-03-14 17:00:00,162.65,162.91,162.63,162.65,128025,846
2025-03-14 17:30:00,162.68,162.86,162.54,162.63,137411,772
2025-03-14 18:00:00,162.63,162.92,162.51,162.664,120893,764
2025-03-14 18:30:00,162.66,162.87,162.66,162.735,141265,840
2025-03-14 19:00:00,162.735,162.975,162.58,162.594,249205,1544
2025-03-14 19:30:00,162.62,163.15,162.49,162.77,689670,4516
2025-03-14 20:00:00,162.81,162.81,162.81,162.81,1243149,3
2025-03-17 13:30:00,162.41,163.09,161.73,163.0,427881,2213
2025-03-17 14:00:00,163.06,163.5,162.8,163.22,218041,1275
2025-03-17 14:30:00,163.23,163.29,162.92,163.08,235334,1631
2025-03-17 15:00:00,163.1,163.24,162.655,162.675,167436,1198
2025-03-17 15:30:00,162.68,162.87,162.48,162.745,138273,932
2025-03-17 16:00:00,162.76,163.17,162.65,163.07,163496,1060
2025-03-17 16:30:00,163.065,163.325,162.88,163.21,153781,923
2025-03-17 17:00:00,163.19,163.3,162.995,163.03,208018,1181
2025-03-17 17:30:00,163.01,163.43,162.955,163.29,167512,992
2025-03-17 18:00:00,163.29,163.5,163.1,163.1,153190,1047
2025-03-17 18:30:00,163.12,163.304,163.02,163.13,155043,960
2025-03-17 19:00:00,163.12,163.16,162.705,162.9,224071,1491
2025-03-17 19:30:00,162.9,163.075,162.72,162.87,590180,3936
2025-03-17 20:00:00,162.84,162.84,162.84,162.84,1018787,3
2025-03-18 13:30:00,163.44,163.925,162.965,163.73,512856,2999
2025-03-18 14:00:00,163.77,164.576,163.77,164.41,397750,2271
2025-03-18 14:30:00,164.38,164.86,164.3,164.585,298376,1618
2025-03-18 15:00:00,164.6,164.65,164.02,164.15,282235,1678
2025-03-18 15:30:00,164.18,164.32,163.93,164.005,217715,1418
2025-03-18 16:00:00,163.99,164.1,163.86,164.0,139102,906
2025-03-18 16:30:00,163.99,164.0,163.48,163.49,155299,885
2025-03-18 17:00:00,163.51,163.76,163.44,163.695,166989,1041
2025-03-18 17:30:00,163.695,163.91,163.69,163.775,138200,947
2025-03-18 18:00:00,163.78,164.12,163.78,164.01,166681,1148
2025-03-18 18:30:00,164.0,164.375,163.91,163.92,240487,1538
2025-03-18 19:00:00,163.93,164.22,163.7,164.16,185471,1149
2025-03-18 19:30:00,164.157,164.54,164.09,164.35,526173,3296
2025-03-18 20:00:00,164.25,164.25,164.25,164.25,948928,3
2025-03-19 13:30:00,163.97,164.36,163.41,163.81,293895,1264
2025-03-19 14:00:00,163.73,163.83,163.097,163.31,195170,1297
2025-03-19 14:30:00,163.31,163.48,163.01,163.045,98319,677
2025-03-19 15:00:00,163.07,163.23,162.66,162.925,100991,624
2025-03-19 15:30:00,162.935,163.19,162.83,163.15,197357,1201
2025-03-19 16:00:00,163.16,163.24,162.97,163.085,81218,484
2025-03-19 16:30:00,163.109,163.111,162.84,162.868,95669,555
2025-03-19 17:00:00,162.84,162.898,162.53,162.545,95509,688
2025-03-19 17:30:00,162.55,162.59,162.31,162.4,86198,622
2025-03-19 18:00:00,162.41,162.66,162.24,162.31,194252,1323
2025-03-19 18:30:00,162.3,163.0,162.21,162.75,269003,1611
2025-03-19 19:00:00,162.75,163.2,162.7,163.2,230907,1576
2025-03-19 19:30:00,163.22,163.34,162.83,163.0,558663,3871
2025-03-19 20:00:00,162.99,162.99,162.99,162.99,1205325,3
2025-03-20 13:30:00,163.0,163.11,162.25,162.8,368174,1904
2025-03-20 14:00:00,162.81,163.2,162.58,163.05,285529,1823
2025-03-20 14:30:00,163.05,163.155,162.561,162.63,215804,1642
2025-03-20 15:00:00,162.64,162.66,161.935,162.01,241463,1635
2025-03-20 15:30:00,162.0,162.71,161.925,162.66,140473,919
2025-03-20 16:00:00,162.658,162.82,162.575,162.73,198106,1538
2025-03-20 16:30:00,162.74,163.02,162.7,162.88,165476,1107
2025-03-20 17:00:00,162.87,162.97,162.58,162.712,141322,1021
2025-03-20 17:30:00,162.72,162.97,162.49,162.51,143380,1018
2025-03-20 18:00:00,162.52,162.7,162.42,162.62,164034,1268
2025-03-20 18:30:00,162.615,162.69,162.39,162.64,209975,1508
2025-03-20 19:00:00,162.63,162.97,162.46,162.8,263225,1660
2025-03-20 19:30:00,162.79,163.1,162.68,163.02,613070,3738
2025-03-20 20:00:00,163.02,163.02,163.02,163.02,1995107,3
2025-03-21 13:30:00,163.0,164.13,162.48,163.73,1989115,2923
2025-03-21 14:00:00,163.69,163.9,162.71,162.885,226043,1480
2025-03-21 14:30:00,162.87,163.555,162.78,163.48,218520,1324
2025-03-21 15:00:00,163.49,163.88,163.38,163.63,230916,1612
2025-03-21 15:30:00,163.635,163.635,163.28,163.4,153160,1048
2025-03-21 16:00:00,163.377,163.5,163.22,163.35,111721,804
2025-03-21 16:30:00,163.34,163.515,163.226,163.425,123738,818
2025-03-21 17:00:00,163.425,163.64,163.205,163.22,140699,1044
2025-03-21 17:30:00,163.2,163.55,163.07,163.3,105654,679
2025-03-21 18:00:00,163.31,163.34,162.85,162.88,182633,963
2025-03-21 18:30:00,162.91,163.06,162.85,162.93,233539,1453
2025-03-21 19:00:00,162.94,163.105,162.91,163.0,275257,1751
2025-03-21 19:30:00,163.005,163.66,162.68,163.51,878550,5520
2025-03-21 20:00:00,163.63,163.63,163.63,163.63,7519418,3
2025-03-24 13:30:00,162.84,164.33,162.5,164.29,465251,2390
2025-03-24 14:00:00,164.295,164.39,163.75,163.76,226383,1412
2025-03-24 14:30:00,163.755,163.84,163.37,163.735,191891,1170
2025-03-24 15:00:00,163.745,163.8,163.34,163.474,259288,1558
2025-03-24 15:30:00,163.486,164.07,163.485,164.03,339236,1846
2025-03-24 16:00:00,164.04,164.06,163.58,163.581,181184,1232
2025-03-24 16:30:00,163.6,163.63,163.26,163.35,245759,1455
2025-03-24 17:00:00,163.37,163.385,163.06,163.177,208828,1395
2025-03-24 17:30:00,163.18,163.47,163.18,163.4,139101,863
2025-03-24 18:00:00,163.41,163.43,162.8,162.875,165558,1049
2025-03-24 18:30:00,162.88,163.21,162.785,163.09,202553,1525
2025-03-24 19:00:00,163.09,163.35,162.865,163.315,185977,1106
2025-03-24 19:30:00,163.33,163.55,163.15,163.23,557863,3471
2025-03-24 20:00:00,163.29,163.29,163.29,163.29,1549276,3
2025-03-25 13:30:00,163.52,163.75,162.85,163.45,351911,1424
2025-03-25 14:00:00,163.482,164.16,163.44,164.0,180024,1241
2025-03-25 14:30:00,164.005,164.19,163.35,163.86,222017,1245
2025-03-25 15:00:00,163.86,164.08,163.29,163.35,160042,877
2025-03-25 15:30:00,163.35,163.355,162.805,162.805,104544,675
2025-03-25 16:00:00,162.81,162.86,162.32,162.55,145400,949
2025-03-25 16:30:00,162.54,162.58,161.88,161.97,243421,1497
2025-03-25 17:00:00,161.97,162.025,161.51,161.74,179764,1169
2025-03-25 17:30:00,161.73,161.78,161.45,161.53,136754,770
2025-03-25 18:00:00,161.54,161.66,161.33,161.46,211033,1115
2025-03-25 18:30:00,161.47,161.575,161.01,161.12,145862,1092
2025-03-25 19:00:00,161.105,161.23,160.72,160.8,240115,1416
2025-03-25 19:30:00,160.82,161.29,160.555,161.03,782644,4745
2025-03-25 20:00:00,161.02,161.02,161.02,161.02,1650180,3
2025-03-26 13:30:00,161.21,161.91,160.64,161.89,406614,2062
2025-03-26 14:00:00,161.91,162.32,161.45,162.13,351264,1830
2025-03-26 14:30:00,162.15,162.49,162.07,162.34,162332,1112
2025-03-26 15:00:00,162.35,162.472,161.41,161.43,182114,1215
2025-03-26 15:30:00,161.4,161.54,161.14,161.5,237291,1693
2025-03-26 16:00:00,161.495,162.05,161.47,161.82,155917,1148
2025-03-26 16:30:00,161.83,161.88,161.63,161.79,126080,932
2025-03-26 17:00:00,161.8,162.14,161.77,161.87,106306,805
2025-03-26 17:30:00,161.855,161.955,161.56,161.715,194552,1280
2025-03-26 18:00:00,161.715,162.13,161.7,162.05,120103,896
2025-03-26 18:30:00,162.04,162.16,161.84,161.895,172082,1315
2025-03-26 19:00:00,161.895,161.925,161.55,161.77,202190,1456
2025-03-26 19:30:00,161.785,162.025,161.61,161.73,612220,3878
2025-03-26 20:00:00,161.72,161.72,161.72,161.72,1345772,3
2025-03-27 13:30:00,162.35,163.69,161.32,163.46,508582,2269
2025-03-27 14:00:00,163.455,163.66,163.06,163.2,266897,1946
2025-03-27 14:30:00,163.17,163.64,163.1,163.49,228210,1709
2025-03-27 15:00:00,163.46,163.93,163.43,163.83,162031,1127
2025-03-27 15:30:00,163.81,164.065,163.76,164.02,298542,1415
2025-03-27 16:00:00,164.02,164.04,163.44,163.49,125123,759
2025-03-27 16:30:00,163.47,163.51,163.13,163.23,89507,565
2025-03-27 17:00:00,163.19,163.359,162.94,162.96,75734,496
2025-03-27 17:30:00,162.97,163.092,162.79,162.852,85855,620
2025-03-27 18:00:00,162.84,163.26,162.84,163.173,114199,738
2025-03-27 18:30:00,163.17,163.41,163.095,163.105,159910,1098
2025-03-27 19:00:00,163.126,163.52,163.04,163.51,122982,871
2025-03-27 19:30:00,163.49,163.67,163.07,163.11,425302,3121
2025-03-27 20:00:00,163.13,163.13,163.13,163.13,1026065,3
2025-03-28 13:30:00,163.59,163.78,162.91,163.24,243927,977
2025-03-28 14:00:00,163.25,164.12,163.2,164.05,190535,1157
2025-03-28 14:30:00,164.07,164.15,163.7,164.07,247367,1444
2025-03-28 15:00:00,164.1,164.5,164.06,164.3,325401,1620
2025-03-28 15:30:00,164.285,164.305,164.07,164.265,106096,627
2025-03-28 16:00:00,164.255,164.285,164.02,164.06,129580,664
2025-03-28 16:30:00,164.08,164.09,163.834,164.03,112084,663
2025-03-28 17:00:00,164.015,164.334,163.99,164.28,166203,1117
2025-03-28 17:30:00,164.31,164.52,164.29,164.425,183090,1028
2025-03-28 18:00:00,164.425,164.5,163.64,163.67,150343,898
2025-03-28 18:30:00,163.678,164.0,163.63,163.92,157988,997
2025-03-28 19:00:00,163.925,163.99,163.81,163.845,160927,1175
2025-03-28 19:30:00,163.845,164.165,163.56,163.69,697748,4230
2025-03-28 20:00:00,163.71,163.71,163.71,163.71,912972,3
2025-03-31 13:30:00,164.37,166.388,164.23,165.84,742093,3380
2025-03-31 14:00:00,165.815,166.125,164.96,166.04,417185,2774
2025-03-31 14:30:00,166.05,166.39,165.84,166.1,314936,2093
2025-03-31 15:00:00,166.09,166.335,165.916,166.0,238453,1534
2025-03-31 15:30:00,165.98,166.18,165.78,165.88,237961,1591
2025-03-31 16:00:00,165.92,166.115,165.6,165.6,196856,1373
2025-03-31 16:30:00,165.615,165.805,165.45,165.67,235450,1393
2025-03-31 17:00:00,165.64,165.69,165.34,165.515,171874,992
2025-03-31 17:30:00,165.53,165.53,165.27,165.39,165162,1132
2025-03-31 18:00:00,165.405,165.81,165.405,165.8,252954,1805
2025-03-31 18:30:00,165.8,165.9,165.56,165.669,180472,1258
2025-03-31 19:00:00,165.67,166.17,165.65,165.935,664765,3272
2025-03-31 19:30:00,165.95,166.63,165.47,165.89,1305876,7956
2025-03-31 20:00:00,165.84,165.84,165.84,165.84,2813698,3
2025-04-01 13:30:00,160.73,161.81,156.8,157.25,2746197,14106
2025-04-01 14:00:00,157.26,158.28,156.55,157.98,924030,5365
2025-04-01 14:30:00,157.98,158.34,157.64,158.143,621458,3705
2025-04-01 15:00:00,158.14,158.26,157.36,157.72,428008,2763
2025-04-01 15:30:00,157.725,157.85,157.1,157.244,408534,2592
2025-04-01 16:00:00,157.24,157.4,156.8,156.81,345433,2228
2025-04-01 16:30:00,156.81,156.88,156.35,156.58,523571,2931
2025-04-01 17:00:00,156.585,156.691,155.43,155.78,573982,3379
2025-04-01 17:30:00,155.82,155.97,155.54,155.705,403769,2675
2025-04-01 18:00:00,155.705,155.73,155.1,155.13,443654,2912
2025-04-01 18:30:00,155.145,155.145,154.36,154.565,780944,4590
2025-04-01 19:00:00,154.565,154.61,154.05,154.38,963122,5250
2025-04-01 19:30:00,154.38,154.41,153.13,153.24,2441949,11930
2025-04-01 20:00:00,153.25,153.25,153.25,153.25,3180597,3
2025-04-02 13:30:00,154.015,155.16,153.45,154.53,1058385,5770
2025-04-02 14:00:00,154.58,155.38,154.48,154.85,619252,3749
2025-04-02 14:30:00,154.845,155.25,154.6,155.17,459008,2694
2025-04-02 15:00:00,155.195,155.54,155.14,155.52,359627,2142
2025-04-02 15:30:00,155.53,155.79,154.771,154.83,267915,1798
2025-04-02 16:00:00,154.84,154.96,154.33,154.35,218293,1492
2025-04-02 16:30:00,154.33,154.82,154.1,154.68,307134,1569
2025-04-02 17:00:00,154.7,155.07,154.63,154.96,201276,1378
2025-04-02 17:30:00,154.96,155.28,154.77,154.85,229680,1455
2025-04-02 18:00:00,154.87,154.9,154.57,154.58,224517,1741
2025-04-02 18:30:00,154.61,154.96,154.47,154.79,270226,1995
2025-04-02 19:00:00,154.79,155.07,154.73,154.94,381323,2711
2025-04-02 19:30:00,154.95,155.6,154.74,155.34,1325436,8868
2025-04-02 20:00:00,155.36,155.36,155.36,155.36,1438304,3
2025-04-03 13:30:00,158.75,159.96,157.68,157.72,1476752,7700
2025-04-03 14:00:00,157.72,158.49,157.48,158.25,609460,4246
2025-04-03 14:30:00,158.245,160.12,158.18,159.76,872222,5864
2025-04-03 15:00:00,159.77,160.33,159.62,160.11,525336,3551
2025-04-03 15:30:00,160.12,160.21,159.59,159.915,457500,3128
2025-04-03 16:00:00,159.9,160.38,159.77,159.89,284609,1932
2025-04-03 16:30:00,159.895,159.9,159.28,159.41,243092,1685
2025-04-03 17:00:00,159.4,159.65,159.18,159.41,232654,1474
2025-04-03 17:30:00,159.42,160.07,159.42,160.07,291459,2098
2025-04-03 18:00:00,160.1,160.64,160.1,160.37,352108,2338
2025-04-03 18:30:00,160.365,160.365,159.76,159.95,345085,2298
2025-04-03 19:00:00,159.95,160.645,159.87,160.425,379827,2598
2025-04-03 19:30:00,160.425,160.64,159.77,159.87,1191241,7605
2025-04-03 20:00:00,159.82,159.82,159.82,159.82,1700836,3
2025-04-04 13:30:00,159.155,159.82,157.71,158.86,1127701,6380
2025-04-04 14:00:00,158.86,159.26,157.61,158.3,568554,3756
2025-04-04 14:30:00,158.3,159.18,158.13,158.42,551191,3893
2025-04-04 15:00:00,158.41,158.56,155.845,156.08,600694,4252
2025-04-04 15:30:00,156.06,156.73,155.49,155.98,696341,4448
2025-04-04 16:00:00,155.97,155.97,154.92,155.234,417621,2555
2025-04-04 16:30:00,155.23,155.87,154.76,154.78,308892,1908
2025-04-04 17:00:00,154.83,155.51,154.45,155.395,267160,1719
2025-04-04 17:30:00,155.41,156.03,154.827,154.87,284983,1839
2025-04-04 18:00:00,154.82,155.07,153.63,153.96,350974,2320
2025-04-04 18:30:00,153.95,154.415,153.469,154.32,352594,2336
2025-04-04 19:00:00,154.3,154.67,153.691,153.88,463874,2985
2025-04-04 19:30:00,153.88,154.43,152.93,153.21,1431436,8936
2025-04-04 20:00:00,153.24,153.24,153.24,153.24,2526742,3
