open_time,1INCH,AAVE,ADA,ALGO,ALICE,ALPHA,ANKR,APE,API3,APT
2023-01-01 00:00:00,0.3815,51.72,0.2445,0.1713,1.053,0.06507,0.0153,3.616,1.008,3.4242
2023-01-01 01:00:00,0.3833,51.84,0.2452,0.1717,1.051,0.06544,0.0153,3.624,1.01,3.4412
2023-01-01 02:00:00,0.3841,51.93,0.2454,0.1714,1.052,0.06557,0.0154,3.634,1.012,3.4665
2023-01-01 03:00:00,0.3835,51.7,0.2453,0.173,1.056,0.06525,0.01539,3.634,1.008,3.4815
2023-01-01 04:00:00,0.3819,51.18,0.2444,0.1717,1.054,0.06529,0.0154,3.629,0.995,3.4465
2023-01-01 05:00:00,0.3823,51.66,0.2444,0.1723,1.053,0.06435,0.01542,3.624,1.005,3.4557
2023-01-01 06:00:00,0.3815,51.83,0.2444,0.1733,1.052,0.06454,0.01545,3.631,1.004,3.4534
2023-01-01 07:00:00,0.3807,51.56,0.245,0.1733,1.049,0.06413,0.01537,3.634,1.004,3.4589
2023-01-01 08:00:00,0.38,51.52,0.2443,0.1726,1.051,0.06385,0.01541,3.634,1.005,3.4511
2023-01-01 09:00:00,0.381,51.84,0.2452,0.1731,1.054,0.06439,0.01544,3.642,1.011,3.4541
2023-01-01 10:00:00,0.3812,51.72,0.2449,0.1729,1.054,0.06448,0.01549,3.642,1.012,3.4547
2023-01-01 11:00:00,0.3813,51.86,0.2457,0.1733,1.056,0.06452,0.01546,3.636,1.01,3.4596
2023-01-01 12:00:00,0.3812,52.02,0.2459,0.1742,1.056,0.06431,0.01561,3.642,1.011,3.474
2023-01-01 13:00:00,0.3815,51.75,0.2451,0.174,1.055,0.06418,0.01547,3.641,1.01,3.4578
2023-01-01 14:00:00,0.3826,51.77,0.2454,0.1734,1.057,0.06446,0.01549,3.653,1.013,3.4375
2023-01-01 15:00:00,0.3824,51.65,0.2461,0.1746,1.06,0.06476,0.01541,3.657,1.014,3.4587
2023-01-01 16:00:00,0.3822,51.66,0.2467,0.175,1.06,0.06447,0.01542,3.716,1.008,3.4637
2023-01-01 17:00:00,0.3829,51.74,0.2478,0.1761,1.058,0.06456,0.01543,3.711,1.012,3.471
2023-01-01 18:00:00,0.3841,51.99,0.2486,0.1767,1.061,0.06496,0.01549,3.717,1.007,3.4646
2023-01-01 19:00:00,0.3855,51.95,0.2481,0.1773,1.062,0.06505,0.01551,3.755,1.007,3.4893
2023-01-01 20:00:00,0.3859,52.29,0.2482,0.1766,1.065,0.06543,0.01559,3.858,1.014,3.507
2023-01-01 21:00:00,0.3853,52.16,0.249,0.1772,1.064,0.06476,0.01553,3.883,1.009,3.5293
2023-01-01 22:00:00,0.3855,51.95,0.249,0.1759,1.059,0.06496,0.01555,3.823,1.009,3.5298
2023-01-01 23:00:00,0.3855,52.09,0.2498,0.1771,1.063,0.06437,0.01564,3.864,1.012,3.5185
2023-01-02 00:00:00,0.3831,51.71,0.2484,0.1756,1.057,0.06297,0.01549,3.827,1.005,3.4919
2023-01-02 01:00:00,0.3805,51.47,0.2475,0.1742,1.046,0.06226,0.01537,3.807,1.0,3.4655
2023-01-02 02:00:00,0.3811,51.82,0.2481,0.175,1.048,0.06303,0.01544,3.842,1.003,3.4798
2023-01-02 03:00:00,0.3822,52.12,0.2497,0.1766,1.054,0.06298,0.01572,3.856,1.006,3.4996
2023-01-02 04:00:00,0.3823,52.54,0.2496,0.1773,1.053,0.06284,0.01558,3.852,1.014,3.5018
2023-01-02 05:00:00,0.3817,52.5,0.2497,0.1777,1.053,0.06244,0.01566,3.831,1.015,3.4971
2023-01-02 06:00:00,0.3811,52.14,0.2495,0.1774,1.05,0.06283,0.01567,3.831,1.017,3.5072
2023-01-02 07:00:00,0.3876,53.04,0.254,0.1794,1.064,0.06383,0.01604,3.853,1.026,3.7012
2023-01-02 08:00:00,0.3912,53.55,0.2542,0.1804,1.075,0.06439,0.0159,3.854,1.034,3.6983
2023-01-02 09:00:00,0.3922,53.34,0.2536,0.1816,1.084,0.06417,0.0159,3.864,1.032,3.6998
2023-01-02 10:00:00,0.3914,53.39,0.2536,0.1816,1.081,0.06444,0.01588,3.872,1.029,3.7375
2023-01-02 11:00:00,0.3916,53.29,0.2539,0.1807,1.082,0.06396,0.01583,3.859,1.028,3.7324
2023-01-02 12:00:00,0.39,53.65,0.2539,0.1808,1.086,0.06427,0.01584,3.868,1.029,3.7801
2023-01-02 13:00:00,0.3889,53.28,0.2527,0.1799,1.082,0.0638,0.01573,3.874,1.029,3.7572
2023-01-02 14:00:00,0.392,53.42,0.253,0.1811,1.08,0.06405,0.01575,3.874,1.04,3.7644
2023-01-02 15:00:00,0.3934,53.71,0.2544,0.1819,1.085,0.0646,0.01587,3.934,1.043,3.7688
2023-01-02 16:00:00,0.3909,53.61,0.254,0.1809,1.081,0.06432,0.01586,3.928,1.047,3.7518
2023-01-02 17:00:00,0.3916,53.53,0.2541,0.1815,1.083,0.06459,0.01587,3.93,1.054,3.7584
2023-01-02 18:00:00,0.3923,53.52,0.2548,0.1818,1.086,0.06637,0.01592,3.922,1.063,3.7738
2023-01-02 19:00:00,0.3936,53.69,0.2553,0.1818,1.093,0.06636,0.01606,3.942,1.058,3.7791
2023-01-02 20:00:00,0.395,53.74,0.2545,0.1816,1.099,0.07099,0.01591,3.959,1.051,3.772
2023-01-02 21:00:00,0.3984,53.89,0.2556,0.1816,1.109,0.07165,0.01597,3.972,1.053,3.7728
2023-01-02 22:00:00,0.3938,53.18,0.2534,0.18,1.093,0.07107,0.01586,3.945,1.042,3.7485
2023-01-02 23:00:00,0.3958,52.93,0.2535,0.1807,1.095,0.07045,0.01593,3.95,1.044,3.7563
2023-01-03 00:00:00,0.396,53.14,0.2538,0.1816,1.102,0.06921,0.01595,3.912,1.05,3.7763
2023-01-03 01:00:00,0.3933,52.87,0.2527,0.1802,1.094,0.07035,0.01584,3.886,1.047,3.6885
2023-01-03 02:00:00,0.3944,52.75,0.2522,0.1799,1.095,0.07116,0.01586,3.902,1.051,3.6605
2023-01-03 03:00:00,0.3962,53.0,0.2529,0.1808,1.094,0.07094,0.01592,3.902,1.057,3.6808
2023-01-03 04:00:00,0.3961,52.9,0.2525,0.1804,1.094,0.07235,0.0159,3.943,1.049,3.6848
2023-01-03 05:00:00,0.3979,53.24,0.2537,0.1822,1.104,0.07228,0.01595,3.961,1.05,3.7619
2023-01-03 06:00:00,0.3973,53.06,0.2535,0.1823,1.103,0.072,0.01591,3.969,1.053,3.7597
2023-01-03 07:00:00,0.3986,53.09,0.2533,0.1822,1.101,0.07294,0.01591,4.005,1.051,3.7554
2023-01-03 08:00:00,0.3967,52.9,0.2523,0.182,1.091,0.07231,0.01586,3.987,1.036,3.7424
2023-01-03 09:00:00,0.3966,53.12,0.2543,0.1838,1.092,0.07288,0.01595,3.98,1.046,3.7893
2023-01-03 10:00:00,0.3964,52.99,0.2536,0.1842,1.095,0.07305,0.01594,3.972,1.045,3.7635
2023-01-03 11:00:00,0.3954,52.81,0.2536,0.1839,1.09,0.07355,0.01588,3.949,1.036,3.7514
2023-01-03 12:00:00,0.3944,52.93,0.2535,0.1838,1.089,0.07979,0.01585,3.942,1.04,3.757
2023-01-03 13:00:00,0.393,52.99,0.2534,0.1832,1.086,0.08,0.01582,3.959,1.04,3.764
2023-01-03 14:00:00,0.3899,52.6,0.2528,0.1814,1.08,0.08068,0.0157,3.947,1.036,3.7604
2023-01-03 15:00:00,0.3863,52.53,0.2536,0.1813,1.086,0.08095,0.01579,3.945,1.034,3.8376
2023-01-03 16:00:00,0.3835,52.27,0.251,0.1813,1.082,0.08155,0.0157,3.919,1.027,3.8067
2023-01-03 17:00:00,0.3842,52.3,0.2512,0.1813,1.083,0.08292,0.01573,3.942,1.031,3.7736
2023-01-03 18:00:00,0.3835,52.35,0.2515,0.1815,1.082,0.08287,0.0157,3.975,1.034,3.7653
2023-01-03 19:00:00,0.3838,52.43,0.2506,0.1811,1.084,0.08179,0.01566,3.966,1.036,3.7732
2023-01-03 20:00:00,0.3843,52.5,0.2512,0.1812,1.088,0.07834,0.01571,3.993,1.046,3.8188
2023-01-03 21:00:00,0.3847,52.74,0.2515,0.1825,1.086,0.07884,0.01576,3.999,1.044,3.8088
2023-01-03 22:00:00,0.3849,52.81,0.2517,0.1825,1.088,0.07874,0.01579,3.995,1.047,3.8108
2023-01-03 23:00:00,0.386,53.02,0.2526,0.184,1.09,0.07822,0.0158,3.998,1.05,3.8178
2023-01-04 00:00:00,0.3846,52.7,0.252,0.1842,1.095,0.07869,0.01586,3.998,1.057,3.8095
2023-01-04 01:00:00,0.3881,53.24,0.2547,0.185,1.101,0.08015,0.01599,4.097,1.074,3.847
2023-01-04 02:00:00,0.3924,54.28,0.2597,0.1874,1.107,0.07952,0.01627,4.147,1.094,3.8742
2023-01-04 03:00:00,0.3984,54.9,0.2646,0.189,1.112,0.07997,0.01632,4.152,1.093,3.9548
2023-01-04 04:00:00,0.398,55.27,0.2638,0.1892,1.108,0.08036,0.01629,4.155,1.099,3.935
2023-01-04 05:00:00,0.3986,55.96,0.2642,0.1897,1.111,0.08158,0.01633,4.163,1.101,3.9666
2023-01-04 06:00:00,0.4003,55.54,0.2642,0.1907,1.117,0.0804,0.01641,4.16,1.103,3.9463
2023-01-04 07:00:00,0.3999,55.5,0.2654,0.1904,1.118,0.08017,0.01659,4.147,1.098,3.9839
2023-01-04 08:00:00,0.3971,55.2,0.2652,0.1887,1.109,0.07908,0.01648,4.132,1.092,3.954
2023-01-04 09:00:00,0.3961,55.34,0.265,0.1886,1.108,0.07878,0.01653,4.142,1.082,3.9463
2023-01-04 10:00:00,0.3947,56.11,0.2651,0.1893,1.109,0.07866,0.01649,4.131,1.081,3.969
2023-01-04 11:00:00,0.3956,55.78,0.2641,0.1886,1.113,0.07923,0.01645,4.142,1.083,3.9572
2023-01-04 12:00:00,0.3941,55.8,0.2634,0.1874,1.109,0.07927,0.01635,4.141,1.082,3.9252
2023-01-04 13:00:00,0.3955,57.19,0.2656,0.1888,1.115,0.07935,0.01647,4.144,1.085,3.9437
2023-01-04 14:00:00,0.395,56.9,0.2657,0.1879,1.109,0.07865,0.01641,4.115,1.082,3.9448
2023-01-04 15:00:00,0.3953,57.09,0.268,0.1894,1.114,0.07943,0.01646,4.102,1.083,3.9463
2023-01-04 16:00:00,0.3938,56.89,0.2679,0.1888,1.115,0.07933,0.01664,4.073,1.083,3.8897
2023-01-04 17:00:00,0.3954,56.96,0.2686,0.1889,1.116,0.07944,0.01655,4.082,1.083,3.8999
2023-01-04 18:00:00,0.3966,57.08,0.2687,0.1891,1.117,0.07899,0.01647,4.092,1.08,3.8935
2023-01-04 19:00:00,0.3927,56.69,0.2662,0.1866,1.106,0.07918,0.01634,4.059,1.07,3.823
2023-01-04 20:00:00,0.3912,56.41,0.2641,0.1845,1.1,0.07915,0.01625,4.008,1.062,3.7274
2023-01-04 21:00:00,0.3929,56.15,0.2647,0.1851,1.104,0.0795,0.01624,4.011,1.068,3.7617
2023-01-04 22:00:00,0.3933,56.4,0.2657,0.186,1.112,0.07942,0.01629,4.02,1.074,3.781
2023-01-04 23:00:00,0.3954,56.73,0.2675,0.1866,1.119,0.07951,0.01638,4.049,1.075,3.8093
2023-01-05 00:00:00,0.3937,55.95,0.2653,0.1852,1.118,0.07896,0.01634,4.046,1.077,3.7601
2023-01-05 01:00:00,0.3948,56.01,0.2663,0.1868,1.122,0.07919,0.01642,4.055,1.084,3.7828
2023-01-05 02:00:00,0.3943,55.82,0.2669,0.1877,1.122,0.07989,0.01646,4.056,1.084,3.7925
2023-01-05 03:00:00,0.3955,55.75,0.2653,0.189,1.129,0.0801,0.01639,4.037,1.084,3.7812
2023-01-05 04:00:00,0.3965,56.01,0.2667,0.1885,1.129,0.08014,0.01647,4.06,1.092,3.795
2023-01-05 05:00:00,0.3995,55.86,0.2684,0.1896,1.129,0.08038,0.01654,4.083,1.101,3.7964
2023-01-05 06:00:00,0.3971,55.82,0.2668,0.1885,1.123,0.07963,0.01644,4.032,1.091,3.7599
2023-01-05 07:00:00,0.3966,55.93,0.2663,0.1886,1.122,0.07937,0.01634,4.039,1.092,3.7552
2023-01-05 08:00:00,0.3952,55.78,0.2654,0.1872,1.116,0.07914,0.01629,4.006,1.087,3.7446
2023-01-05 09:00:00,0.3912,55.25,0.2645,0.1855,1.111,0.07811,0.01618,4.025,1.08,3.7193
2023-01-05 10:00:00,0.392,55.52,0.266,0.1868,1.116,0.07829,0.0163,4.023,1.09,3.7406
2023-01-05 11:00:00,0.3922,55.64,0.2663,0.1869,1.144,0.07825,0.01631,4.032,1.1,3.7429
2023-01-05 12:00:00,0.3915,55.52,0.2668,0.1861,1.135,0.07875,0.01622,4.033,1.093,3.7437
2023-01-05 13:00:00,0.3882,55.04,0.265,0.1841,1.121,0.07802,0.01604,4.002,1.078,3.7191
2023-01-05 14:00:00,0.3891,55.36,0.2664,0.1846,1.126,0.07806,0.01611,4.0,1.081,3.6972
2023-01-05 15:00:00,0.3886,55.5,0.2653,0.1845,1.124,0.0776,0.0162,4.012,1.081,3.7147
2023-01-05 16:00:00,0.3887,55.36,0.2653,0.1841,1.123,0.07673,0.01607,4.022,1.083,3.6941
2023-01-05 17:00:00,0.388,55.23,0.2656,0.183,1.118,0.07668,0.01607,4.027,1.076,3.6801
2023-01-05 18:00:00,0.3892,55.61,0.2673,0.1838,1.125,0.0775,0.01613,4.036,1.092,3.7184
2023-01-05 19:00:00,0.3905,55.68,0.2688,0.1837,1.123,0.07726,0.0162,4.028,1.087,3.729
2023-01-05 20:00:00,0.3906,55.79,0.2701,0.1847,1.121,0.07729,0.01623,4.024,1.087,3.7225
2023-01-05 21:00:00,0.39,55.71,0.2693,0.1833,1.126,0.07661,0.0162,4.027,1.087,3.7182
2023-01-05 22:00:00,0.3895,55.47,0.2681,0.1836,1.121,0.07689,0.01615,4.018,1.082,3.7027
2023-01-05 23:00:00,0.3885,55.42,0.2691,0.1835,1.113,0.07702,0.01614,4.001,1.082,3.7079
2023-01-06 00:00:00,0.3903,55.91,0.2742,0.1847,1.126,0.07808,0.01631,4.022,1.091,3.7712
2023-01-06 01:00:00,0.3865,55.62,0.2723,0.1852,1.117,0.0773,0.01637,4.022,1.085,3.7583
2023-01-06 02:00:00,0.387,55.81,0.2714,0.1846,1.118,0.07708,0.01637,4.002,1.083,3.7488
2023-01-06 03:00:00,0.3863,55.5,0.2734,0.1847,1.115,0.07666,0.01627,3.975,1.075,3.7344
2023-01-06 04:00:00,0.3845,55.26,0.2723,0.183,1.107,0.07602,0.01607,3.958,1.072,3.7118
2023-01-06 05:00:00,0.382,55.06,0.2735,0.1827,1.102,0.07562,0.01606,3.957,1.068,3.6914
2023-01-06 06:00:00,0.3815,54.6,0.2739,0.1811,1.095,0.07557,0.01588,3.949,1.063,3.657
2023-01-06 07:00:00,0.3831,54.54,0.2716,0.1852,1.099,0.07594,0.01595,3.95,1.068,3.6681
2023-01-06 08:00:00,0.3851,54.79,0.2716,0.1835,1.099,0.0755,0.01594,3.96,1.074,3.6728
2023-01-06 09:00:00,0.3839,54.65,0.2722,0.1826,1.097,0.07505,0.0159,3.947,1.067,3.6594
2023-01-06 10:00:00,0.3833,54.4,0.2711,0.1817,1.097,0.07469,0.01581,3.92,1.062,3.6478
2023-01-06 11:00:00,0.3825,54.58,0.2702,0.1818,1.09,0.07452,0.0158,3.906,1.066,3.6114
2023-01-06 12:00:00,0.3827,54.23,0.2686,0.1812,1.082,0.0747,0.0158,3.918,1.064,3.6075
2023-01-06 13:00:00,0.3849,54.78,0.2709,0.1824,1.092,0.07526,0.01597,3.94,1.072,3.6403
2023-01-06 14:00:00,0.385,54.81,0.2695,0.1812,1.093,0.07556,0.01594,3.924,1.08,3.6458
2023-01-06 15:00:00,0.3884,55.66,0.2732,0.1832,1.107,0.07674,0.01608,3.97,1.086,3.7026
2023-01-06 16:00:00,0.3914,55.78,0.2727,0.1835,1.109,0.07712,0.01615,3.982,1.082,3.759
2023-01-06 17:00:00,0.3924,55.81,0.2729,0.1843,1.11,0.07768,0.01628,3.987,1.08,3.757
2023-01-06 18:00:00,0.3907,56.2,0.2733,0.1852,1.116,0.07742,0.01658,4.01,1.085,3.8408
2023-01-06 19:00:00,0.3936,56.41,0.2762,0.1873,1.125,0.07801,0.0165,4.033,1.095,3.8802
2023-01-06 20:00:00,0.3919,55.87,0.2729,0.1862,1.119,0.07711,0.01649,3.998,1.093,3.8309
2023-01-06 21:00:00,0.392,56.03,0.2752,0.1866,1.126,0.07734,0.01647,4.037,1.102,3.8874
2023-01-06 22:00:00,0.3961,56.49,0.2762,0.1894,1.137,0.07817,0.01662,4.034,1.108,3.8879
2023-01-06 23:00:00,0.3963,56.39,0.2784,0.189,1.134,0.07854,0.01659,4.034,1.11,3.8574
2023-01-07 00:00:00,0.3991,56.42,0.2776,0.189,1.147,0.07931,0.01669,4.049,1.118,3.881
2023-01-07 01:00:00,0.3969,56.65,0.2777,0.189,1.144,0.07918,0.01667,4.085,1.114,3.8678
2023-01-07 02:00:00,0.3979,56.32,0.2772,0.1889,1.141,0.07874,0.01664,4.047,1.116,3.8416
2023-01-07 03:00:00,0.3987,56.29,0.2766,0.1891,1.143,0.07899,0.01663,4.045,1.122,3.8518
2023-01-07 04:00:00,0.3973,56.02,0.2768,0.1888,1.139,0.07849,0.01659,4.029,1.121,3.8362
2023-01-07 05:00:00,0.3976,56.0,0.2771,0.189,1.172,0.07835,0.01667,4.042,1.118,3.8264
2023-01-07 06:00:00,0.3984,56.18,0.2771,0.1891,1.156,0.07914,0.01661,4.042,1.119,3.8258
2023-01-07 07:00:00,0.3983,56.16,0.2764,0.1889,1.16,0.07867,0.01659,4.054,1.131,3.8402
2023-01-07 08:00:00,0.3973,56.03,0.2748,0.1883,1.145,0.07804,0.01658,4.016,1.118,3.8153
2023-01-07 09:00:00,0.3963,56.26,0.2744,0.1902,1.14,0.07807,0.01662,4.04,1.12,3.8403
2023-01-07 10:00:00,0.3954,56.05,0.2736,0.1902,1.141,0.07757,0.01658,4.027,1.113,3.8289
2023-01-07 11:00:00,0.3942,55.8,0.2745,0.1894,1.141,0.07724,0.0165,4.031,1.11,3.8135
2023-01-07 12:00:00,0.3946,55.82,0.2735,0.1893,1.133,0.07744,0.01651,4.044,1.108,3.795
2023-01-07 13:00:00,0.3951,56.24,0.2726,0.1902,1.132,0.07728,0.01657,4.091,1.115,3.8043
2023-01-07 14:00:00,0.3972,56.33,0.2733,0.1926,1.135,0.07754,0.01653,4.139,1.115,3.8186
2023-01-07 15:00:00,0.3968,56.24,0.2749,0.1922,1.139,0.07738,0.0165,4.216,1.117,3.8344
2023-01-07 16:00:00,0.3968,56.0,0.274,0.1922,1.136,0.07695,0.01637,4.164,1.111,3.805
2023-01-07 17:00:00,0.397,55.92,0.274,0.1927,1.136,0.07696,0.0164,4.199,1.116,3.8068
2023-01-07 18:00:00,0.3988,55.92,0.2755,0.1935,1.134,0.07655,0.01646,4.166,1.117,3.8141
2023-01-07 19:00:00,0.3985,56.06,0.2769,0.1941,1.135,0.07635,0.0165,4.161,1.122,3.8173
2023-01-07 20:00:00,0.3981,56.1,0.2764,0.1949,1.129,0.07612,0.01644,4.144,1.118,3.8211
2023-01-07 21:00:00,0.3963,55.92,0.2759,0.1934,1.123,0.07615,0.01641,4.123,1.115,3.8126
2023-01-07 22:00:00,0.3948,55.84,0.2774,0.1927,1.123,0.07593,0.01641,4.143,1.117,3.8128
2023-01-07 23:00:00,0.3981,56.03,0.2766,0.1938,1.126,0.0759,0.0164,4.161,1.123,3.8327
2023-01-08 00:00:00,0.3953,55.7,0.2761,0.1923,1.115,0.07668,0.01624,4.111,1.107,3.7792
2023-01-08 01:00:00,0.3982,55.8,0.276,0.1923,1.116,0.07623,0.01623,4.103,1.117,3.7793
2023-01-08 02:00:00,0.3985,56.25,0.2754,0.1923,1.116,0.07577,0.01624,4.115,1.12,3.7856
2023-01-08 03:00:00,0.3972,56.55,0.2758,0.1936,1.12,0.07616,0.01634,4.136,1.119,3.7949
2023-01-08 04:00:00,0.3975,56.36,0.2755,0.1926,1.121,0.07713,0.0163,4.137,1.12,3.7882
2023-01-08 05:00:00,0.3975,56.5,0.2756,0.1929,1.123,0.07675,0.01634,4.16,1.125,3.806
2023-01-08 06:00:00,0.3971,56.52,0.2768,0.1926,1.123,0.0766,0.01635,4.155,1.127,3.7943
2023-01-08 07:00:00,0.3971,57.11,0.2765,0.1924,1.124,0.07661,0.01634,4.145,1.126,3.7798
2023-01-08 08:00:00,0.3984,57.52,0.2773,0.1925,1.126,0.07684,0.01643,4.172,1.13,3.8165
2023-01-08 09:00:00,0.3987,57.59,0.2817,0.1927,1.125,0.07655,0.01658,4.151,1.127,3.8064
2023-01-08 10:00:00,0.3976,58.17,0.2833,0.1926,1.128,0.07622,0.01651,4.165,1.129,3.7938
2023-01-08 11:00:00,0.3976,58.53,0.2852,0.1931,1.13,0.07562,0.01647,4.172,1.126,3.783
2023-01-08 12:00:00,0.3954,57.98,0.2874,0.1931,1.128,0.0757,0.01657,4.155,1.122,3.7844
2023-01-08 13:00:00,0.3965,58.15,0.2875,0.1927,1.128,0.07583,0.01663,4.162,1.129,3.7705
2023-01-08 14:00:00,0.4017,58.33,0.2875,0.1942,1.142,0.07665,0.01692,4.219,1.139,3.8068
2023-01-08 15:00:00,0.4032,58.28,0.2878,0.1943,1.141,0.07658,0.017,4.239,1.141,3.8187
2023-01-08 16:00:00,0.4006,57.89,0.287,0.1929,1.137,0.07576,0.01678,4.188,1.135,3.7553
2023-01-08 17:00:00,0.3991,57.8,0.2892,0.1924,1.139,0.07552,0.0169,4.192,1.131,3.7435
2023-01-08 18:00:00,0.4017,58.13,0.2885,0.1929,1.145,0.07586,0.01844,4.196,1.138,3.7477
2023-01-08 19:00:00,0.4025,58.04,0.2897,0.1925,1.157,0.0762,0.0187,4.204,1.145,3.7522
2023-01-08 20:00:00,0.4054,58.49,0.2921,0.1954,1.182,0.07711,0.01847,4.367,1.165,3.8082
2023-01-08 21:00:00,0.4062,58.4,0.2905,0.1963,1.177,0.07692,0.01822,4.373,1.161,3.8188
2023-01-08 22:00:00,0.4091,58.8,0.29,0.1972,1.185,0.07727,0.01951,4.357,1.177,3.8433
2023-01-08 23:00:00,0.4088,59.32,0.2975,0.1991,1.191,0.07827,0.01903,4.446,1.188,3.9317
2023-01-09 00:00:00,0.4141,60.23,0.3119,0.2035,1.211,0.07992,0.01894,4.425,1.199,3.9221
2023-01-09 01:00:00,0.4134,60.64,0.3383,0.2029,1.218,0.08084,0.01875,4.673,1.212,4.019
2023-01-09 02:00:00,0.4155,60.59,0.329,0.2027,1.212,0.0816,0.01886,4.676,1.203,4.0665
2023-01-09 03:00:00,0.4183,61.1,0.3295,0.2034,1.224,0.08242,0.01914,4.697,1.217,4.0467
2023-01-09 04:00:00,0.4226,61.1,0.3301,0.2058,1.226,0.08352,0.01923,4.653,1.219,4.0671
2023-01-09 05:00:00,0.4182,60.77,0.3294,0.2046,1.218,0.08262,0.01898,4.65,1.214,4.037
2023-01-09 06:00:00,0.418,60.82,0.3259,0.2049,1.224,0.08174,0.01899,4.642,1.214,4.0188
2023-01-09 07:00:00,0.4179,60.99,0.3256,0.2047,1.227,0.08215,0.01996,4.64,1.225,4.0456
2023-01-09 08:00:00,0.418,61.04,0.3235,0.2033,1.225,0.08339,0.02018,4.626,1.219,4.0461
2023-01-09 09:00:00,0.4204,62.25,0.3276,0.2053,1.235,0.08528,0.0201,4.675,1.231,4.0798
2023-01-09 10:00:00,0.4207,61.91,0.3241,0.2053,1.23,0.08587,0.02006,4.657,1.233,4.0987
2023-01-09 11:00:00,0.4187,61.71,0.3216,0.2042,1.222,0.08474,0.01958,4.652,1.223,4.1802
2023-01-09 12:00:00,0.4227,62.1,0.3244,0.2056,1.239,0.08516,0.01973,4.719,1.245,4.1819
2023-01-09 13:00:00,0.4216,61.77,0.3195,0.2033,1.226,0.08344,0.01945,4.662,1.227,4.1447
2023-01-09 14:00:00,0.4252,62.53,0.3207,0.2044,1.24,0.08383,0.02177,4.871,1.254,4.1692
2023-01-09 15:00:00,0.4238,62.28,0.3207,0.2038,1.236,0.08458,0.02124,4.798,1.259,4.6044
2023-01-09 16:00:00,0.4291,62.69,0.3224,0.2056,1.254,0.08635,0.02097,4.899,1.277,5.1066
2023-01-09 17:00:00,0.4278,62.35,0.322,0.2059,1.251,0.08581,0.02091,4.844,1.26,5.1801
2023-01-09 18:00:00,0.425,61.45,0.3168,0.204,1.23,0.08466,0.02084,4.686,1.253,5.093
2023-01-09 19:00:00,0.425,61.22,0.3155,0.2023,1.225,0.08336,0.0208,4.619,1.246,5.0815
2023-01-09 20:00:00,0.4232,61.13,0.3121,0.2001,1.219,0.08323,0.02041,4.55,1.24,4.9799
2023-01-09 21:00:00,0.422,61.1,0.3144,0.2002,1.226,0.08336,0.02047,4.557,1.238,5.2931
2023-01-09 22:00:00,0.4213,61.25,0.3175,0.1997,1.232,0.08348,0.02028,4.589,1.245,5.1828
2023-01-09 23:00:00,0.4206,61.13,0.3168,0.1997,1.222,0.08289,0.01982,4.601,1.242,5.2094
2023-01-10 00:00:00,0.4291,62.01,0.3189,0.2032,1.252,0.08528,0.0207,4.664,1.262,5.2479
2023-01-10 01:00:00,0.4265,61.43,0.3182,0.2043,1.24,0.0842,0.0203,4.631,1.253,5.2412
2023-01-10 02:00:00,0.421,60.61,0.3115,0.1996,1.208,0.08234,0.01994,4.541,1.236,5.047
2023-01-10 03:00:00,0.4241,61.28,0.3138,0.2009,1.222,0.08286,0.02002,4.66,1.248,5.0886
2023-01-10 04:00:00,0.428,61.46,0.3157,0.204,1.234,0.08384,0.02025,4.82,1.255,5.1515
2023-01-10 05:00:00,0.4296,61.46,0.3165,0.2026,1.241,0.0836,0.02052,4.941,1.255,5.3287
2023-01-10 06:00:00,0.4275,61.17,0.3158,0.2024,1.242,0.08365,0.02029,4.873,1.254,5.4418
2023-01-10 07:00:00,0.4268,60.95,0.3152,0.2019,1.235,0.08321,0.02001,4.851,1.255,5.3811
2023-01-10 08:00:00,0.4313,61.49,0.3184,0.203,1.249,0.0838,0.02001,4.89,1.264,5.7794
2023-01-10 09:00:00,0.4318,61.43,0.317,0.2019,1.24,0.08359,0.02015,4.875,1.26,5.7349
2023-01-10 10:00:00,0.4301,61.93,0.3194,0.2016,1.239,0.08416,0.02021,4.96,1.268,5.7047
2023-01-10 11:00:00,0.4272,61.46,0.318,0.1994,1.225,0.08349,0.01997,4.85,1.259,5.496
2023-01-10 12:00:00,0.4264,60.93,0.3145,0.1985,1.218,0.08343,0.02005,4.798,1.253,5.4596
2023-01-10 13:00:00,0.4259,61.33,0.3157,0.1992,1.226,0.08486,0.01983,5.042,1.258,5.4996
2023-01-10 14:00:00,0.4269,62.25,0.3166,0.2006,1.237,0.08409,0.02,4.923,1.266,5.5161
2023-01-10 15:00:00,0.4276,62.53,0.3203,0.2026,1.237,0.08407,0.02024,4.865,1.261,5.7375
2023-01-10 16:00:00,0.4281,62.24,0.3172,0.2022,1.235,0.08359,0.02011,4.79,1.256,5.6118
2023-01-10 17:00:00,0.4305,62.08,0.3195,0.2022,1.242,0.08403,0.01986,4.872,1.258,5.6305
2023-01-10 18:00:00,0.4309,62.56,0.3223,0.2041,1.25,0.0849,0.02002,4.9,1.259,5.6287
2023-01-10 19:00:00,0.4355,62.62,0.3236,0.2037,1.248,0.08487,0.02009,4.937,1.262,5.6554
2023-01-10 20:00:00,0.4353,62.33,0.3241,0.2041,1.249,0.08488,0.02032,4.933,1.265,5.6717
2023-01-10 21:00:00,0.4332,62.0,0.3225,0.2033,1.244,0.08421,0.02014,4.889,1.265,5.6541
2023-01-10 22:00:00,0.4316,61.79,0.3214,0.2027,1.241,0.08367,0.02003,4.835,1.258,5.4964
2023-01-10 23:00:00,0.4319,61.86,0.3223,0.2038,1.244,0.08392,0.02016,4.905,1.271,5.4835
2023-01-11 00:00:00,0.4323,61.82,0.3218,0.2032,1.245,0.08405,0.02007,4.843,1.267,5.4669
2023-01-11 01:00:00,0.4308,61.83,0.3218,0.2033,1.246,0.08413,0.02008,4.835,1.263,5.4655
2023-01-11 02:00:00,0.4249,60.96,0.3147,0.2001,1.226,0.08257,0.01972,4.736,1.235,5.3456
2023-01-11 03:00:00,0.4244,61.24,0.3146,0.2003,1.226,0.08238,0.01946,4.757,1.237,5.2414
2023-01-11 04:00:00,0.4236,61.11,0.3133,0.1997,1.222,0.0822,0.01933,4.724,1.231,5.2167
2023-01-11 05:00:00,0.4239,61.11,0.314,0.1997,1.229,0.08267,0.01935,4.768,1.236,5.2241
2023-01-11 06:00:00,0.4262,61.66,0.3163,0.2008,1.241,0.08327,0.01948,4.794,1.24,5.3099
2023-01-11 07:00:00,0.4257,61.69,0.3158,0.2007,1.238,0.08321,0.01942,4.82,1.238,5.2681
2023-01-11 08:00:00,0.4249,61.52,0.3145,0.1998,1.23,0.08287,0.01936,4.877,1.225,5.2729
2023-01-11 09:00:00,0.4248,61.53,0.3152,0.2008,1.232,0.0832,0.01937,4.875,1.232,5.2592
2023-01-11 10:00:00,0.4238,61.6,0.3156,0.2007,1.233,0.0833,0.0193,4.862,1.234,5.2584
2023-01-11 11:00:00,0.4239,61.24,0.3146,0.2005,1.228,0.08307,0.01933,4.899,1.23,5.2218
2023-01-11 12:00:00,0.422,61.01,0.3131,0.1996,1.215,0.08235,0.0193,4.858,1.228,5.1463
2023-01-11 13:00:00,0.4199,60.88,0.3117,0.1991,1.21,0.08175,0.01931,4.861,1.237,5.113
2023-01-11 14:00:00,0.4178,61.2,0.3119,0.1993,1.213,0.08191,0.01925,4.902,1.254,5.1574
2023-01-11 15:00:00,0.4144,60.42,0.3091,0.1971,1.203,0.08087,0.01901,4.904,1.237,5.0995
2023-01-11 16:00:00,0.4142,59.99,0.3084,0.1971,1.201,0.08084,0.01905,4.838,1.219,5.0159
2023-01-11 17:00:00,0.4151,60.48,0.3096,0.1979,1.201,0.08114,0.01913,4.89,1.225,5.0343
2023-01-11 18:00:00,0.4194,61.25,0.313,0.1985,1.217,0.08264,0.01931,4.912,1.226,5.1265
2023-01-11 19:00:00,0.4229,61.94,0.3176,0.2005,1.23,0.08404,0.0194,5.06,1.251,5.1565
2023-01-11 20:00:00,0.4219,61.82,0.3163,0.2011,1.231,0.08352,0.01941,4.946,1.25,5.1216
2023-01-11 21:00:00,0.4236,62.21,0.315,0.2011,1.229,0.0839,0.01922,4.917,1.246,5.1473
2023-01-11 22:00:00,0.4265,62.88,0.3166,0.2031,1.238,0.08424,0.0191,4.928,1.251,5.1764
2023-01-11 23:00:00,0.4347,64.16,0.323,0.2102,1.258,0.0859,0.01955,4.974,1.262,5.2925
2023-01-12 00:00:00,0.4421,64.65,0.3283,0.2111,1.29,0.08813,0.01986,4.991,1.288,5.4016
2023-01-12 01:00:00,0.4387,64.68,0.3246,0.2093,1.277,0.09007,0.01973,4.949,1.272,5.2835
2023-01-12 02:00:00,0.4358,64.57,0.3229,0.2083,1.268,0.08889,0.01954,4.974,1.258,5.295
2023-01-12 03:00:00,0.4395,64.71,0.3274,0.2103,1.276,0.08919,0.01973,4.955,1.267,5.3263
2023-01-12 04:00:00,0.4409,64.84,0.3281,0.2108,1.277,0.08961,0.01969,4.94,1.28,5.2825
2023-01-12 05:00:00,0.4357,64.13,0.3244,0.2083,1.254,0.08844,0.01937,4.802,1.251,5.151
2023-01-12 06:00:00,0.4361,66.64,0.3243,0.2085,1.262,0.0889,0.01943,4.823,1.257,5.1662
2023-01-12 07:00:00,0.4379,66.8,0.3245,0.2114,1.271,0.08935,0.01949,4.833,1.262,5.1945
2023-01-12 08:00:00,0.4358,66.2,0.3233,0.208,1.259,0.0895,0.01932,4.692,1.253,5.1326
2023-01-12 09:00:00,0.4345,65.82,0.3225,0.2075,1.252,0.08918,0.01926,4.673,1.244,5.1577
2023-01-12 10:00:00,0.4351,65.82,0.3227,0.2066,1.248,0.08918,0.01917,4.664,1.238,5.1931
2023-01-12 11:00:00,0.4368,65.59,0.3217,0.2067,1.249,0.08911,0.01927,4.691,1.232,5.3017
2023-01-12 12:00:00,0.4393,65.34,0.3234,0.2085,1.247,0.089,0.01939,4.697,1.234,5.2664
2023-01-12 13:00:00,0.4425,67.32,0.3304,0.2107,1.263,0.09006,0.01956,4.759,1.243,5.2635
2023-01-12 14:00:00,0.4393,66.17,0.3217,0.2056,1.231,0.08804,0.01908,4.592,1.214,5.0875
2023-01-12 15:00:00,0.4424,66.11,0.322,0.2072,1.243,0.08843,0.01931,4.644,1.236,5.1353
2023-01-12 16:00:00,0.4442,66.51,0.3236,0.2071,1.259,0.08898,0.01959,4.649,1.24,5.1742
2023-01-12 17:00:00,0.4495,68.28,0.3308,0.2121,1.28,0.09296,0.02001,4.787,1.273,5.3176
2023-01-12 18:00:00,0.4484,67.96,0.3295,0.2102,1.273,0.09233,0.01982,4.755,1.283,5.5567
2023-01-12 19:00:00,0.4527,67.82,0.3307,0.2114,1.286,0.09156,0.02004,4.815,1.31,6.1862
2023-01-12 20:00:00,0.452,68.13,0.331,0.213,1.296,0.09174,0.02032,4.842,1.3,6.3542
2023-01-12 21:00:00,0.4502,67.92,0.3293,0.2119,1.293,0.09101,0.0202,4.811,1.288,6.3701
2023-01-12 22:00:00,0.4479,67.76,0.3286,0.211,1.29,0.09108,0.02019,4.852,1.292,6.4367
2023-01-12 23:00:00,0.4503,67.77,0.3293,0.2122,1.292,0.09126,0.02025,4.838,1.298,6.4495
2023-01-13 00:00:00,0.4481,66.9,0.3268,0.2107,1.287,0.09107,0.02086,4.753,1.292,6.34
2023-01-13 01:00:00,0.448,67.18,0.3252,0.2095,1.287,0.09095,0.0211,4.736,1.296,6.3549
2023-01-13 02:00:00,0.4504,67.33,0.3256,0.2103,1.288,0.09133,0.02085,4.761,1.304,6.3572
2023-01-13 03:00:00,0.4542,68.04,0.3288,0.2119,1.313,0.09224,0.02085,4.816,1.313,6.3369
2023-01-13 04:00:00,0.4534,68.12,0.329,0.2128,1.305,0.09206,0.02073,4.808,1.31,6.3191
2023-01-13 05:00:00,0.4484,67.48,0.3266,0.2105,1.292,0.09119,0.0211,4.75,1.303,6.2043
2023-01-13 06:00:00,0.4519,68.09,0.3289,0.2119,1.306,0.0916,0.02097,4.805,1.321,6.3481
2023-01-13 07:00:00,0.4509,69.31,0.3277,0.2126,1.303,0.09186,0.02285,4.777,1.313,6.3658
2023-01-13 08:00:00,0.4525,68.6,0.3304,0.2145,1.311,0.09271,0.02188,4.854,1.315,6.712
2023-01-13 09:00:00,0.4522,68.38,0.3336,0.2143,1.311,0.09289,0.02186,4.818,1.316,6.6773
2023-01-13 10:00:00,0.4515,68.32,0.3331,0.2131,1.306,0.09248,0.02177,4.801,1.316,6.6653
2023-01-13 11:00:00,0.4494,67.87,0.3307,0.2108,1.292,0.09167,0.02159,4.8,1.306,6.6986
2023-01-13 12:00:00,0.4475,67.12,0.3282,0.209,1.282,0.09096,0.02111,4.735,1.296,6.7407
2023-01-13 13:00:00,0.4462,67.16,0.3269,0.2089,1.284,0.09086,0.02126,4.715,1.302,6.6648
2023-01-13 14:00:00,0.449,67.45,0.3277,0.2096,1.293,0.09149,0.0215,4.746,1.312,6.7378
2023-01-13 15:00:00,0.4519,68.43,0.3318,0.2119,1.305,0.09186,0.02146,4.798,1.311,6.8151
2023-01-13 16:00:00,0.4528,68.4,0.3302,0.2117,1.302,0.09189,0.02143,4.864,1.31,7.0141
2023-01-13 17:00:00,0.4534,68.83,0.3311,0.212,1.31,0.09204,0.02151,4.808,1.307,6.8921
2023-01-13 18:00:00,0.4546,69.04,0.3306,0.2114,1.303,0.09171,0.02143,4.788,1.288,6.7098
2023-01-13 19:00:00,0.4561,69.8,0.3346,0.2144,1.332,0.09293,0.02153,4.839,1.309,6.795
2023-01-13 20:00:00,0.458,71.78,0.3378,0.2175,1.35,0.0941,0.02171,4.856,1.328,6.8219
2023-01-13 21:00:00,0.4613,72.46,0.3478,0.2205,1.525,0.09466,0.0217,4.968,1.346,6.7891
2023-01-13 22:00:00,0.4624,71.24,0.3426,0.2196,1.451,0.09439,0.0216,4.89,1.331,6.842
2023-01-13 23:00:00,0.4651,71.15,0.3455,0.2208,1.464,0.09561,0.02178,4.947,1.353,6.8109
2023-01-14 00:00:00,0.4757,73.53,0.3511,0.2224,1.459,0.09752,0.02205,5.058,1.377,6.8795
2023-01-14 01:00:00,0.4828,74.07,0.3605,0.2271,1.484,0.1017,0.02254,5.18,1.405,7.7301
2023-01-14 02:00:00,0.4806,74.05,0.3595,0.2272,1.47,0.1029,0.02235,5.196,1.4,7.8476
2023-01-14 03:00:00,0.4812,73.85,0.3581,0.2271,1.463,0.10316,0.02233,5.154,1.396,7.8652
2023-01-14 04:00:00,0.4809,73.81,0.3546,0.2261,1.469,0.10216,0.02241,5.159,1.399,7.8846
2023-01-14 05:00:00,0.4881,74.77,0.3583,0.2275,1.483,0.1015,0.02248,5.191,1.413,8.0709
2023-01-14 06:00:00,0.4996,80.6,0.3693,0.2349,1.522,0.10772,0.02307,5.336,1.438,8.0399
2023-01-14 07:00:00,0.5,78.32,0.3637,0.2352,1.503,0.10592,0.02398,5.331,1.432,8.038
2023-01-14 08:00:00,0.4987,80.43,0.3673,0.2395,1.525,0.10734,0.02424,5.472,1.449,8.097
2023-01-14 09:00:00,0.472,76.61,0.3501,0.2252,1.437,0.10155,0.02258,5.151,1.366,7.4961
2023-01-14 10:00:00,0.4717,77.01,0.3489,0.2252,1.439,0.10342,0.02261,5.127,1.375,7.4746
2023-01-14 11:00:00,0.4763,78.59,0.3504,0.2255,1.459,0.1044,0.02297,5.171,1.386,7.6819
2023-01-14 12:00:00,0.4798,78.3,0.3518,0.2273,1.468,0.10445,0.02352,5.184,1.388,7.5831
2023-01-14 13:00:00,0.4802,78.23,0.3519,0.2277,1.482,0.10399,0.0232,5.203,1.386,7.5797
2023-01-14 14:00:00,0.4781,77.39,0.3497,0.2275,1.462,0.10417,0.02323,5.161,1.379,7.4141
2023-01-14 15:00:00,0.479,76.12,0.3517,0.2292,1.471,0.10685,0.02312,5.2,1.4,7.4693
2023-01-14 16:00:00,0.4767,76.32,0.3514,0.2284,1.473,0.10681,0.02292,5.163,1.399,7.4575
2023-01-14 17:00:00,0.4746,75.28,0.3498,0.2265,1.457,0.10777,0.02269,5.099,1.391,7.5181
2023-01-14 18:00:00,0.4753,75.08,0.3499,0.2269,1.46,0.10703,0.02296,5.107,1.389,7.6052
2023-01-14 19:00:00,0.4738,75.37,0.3487,0.2267,1.451,0.10559,0.02275,5.073,1.377,7.55
2023-01-14 20:00:00,0.4758,75.91,0.3499,0.2277,1.461,0.10514,0.02281,5.117,1.387,7.5924
2023-01-14 21:00:00,0.4758,75.21,0.3484,0.2267,1.451,0.10529,0.02277,5.115,1.379,7.9159
2023-01-14 22:00:00,0.4792,75.85,0.3505,0.2284,1.463,0.10467,0.02287,5.163,1.396,7.7637
2023-01-14 23:00:00,0.4814,76.01,0.3525,0.2292,1.475,0.10554,0.02309,5.187,1.402,7.7155
2023-01-15 00:00:00,0.4809,75.71,0.3482,0.2296,1.475,0.10489,0.02304,5.096,1.405,7.3971
2023-01-15 01:00:00,0.482,77.14,0.3477,0.2308,1.476,0.10361,0.02303,5.094,1.408,7.382
2023-01-15 02:00:00,0.4795,76.13,0.3433,0.2273,1.443,0.10346,0.02266,5.02,1.378,7.2893
2023-01-15 03:00:00,0.4823,74.62,0.3472,0.2303,1.459,0.10363,0.02276,5.053,1.39,7.3509
2023-01-15 04:00:00,0.4838,75.11,0.3468,0.2304,1.457,0.10351,0.02282,5.058,1.397,7.3819
2023-01-15 05:00:00,0.4848,75.64,0.3483,0.2318,1.465,0.10365,0.0229,5.094,1.396,7.4068
2023-01-15 06:00:00,0.4811,75.14,0.3449,0.2307,1.441,0.10321,0.02256,5.041,1.386,7.3668
2023-01-15 07:00:00,0.4866,74.98,0.3464,0.2315,1.444,0.10386,0.02252,5.031,1.379,7.3141
2023-01-15 08:00:00,0.4845,73.24,0.3404,0.2278,1.416,0.10067,0.02209,4.935,1.346,7.1241
2023-01-15 09:00:00,0.4833,73.72,0.3447,0.2293,1.432,0.10203,0.02227,4.984,1.362,7.2427
2023-01-15 10:00:00,0.4825,73.81,0.3449,0.2276,1.434,0.10283,0.02218,5.006,1.359,7.3979
2023-01-15 11:00:00,0.4861,74.63,0.3454,0.2291,1.445,0.10316,0.02246,5.038,1.367,8.0051
2023-01-15 12:00:00,0.4842,75.06,0.3444,0.2289,1.445,0.10357,0.02242,5.028,1.362,8.2869
2023-01-15 13:00:00,0.493,74.95,0.3448,0.2309,1.456,0.10286,0.0226,5.057,1.383,8.4983
2023-01-15 14:00:00,0.4988,79.49,0.3487,0.2349,1.47,0.10398,0.02293,5.123,1.406,8.6611
2023-01-15 15:00:00,0.4978,81.05,0.3507,0.2344,1.478,0.10491,0.02346,5.203,1.41,8.6191
2023-01-15 16:00:00,0.4982,80.6,0.35,0.2336,1.523,0.10712,0.0231,5.231,1.445,8.1873
2023-01-15 17:00:00,0.4978,80.15,0.3499,0.2334,1.494,0.1108,0.02304,5.168,1.447,7.9546
2023-01-15 18:00:00,0.4993,81.32,0.3503,0.2368,1.552,0.10898,0.02308,5.14,1.454,8.1023
2023-01-15 19:00:00,0.4993,80.15,0.3491,0.2358,1.532,0.10788,0.02299,5.132,1.434,8.1122
2023-01-15 20:00:00,0.4988,79.9,0.3503,0.2374,1.531,0.10884,0.02303,5.15,1.434,8.0227
2023-01-15 21:00:00,0.4977,79.69,0.3499,0.2385,1.521,0.10847,0.02311,5.143,1.429,8.1391
2023-01-15 22:00:00,0.4991,79.95,0.3514,0.2389,1.521,0.10856,0.02318,5.146,1.434,8.0805
2023-01-15 23:00:00,0.5001,79.31,0.351,0.2405,1.512,0.10847,0.02314,5.135,1.431,7.9277
2023-01-16 00:00:00,0.5007,79.94,0.3522,0.2393,1.506,0.10841,0.02304,5.161,1.432,8.2687
2023-01-16 01:00:00,0.5045,81.04,0.3582,0.2407,1.526,0.10933,0.02337,5.258,1.459,8.1876
2023-01-16 02:00:00,0.5103,80.85,0.3577,0.2392,1.518,0.10976,0.02369,5.237,1.452,8.1259
2023-01-16 03:00:00,0.5017,80.38,0.3571,0.2392,1.511,0.10884,0.02345,5.189,1.436,8.0076
2023-01-16 04:00:00,0.5054,81.94,0.361,0.2388,1.528,0.10834,0.02378,5.223,1.451,8.0056
2023-01-16 05:00:00,0.5079,82.44,0.3619,0.2401,1.557,0.10852,0.02464,5.269,1.463,8.1239
2023-01-16 06:00:00,0.5061,81.24,0.3592,0.2392,1.536,0.10745,0.02411,5.191,1.455,8.0396
2023-01-16 07:00:00,0.5007,80.6,0.3579,0.2377,1.526,0.10847,0.02388,5.158,1.453,8.1803
2023-01-16 08:00:00,0.4838,78.26,0.3482,0.2309,1.479,0.10727,0.02252,5.015,1.408,7.8265
2023-01-16 09:00:00,0.487,79.12,0.3501,0.2314,1.496,0.1088,0.02285,5.025,1.419,7.9907
2023-01-16 10:00:00,0.4868,78.78,0.3506,0.2321,1.523,0.10832,0.02283,5.037,1.416,8.5
2023-01-16 11:00:00,0.4837,78.43,0.3494,0.2311,1.512,0.10759,0.02273,4.992,1.41,8.3442
2023-01-16 12:00:00,0.4811,77.75,0.3474,0.2302,1.494,0.10548,0.0224,4.95,1.402,8.1783
2023-01-16 13:00:00,0.4842,78.15,0.3482,0.2313,1.497,0.10541,0.02261,4.928,1.405,8.0404
2023-01-16 14:00:00,0.4809,77.95,0.3462,0.2298,1.483,0.10506,0.02257,4.916,1.397,8.0042
2023-01-16 15:00:00,0.4829,78.5,0.3471,0.2308,1.482,0.10432,0.02273,4.896,1.391,8.1572
2023-01-16 16:00:00,0.4797,79.4,0.348,0.231,1.478,0.10472,0.02261,4.887,1.387,8.2034
2023-01-16 17:00:00,0.482,80.38,0.349,0.2327,1.501,0.10476,0.02283,4.923,1.408,8.158
2023-01-16 18:00:00,0.4856,80.6,0.3523,0.2327,1.509,0.10565,0.02302,4.964,1.412,8.2129
2023-01-16 19:00:00,0.487,81.02,0.3539,0.2347,1.519,0.10543,0.02304,4.978,1.421,8.183
2023-01-16 20:00:00,0.4863,80.33,0.3518,0.2361,1.517,0.11577,0.02289,5.0,1.416,8.2335
2023-01-16 21:00:00,0.4845,80.03,0.3504,0.2344,1.512,0.11573,0.02284,4.967,1.406,8.2013
2023-01-16 22:00:00,0.4868,80.36,0.3505,0.2334,1.503,0.11535,0.02268,4.952,1.404,8.1327
2023-01-16 23:00:00,0.4879,80.64,0.3503,0.2341,1.498,0.11516,0.02272,4.973,1.403,8.1324
2023-01-17 00:00:00,0.4831,80.12,0.349,0.2319,1.488,0.11344,0.02303,4.929,1.398,7.9835
2023-01-17 01:00:00,0.4802,80.85,0.3467,0.2305,1.485,0.11368,0.02344,4.916,1.392,7.9882
2023-01-17 02:00:00,0.4803,81.17,0.3474,0.2303,1.487,0.11219,0.02332,4.934,1.389,7.9924
2023-01-17 03:00:00,0.4799,81.79,0.3484,0.2305,1.486,0.11407,0.02333,4.941,1.38,7.9483
2023-01-17 04:00:00,0.4818,83.15,0.3491,0.232,1.511,0.11522,0.02313,4.981,1.386,8.1274
2023-01-17 05:00:00,0.482,82.84,0.3501,0.2325,1.524,0.11592,0.02307,4.999,1.394,8.0927
2023-01-17 06:00:00,0.4781,81.82,0.348,0.2318,1.502,0.1173,0.02326,4.965,1.379,7.9253
2023-01-17 07:00:00,0.4817,81.66,0.351,0.2341,1.518,0.11739,0.02331,5.0,1.39,8.0208
2023-01-17 08:00:00,0.4837,81.94,0.3515,0.2338,1.541,0.11899,0.02337,5.029,1.405,8.1039
2023-01-17 09:00:00,0.4837,81.85,0.3524,0.2328,1.544,0.12173,0.02327,5.014,1.406,8.0671
2023-01-17 10:00:00,0.4851,81.29,0.3517,0.2316,1.538,0.12425,0.02329,4.995,1.401,8.0689
2023-01-17 11:00:00,0.4916,82.85,0.3539,0.2324,1.562,0.12315,0.02366,5.048,1.416,8.1214
2023-01-17 12:00:00,0.4873,83.54,0.3537,0.2327,1.597,0.12287,0.0238,5.024,1.413,8.1024
2023-01-17 13:00:00,0.489,84.38,0.3518,0.2328,1.577,0.12274,0.02401,5.003,1.415,8.0487
2023-01-17 14:00:00,0.4919,90.0,0.3545,0.2344,1.58,0.12199,0.0239,5.051,1.414,8.0607
2023-01-17 15:00:00,0.4865,87.81,0.3529,0.2329,1.555,0.12265,0.02357,4.979,1.399,8.0114
2023-01-17 16:00:00,0.4817,86.64,0.352,0.2321,1.548,0.12232,0.02345,4.951,1.388,7.9631
2023-01-17 17:00:00,0.4816,86.47,0.3516,0.2318,1.519,0.12464,0.02339,4.951,1.384,7.9612
2023-01-17 18:00:00,0.4833,87.35,0.3534,0.233,1.534,0.1233,0.02373,4.997,1.404,7.9811
2023-01-17 19:00:00,0.4857,86.28,0.3528,0.233,1.522,0.12407,0.02376,5.016,1.412,7.9545
2023-01-17 20:00:00,0.4854,85.05,0.3531,0.2331,1.507,0.12226,0.0236,4.995,1.407,7.9449
2023-01-17 21:00:00,0.4839,84.96,0.3511,0.2326,1.498,0.1235,0.02349,4.971,1.403,7.7391
2023-01-17 22:00:00,0.4817,84.87,0.3473,0.2311,1.488,0.12304,0.02338,4.921,1.39,7.7274
2023-01-17 23:00:00,0.4789,85.7,0.3455,0.2284,1.477,0.12122,0.0231,4.892,1.377,7.6113
2023-01-18 00:00:00,0.4827,84.0,0.3462,0.2307,1.497,0.12229,0.02332,4.849,1.387,7.7301
2023-01-18 01:00:00,0.4861,84.59,0.3485,0.2322,1.512,0.12096,0.02357,4.895,1.405,7.7879
2023-01-18 02:00:00,0.4859,84.75,0.3509,0.2317,1.509,0.12189,0.02359,4.909,1.41,7.8028
2023-01-18 03:00:00,0.4827,85.1,0.3502,0.2313,1.501,0.12107,0.02349,4.858,1.401,7.7384
2023-01-18 04:00:00,0.4826,85.09,0.3497,0.2319,1.51,0.12194,0.02433,4.876,1.404,7.7566
2023-01-18 05:00:00,0.4838,85.11,0.3524,0.2324,1.508,0.12163,0.02398,4.92,1.408,7.8337
2023-01-18 06:00:00,0.4786,84.45,0.3513,0.2302,1.489,0.12067,0.02361,4.877,1.392,7.705
2023-01-18 07:00:00,0.4788,83.62,0.3505,0.2298,1.493,0.12051,0.02382,4.867,1.389,7.669
2023-01-18 08:00:00,0.4689,83.56,0.3469,0.2255,1.457,0.11919,0.02353,4.798,1.361,7.5069
2023-01-18 09:00:00,0.4662,84.48,0.347,0.225,1.462,0.12218,0.02504,4.802,1.355,7.4889
2023-01-18 10:00:00,0.4651,83.7,0.3453,0.2233,1.452,0.12338,0.02379,4.782,1.353,7.482
2023-01-18 11:00:00,0.4659,83.95,0.347,0.2243,1.464,0.12344,0.02384,4.811,1.357,7.59
2023-01-18 12:00:00,0.4738,84.74,0.3481,0.2258,1.48,0.12589,0.02384,4.832,1.368,7.6317
2023-01-18 13:00:00,0.4758,85.12,0.3507,0.2276,1.486,0.12468,0.02392,4.883,1.381,7.7742
2023-01-18 14:00:00,0.4769,87.63,0.353,0.229,1.491,0.12423,0.02392,4.895,1.394,7.7246
2023-01-18 15:00:00,0.4554,81.74,0.3384,0.2192,1.398,0.11697,0.02266,4.675,1.307,7.2761
2023-01-18 16:00:00,0.4506,80.42,0.332,0.2143,1.375,0.11745,0.02181,4.559,1.276,7.8099
2023-01-18 17:00:00,0.452,81.95,0.3362,0.2148,1.394,0.12294,0.02217,4.631,1.287,7.832
2023-01-18 18:00:00,0.4527,81.99,0.3376,0.2135,1.38,0.1206,0.02219,4.637,1.274,8.0533
2023-01-18 19:00:00,0.4506,83.59,0.3348,0.214,1.382,0.12017,0.02211,4.626,1.27,8.0123
2023-01-18 20:00:00,0.4453,83.71,0.3288,0.2114,1.364,0.11962,0.02177,4.537,1.246,7.9423
2023-01-18 21:00:00,0.448,84.36,0.3289,0.2118,1.375,0.11765,0.02195,4.565,1.254,8.2683
2023-01-18 22:00:00,0.4495,83.87,0.3303,0.2114,1.39,0.11712,0.02188,4.591,1.256,8.1142
2023-01-18 23:00:00,0.446,81.94,0.3265,0.2086,1.367,0.11536,0.02152,4.502,1.24,7.6262
2023-01-19 00:00:00,0.4467,80.93,0.3303,0.2088,1.376,0.11579,0.02163,4.533,1.241,7.6398
2023-01-19 01:00:00,0.4491,80.22,0.3287,0.21,1.385,0.11796,0.02163,4.527,1.249,7.5944
2023-01-19 02:00:00,0.4507,80.66,0.3301,0.2112,1.396,0.11531,0.02186,4.567,1.257,7.6416
2023-01-19 03:00:00,0.4501,81.52,0.3297,0.2108,1.394,0.11811,0.022,4.568,1.253,7.6252
2023-01-19 04:00:00,0.4515,82.78,0.3317,0.2128,1.396,0.11821,0.02219,4.596,1.265,7.8496
2023-01-19 05:00:00,0.4515,82.44,0.3325,0.2119,1.392,0.11691,0.02228,4.586,1.255,7.8519
2023-01-19 06:00:00,0.451,82.66,0.3327,0.2118,1.392,0.11678,0.02232,4.581,1.256,8.0063
2023-01-19 07:00:00,0.4543,81.95,0.3307,0.2133,1.401,0.11605,0.0226,4.585,1.253,8.013
2023-01-19 08:00:00,0.4542,81.52,0.3334,0.2125,1.395,0.115,0.02245,4.591,1.246,7.962
2023-01-19 09:00:00,0.4552,81.5,0.3335,0.2132,1.396,0.11479,0.02252,4.613,1.249,8.0051
2023-01-19 10:00:00,0.4542,81.0,0.3329,0.2138,1.386,0.11426,0.02239,4.615,1.242,7.9599
2023-01-19 11:00:00,0.4511,80.16,0.3311,0.2118,1.372,0.11254,0.02213,4.581,1.227,7.8052
2023-01-19 12:00:00,0.4514,79.53,0.3306,0.2108,1.37,0.1121,0.0222,4.557,1.227,7.685
2023-01-19 13:00:00,0.4539,79.14,0.3311,0.2117,1.377,0.11184,0.02243,4.586,1.233,7.8025
2023-01-19 14:00:00,0.4615,79.04,0.3328,0.2126,1.386,0.11132,0.02251,4.58,1.233,7.7822
2023-01-19 15:00:00,0.4588,78.74,0.3344,0.2131,1.38,0.11158,0.02248,4.584,1.228,7.7024
2023-01-19 16:00:00,0.4566,78.56,0.3362,0.2136,1.382,0.11293,0.02248,4.636,1.225,7.6947
2023-01-19 17:00:00,0.4532,77.9,0.3346,0.2136,1.375,0.111,0.02218,4.692,1.214,7.7249
2023-01-19 18:00:00,0.4549,79.46,0.3374,0.2149,1.387,0.11101,0.02241,4.683,1.228,7.7503
2023-01-19 19:00:00,0.4591,80.78,0.3397,0.2168,1.406,0.11175,0.02261,4.766,1.242,7.7798
2023-01-19 20:00:00,0.4597,81.05,0.3412,0.218,1.404,0.11209,0.02269,4.802,1.244,7.9276
2023-01-19 21:00:00,0.4557,80.16,0.337,0.2156,1.391,0.11118,0.02256,4.775,1.227,7.8482
2023-01-19 22:00:00,0.4591,81.11,0.3385,0.2171,1.4,0.11127,0.02267,4.777,1.238,7.9259
2023-01-19 23:00:00,0.4621,81.26,0.338,0.217,1.4,0.11224,0.02266,4.828,1.248,7.8696
2023-01-20 00:00:00,0.4588,80.59,0.3372,0.2161,1.4,0.11292,0.02263,4.891,1.244,7.7869
2023-01-20 01:00:00,0.4614,81.36,0.3401,0.2185,1.411,0.11395,0.02298,5.006,1.258,8.1208
2023-01-20 02:00:00,0.4605,80.96,0.339,0.2176,1.404,0.11366,0.02309,4.978,1.252,8.0083
2023-01-20 03:00:00,0.4627,81.27,0.3394,0.2191,1.408,0.11379,0.02349,4.973,1.254,8.0291
2023-01-20 04:00:00,0.4574,80.24,0.3372,0.2172,1.394,0.11281,0.02312,4.938,1.241,7.919
2023-01-20 05:00:00,0.4571,80.11,0.336,0.2173,1.389,0.1121,0.023,4.887,1.238,7.8794
2023-01-20 06:00:00,0.4569,80.26,0.3341,0.2163,1.382,0.11192,0.02291,4.86,1.234,7.8887
2023-01-20 07:00:00,0.4576,80.58,0.3354,0.2172,1.387,0.11309,0.02297,4.858,1.242,7.9395
2023-01-20 08:00:00,0.4553,80.85,0.3354,0.2171,1.381,0.11251,0.02303,4.885,1.234,7.9183
2023-01-20 09:00:00,0.4551,81.49,0.3372,0.2178,1.385,0.11198,0.02317,4.923,1.241,8.1233
2023-01-20 10:00:00,0.4545,81.28,0.3371,0.2176,1.383,0.11143,0.02309,4.913,1.24,8.1286
2023-01-20 11:00:00,0.4538,81.12,0.3349,0.2188,1.379,0.11088,0.02396,4.906,1.241,8.1093
2023-01-20 12:00:00,0.4585,81.83,0.3378,0.2212,1.395,0.11235,0.02324,4.949,1.245,8.1091
2023-01-20 13:00:00,0.4569,81.06,0.3364,0.2203,1.397,0.11135,0.02309,4.928,1.237,8.1201
2023-01-20 14:00:00,0.4589,81.45,0.3389,0.2219,1.402,0.11184,0.02321,4.948,1.248,8.1439
2023-01-20 15:00:00,0.4594,81.49,0.3412,0.2248,1.41,0.11285,0.02316,4.988,1.256,8.3177
2023-01-20 16:00:00,0.4631,82.81,0.3442,0.2263,1.432,0.11363,0.02328,5.057,1.275,9.04
2023-01-20 17:00:00,0.4661,83.12,0.3452,0.2278,1.441,0.1128,0.02328,5.025,1.29,9.1863
2023-01-20 18:00:00,0.4634,82.86,0.348,0.2298,1.442,0.11334,0.02326,5.047,1.302,9.18
2023-01-20 19:00:00,0.4691,85.12,0.3506,0.2313,1.468,0.11656,0.02334,5.086,1.321,9.4637
2023-01-20 20:00:00,0.4805,87.07,0.3601,0.2378,1.503,0.11789,0.02403,5.151,1.373,9.7964
2023-01-20 21:00:00,0.4803,86.71,0.3606,0.2367,1.495,0.11715,0.0239,5.135,1.393,9.8775
2023-01-20 22:00:00,0.483,87.04,0.3587,0.2363,1.507,0.11688,0.02403,5.159,1.4,10.9275
2023-01-20 23:00:00,0.4931,87.62,0.365,0.2392,1.519,0.11827,0.02423,5.183,1.438,10.9529
2023-01-21 00:00:00,0.4927,86.45,0.3613,0.2371,1.541,0.11777,0.0244,5.169,1.447,11.1101
2023-01-21 01:00:00,0.4996,87.19,0.3621,0.2385,1.56,0.1205,0.02458,5.196,1.477,11.206
2023-01-21 02:00:00,0.4998,86.64,0.3608,0.2387,1.562,0.12064,0.0245,5.163,1.468,11.1834
2023-01-21 03:00:00,0.5011,86.37,0.3596,0.2397,1.558,0.12171,0.02447,5.19,1.462,11.26
2023-01-21 04:00:00,0.5025,86.87,0.3628,0.2402,1.562,0.12118,0.02457,5.22,1.466,11.3235
2023-01-21 05:00:00,0.5001,87.03,0.361,0.2373,1.545,0.12124,0.02442,5.254,1.474,11.239
2023-01-21 06:00:00,0.506,88.17,0.365,0.2374,1.559,0.12384,0.02505,5.296,1.523,12.5242
2023-01-21 07:00:00,0.5078,87.47,0.3635,0.2383,1.556,0.12421,0.02506,5.33,1.515,12.517
2023-01-21 08:00:00,0.5034,87.22,0.3633,0.2363,1.55,0.12288,0.02466,5.251,1.661,12.3608
2023-01-21 09:00:00,0.5067,88.57,0.3684,0.2387,1.575,0.12274,0.0247,5.281,1.746,12.6521
2023-01-21 10:00:00,0.4946,86.27,0.3609,0.2353,1.53,0.11852,0.02425,5.181,1.754,12.2131
2023-01-21 11:00:00,0.5002,86.84,0.3639,0.2365,1.559,0.11882,0.02462,5.208,1.794,12.2068
2023-01-21 12:00:00,0.5024,86.83,0.3674,0.2379,1.553,0.11924,0.02475,5.222,1.781,12.5435
2023-01-21 13:00:00,0.5001,86.41,0.3722,0.2365,1.546,0.11854,0.02472,5.171,1.724,12.5719
2023-01-21 14:00:00,0.5071,86.03,0.3664,0.2362,1.54,0.11814,0.02503,5.137,1.706,12.6011
2023-01-21 15:00:00,0.5025,85.42,0.3707,0.2352,1.533,0.11689,0.0245,5.252,1.676,12.6449
2023-01-21 16:00:00,0.5099,86.2,0.3762,0.2388,1.546,0.11908,0.02462,5.661,1.635,12.4354
2023-01-21 17:00:00,0.5063,86.06,0.3766,0.2392,1.536,0.12063,0.02453,5.856,1.618,12.6243
2023-01-21 18:00:00,0.5116,86.55,0.3769,0.2436,1.552,0.12573,0.02477,5.802,1.583,12.7448
2023-01-21 19:00:00,0.5124,86.91,0.3759,0.2452,1.548,0.12558,0.02473,5.838,1.616,12.9185
2023-01-21 20:00:00,0.5113,86.86,0.3744,0.2436,1.544,0.1239,0.02463,5.911,1.618,12.6017
2023-01-21 21:00:00,0.5135,87.16,0.3746,0.2439,1.553,0.12376,0.02495,5.761,1.611,12.7061
2023-01-21 22:00:00,0.5036,85.14,0.368,0.2409,1.524,0.12115,0.0246,5.581,1.583,12.3905
2023-01-21 23:00:00,0.5015,84.5,0.3687,0.239,1.504,0.12019,0.02412,5.509,1.586,11.76
2023-01-22 00:00:00,0.5016,84.84,0.3723,0.2382,1.524,0.11988,0.02431,5.53,1.573,12.0808
2023-01-22 01:00:00,0.4991,84.47,0.3678,0.2376,1.518,0.11972,0.02433,5.487,1.585,12.2906
2023-01-22 02:00:00,0.4963,84.07,0.3642,0.2358,1.512,0.11894,0.02404,5.416,1.562,12.1711
2023-01-22 03:00:00,0.4999,84.08,0.365,0.2373,1.525,0.11975,0.02421,5.433,1.581,12.45
2023-01-22 04:00:00,0.5024,84.47,0.3665,0.2391,1.536,0.11987,0.02444,5.598,1.607,13.6967
2023-01-22 05:00:00,0.508,84.57,0.3694,0.2402,1.537,0.12041,0.02437,5.674,1.627,13.9191
2023-01-22 06:00:00,0.5068,85.06,0.3715,0.2402,1.536,0.12047,0.02442,5.613,1.608,13.9887
2023-01-22 07:00:00,0.506,84.58,0.3733,0.2402,1.537,0.12041,0.02447,5.634,1.617,14.0577
2023-01-22 08:00:00,0.5111,85.33,0.3802,0.2484,1.558,0.12128,0.02466,5.693,1.633,13.9966
2023-01-22 09:00:00,0.5078,84.84,0.3802,0.2441,1.576,0.12291,0.02461,5.611,1.62,13.8915
2023-01-22 10:00:00,0.5315,86.0,0.3828,0.2459,1.596,0.12432,0.02485,5.666,1.637,13.8669
2023-01-22 11:00:00,0.5276,85.69,0.3811,0.2485,1.6,0.12482,0.0248,5.568,1.647,13.5845
2023-01-22 12:00:00,0.5257,87.44,0.3842,0.2521,1.596,0.12478,0.02514,5.522,1.641,13.5824
2023-01-22 13:00:00,0.5307,87.31,0.3802,0.2514,1.606,0.12423,0.02508,5.553,1.63,13.6579
2023-01-22 14:00:00,0.5349,88.46,0.3826,0.2527,1.621,0.12468,0.02525,5.598,1.642,13.7473
2023-01-22 15:00:00,0.5304,88.06,0.3809,0.2519,1.623,0.12397,0.02505,5.731,1.617,13.633
2023-01-22 16:00:00,0.5255,88.4,0.381,0.2513,1.643,0.12583,0.02495,5.662,1.604,13.5442
2023-01-22 17:00:00,0.5292,89.28,0.3819,0.2538,1.657,0.12616,0.02529,5.75,1.621,13.7139
2023-01-22 18:00:00,0.5275,88.92,0.3813,0.2522,1.633,0.12678,0.02498,5.67,1.613,13.8079
2023-01-22 19:00:00,0.5242,87.19,0.3824,0.2502,1.636,0.12697,0.02482,5.642,1.605,14.2842
2023-01-22 20:00:00,0.5072,84.99,0.3751,0.243,1.569,0.12426,0.02395,5.391,1.561,12.9532
2023-01-22 21:00:00,0.5134,85.41,0.3747,0.246,1.576,0.12518,0.02423,5.556,1.571,13.2401
2023-01-22 22:00:00,0.5134,85.32,0.375,0.2447,1.578,0.12579,0.02426,5.52,1.585,13.3253
2023-01-22 23:00:00,0.5133,85.41,0.3764,0.246,1.595,0.12559,0.02442,5.541,1.59,13.3001
2023-01-23 00:00:00,0.5215,87.03,0.3807,0.2482,1.645,0.12752,0.02462,5.615,1.611,13.3662
2023-01-23 01:00:00,0.527,87.14,0.3801,0.2478,1.684,0.12714,0.0248,5.663,1.609,13.476
2023-01-23 02:00:00,0.5353,87.81,0.3762,0.249,1.71,0.12713,0.02539,5.715,1.622,13.7167
2023-01-23 03:00:00,0.5275,86.74,0.3707,0.2468,1.647,0.12733,0.02491,5.643,1.617,13.8418
2023-01-23 04:00:00,0.5337,87.43,0.3728,0.2488,1.656,0.12876,0.02511,5.733,1.63,13.9692
2023-01-23 05:00:00,0.5298,86.62,0.3717,0.2483,1.659,0.12779,0.02482,5.72,1.618,13.5419
2023-01-23 06:00:00,0.5351,87.18,0.3762,0.2497,1.671,0.12795,0.02494,5.767,1.628,13.6853
2023-01-23 07:00:00,0.5314,86.48,0.3746,0.2475,1.656,0.12624,0.02474,5.726,1.631,13.5598
2023-01-23 08:00:00,0.5316,86.24,0.3757,0.2496,1.647,0.12725,0.02482,5.842,1.617,13.501
2023-01-23 09:00:00,0.534,86.63,0.3775,0.2524,1.653,0.12688,0.02497,5.884,1.619,13.4575
2023-01-23 10:00:00,0.536,87.15,0.3789,0.2522,1.661,0.12803,0.02508,5.93,1.625,13.5351
2023-01-23 11:00:00,0.5462,88.17,0.3779,0.2526,1.675,0.12821,0.02538,5.82,1.629,13.4832
2023-01-23 12:00:00,0.5391,87.55,0.3775,0.2512,1.658,0.12723,0.02503,5.777,1.624,13.2199
2023-01-23 13:00:00,0.5402,86.42,0.3746,0.2496,1.637,0.1258,0.02469,5.688,1.597,12.8429
2023-01-23 14:00:00,0.5238,85.34,0.373,0.2475,1.624,0.13001,0.02445,5.629,1.588,12.8803
2023-01-23 15:00:00,0.5284,85.77,0.3768,0.2494,1.653,0.13215,0.02495,5.694,1.618,13.0521
2023-01-23 16:00:00,0.5281,86.24,0.3774,0.2504,1.648,0.13667,0.02528,5.644,1.611,12.9297
2023-01-23 17:00:00,0.5291,86.77,0.3776,0.2512,1.65,0.13982,0.02555,5.641,1.61,13.0749
2023-01-23 18:00:00,0.5316,86.73,0.3773,0.2524,1.641,0.13979,0.02558,5.648,1.597,13.0485
2023-01-23 19:00:00,0.5303,86.21,0.3737,0.2504,1.632,0.13857,0.02558,5.636,1.587,13.0338
2023-01-23 20:00:00,0.5338,86.7,0.3761,0.2521,1.65,0.13658,0.02571,5.667,1.614,13.1688
2023-01-23 21:00:00,0.5338,86.69,0.3761,0.2516,1.643,0.13448,0.02595,5.657,1.613,13.0775
2023-01-23 22:00:00,0.5297,86.62,0.3758,0.25,1.63,0.13772,0.02621,5.653,1.607,12.9458
2023-01-23 23:00:00,0.5354,86.66,0.375,0.2498,1.627,0.13614,0.02665,5.597,1.61,12.677
2023-01-24 00:00:00,0.5307,86.66,0.3773,0.2522,1.609,0.13539,0.02619,5.64,1.598,12.5638
2023-01-24 01:00:00,0.5367,87.6,0.3786,0.2544,1.622,0.13507,0.02627,5.689,1.613,13.04
2023-01-24 02:00:00,0.5375,87.69,0.3785,0.2543,1.622,0.1362,0.02615,5.782,1.612,12.9552
2023-01-24 03:00:00,0.5415,88.4,0.379,0.2555,1.644,0.13663,0.02638,5.763,1.627,13.36
2023-01-24 04:00:00,0.5385,87.91,0.3786,0.2549,1.643,0.14303,0.02642,5.765,1.618,13.1116
2023-01-24 05:00:00,0.5414,87.94,0.3801,0.2555,1.647,0.1423,0.02671,5.776,1.62,13.0937
2023-01-24 06:00:00,0.5462,87.83,0.3813,0.2591,1.656,0.14346,0.02647,5.743,1.616,13.2905
2023-01-24 07:00:00,0.5413,87.99,0.3822,0.2572,1.655,0.14737,0.02644,5.72,1.615,13.1095
2023-01-24 08:00:00,0.5408,88.08,0.3815,0.2572,1.653,0.15948,0.02639,5.723,1.617,12.9939
2023-01-24 09:00:00,0.5343,85.27,0.3783,0.2533,1.637,0.15783,0.02597,5.711,1.597,12.995
2023-01-24 10:00:00,0.5326,85.74,0.3779,0.2535,1.639,0.15725,0.02597,5.713,1.597,12.952
2023-01-24 11:00:00,0.5319,85.91,0.3779,0.2526,1.635,0.15901,0.02602,5.712,1.598,12.8644
2023-01-24 12:00:00,0.537,86.0,0.3759,0.2527,1.628,0.15836,0.02617,5.755,1.628,12.8538
2023-01-24 13:00:00,0.5359,85.39,0.3752,0.2509,1.616,0.15764,0.02612,5.803,1.618,12.8161
2023-01-24 14:00:00,0.5385,84.87,0.374,0.2513,1.64,0.1598,0.02626,5.792,1.632,12.8407
2023-01-24 15:00:00,0.5423,85.44,0.376,0.2511,1.661,0.15968,0.02633,5.846,1.659,13.1519
2023-01-24 16:00:00,0.5362,84.05,0.3754,0.2501,1.641,0.15922,0.02605,5.862,1.618,13.0777
2023-01-24 17:00:00,0.5371,83.49,0.374,0.2503,1.639,0.16077,0.02629,5.828,1.628,12.8095
2023-01-24 18:00:00,0.5388,84.33,0.3768,0.2516,1.647,0.16039,0.02743,5.855,1.636,12.8913
2023-01-24 19:00:00,0.5397,84.27,0.3789,0.2523,1.646,0.16067,0.02963,5.799,1.623,12.8476
2023-01-24 20:00:00,0.5363,83.24,0.379,0.25,1.624,0.15986,0.02872,5.717,1.61,12.5555
2023-01-24 21:00:00,0.5288,82.32,0.3722,0.2443,1.588,0.15908,0.03072,5.6,1.566,12.286
2023-01-24 22:00:00,0.5062,80.3,0.361,0.2374,1.522,0.1562,0.02816,5.42,1.526,12.0559
2023-01-24 23:00:00,0.5126,79.86,0.3587,0.2363,1.508,0.15299,0.02704,5.451,1.525,12.3168
2023-01-25 00:00:00,0.5109,79.66,0.3541,0.234,1.504,0.15007,0.0264,5.435,1.526,12.7388
2023-01-25 01:00:00,0.5067,79.26,0.3513,0.2323,1.492,0.14786,0.02642,5.369,1.505,12.8059
2023-01-25 02:00:00,0.5082,79.63,0.3524,0.2338,1.502,0.14659,0.02712,5.394,1.514,12.6751
2023-01-25 03:00:00,0.5142,80.28,0.3541,0.2355,1.517,0.14822,0.02744,5.431,1.524,12.8122
2023-01-25 04:00:00,0.5162,80.43,0.3531,0.2366,1.517,0.15057,0.02729,5.439,1.529,13.0357
2023-01-25 05:00:00,0.5185,80.64,0.3538,0.238,1.523,0.14938,0.02908,5.441,1.534,12.9465
2023-01-25 06:00:00,0.5205,81.14,0.3572,0.2404,1.54,0.14779,0.02819,5.506,1.549,13.3589
2023-01-25 07:00:00,0.5241,81.43,0.3593,0.2408,1.543,0.14773,0.02784,5.527,1.549,13.605
2023-01-25 08:00:00,0.5188,81.06,0.3593,0.2389,1.541,0.15392,0.0278,5.515,1.547,13.5255
2023-01-25 09:00:00,0.5153,80.05,0.3559,0.2361,1.524,0.1533,0.02718,5.462,1.53,13.6317
2023-01-25 10:00:00,0.5154,80.29,0.3561,0.2368,1.529,0.14949,0.02675,5.442,1.533,13.8104
2023-01-25 11:00:00,0.5096,80.07,0.3555,0.235,1.519,0.14905,0.0266,5.434,1.516,14.176
2023-01-25 12:00:00,0.5156,81.32,0.3594,0.2374,1.552,0.15057,0.02707,5.718,1.547,15.6673
2023-01-25 13:00:00,0.5138,80.98,0.359,0.2361,1.537,0.14779,0.02659,5.812,1.533,15.9952
2023-01-25 14:00:00,0.5081,80.13,0.3547,0.233,1.523,0.14758,0.02623,5.712,1.514,15.6577
2023-01-25 15:00:00,0.5122,80.77,0.3551,0.2334,1.538,0.14988,0.02656,6.005,1.534,16.2253
2023-01-25 16:00:00,0.5176,82.13,0.3578,0.2351,1.556,0.14854,0.02793,5.967,1.567,16.0318
2023-01-25 17:00:00,0.5149,83.11,0.3567,0.2342,1.551,0.14666,0.02742,5.793,1.555,16.0008
2023-01-25 18:00:00,0.5203,83.55,0.359,0.237,1.549,0.14552,0.02712,5.854,1.553,16.0491
2023-01-25 19:00:00,0.523,84.11,0.361,0.2381,1.56,0.14686,0.02724,5.882,1.557,16.0637
2023-01-25 20:00:00,0.5262,85.32,0.3667,0.241,1.573,0.15218,0.0274,6.045,1.583,17.9941
2023-01-25 21:00:00,0.535,86.78,0.3757,0.2464,1.605,0.15383,0.02824,6.098,1.624,18.0496
2023-01-25 22:00:00,0.5297,84.67,0.3673,0.2419,1.58,0.15015,0.02755,5.915,1.591,17.8728
2023-01-25 23:00:00,0.5345,85.69,0.3733,0.2446,1.599,0.15251,0.02774,6.032,1.623,18.3093
2023-01-26 00:00:00,0.5379,86.18,0.3867,0.246,1.62,0.15424,0.02814,6.045,1.626,18.513
2023-01-26 01:00:00,0.5388,85.63,0.3793,0.2458,1.62,0.15533,0.028,6.005,1.622,18.3321
2023-01-26 02:00:00,0.5371,85.55,0.3766,0.2452,1.615,0.15472,0.0279,5.975,1.609,18.7282
2023-01-26 03:00:00,0.5352,85.58,0.379,0.2452,1.617,0.15363,0.02789,6.133,1.616,18.7621
2023-01-26 04:00:00,0.5379,86.0,0.3817,0.2449,1.626,0.15379,0.02842,6.23,1.627,18.9378
2023-01-26 05:00:00,0.5453,86.99,0.3804,0.2464,1.637,0.15363,0.02843,6.287,1.639,18.686
2023-01-26 06:00:00,0.542,86.49,0.3796,0.2455,1.639,0.1544,0.02824,6.157,1.625,18.7274
2023-01-26 07:00:00,0.5343,85.46,0.3762,0.2431,1.621,0.15272,0.02797,6.112,1.615,18.6053
2023-01-26 08:00:00,0.5338,85.6,0.3754,0.2451,1.652,0.15054,0.02811,6.111,1.612,18.7548
2023-01-26 09:00:00,0.5309,86.13,0.3754,0.2441,1.659,0.15012,0.02813,6.051,1.604,18.6768
2023-01-26 10:00:00,0.5243,85.78,0.3742,0.243,1.643,0.14972,0.02775,6.031,1.591,18.044
2023-01-26 11:00:00,0.5228,86.33,0.3741,0.2427,1.648,0.14961,0.02765,6.068,1.597,18.2657
2023-01-26 12:00:00,0.5258,87.36,0.3773,0.2453,1.643,0.14947,0.02803,6.091,1.61,18.3557
2023-01-26 13:00:00,0.5278,87.85,0.382,0.2467,1.648,0.15055,0.02811,6.071,1.632,19.5467
2023-01-26 14:00:00,0.5247,87.35,0.3789,0.2447,1.628,0.14996,0.02772,6.019,1.618,18.5615
2023-01-26 15:00:00,0.5193,87.05,0.3766,0.2436,1.603,0.14929,0.02729,6.021,1.588,18.0303
2023-01-26 16:00:00,0.5211,87.41,0.3773,0.2434,1.619,0.14973,0.02755,6.046,1.606,18.2206
2023-01-26 17:00:00,0.5215,88.56,0.3761,0.243,1.629,0.1505,0.02767,5.998,1.615,18.1145
2023-01-26 18:00:00,0.521,88.74,0.3775,0.2438,1.633,0.15,0.02779,6.067,1.602,17.8896
2023-01-26 19:00:00,0.5233,88.75,0.3808,0.2438,1.641,0.14781,0.02762,6.067,1.601,17.536
2023-01-26 20:00:00,0.526,89.08,0.3819,0.2454,1.647,0.14667,0.02766,6.159,1.613,17.704
2023-01-26 21:00:00,0.5258,89.53,0.38,0.2445,1.634,0.14716,0.02764,6.128,1.614,18.2429
2023-01-26 22:00:00,0.5255,88.89,0.3799,0.244,1.636,0.14666,0.02758,6.148,1.597,18.325
2023-01-26 23:00:00,0.5275,88.79,0.3796,0.2453,1.648,0.1466,0.02768,6.088,1.605,18.1472
2023-01-27 00:00:00,0.519,87.47,0.3751,0.2424,1.625,0.14633,0.02717,6.07,1.6,17.4338
2023-01-27 01:00:00,0.5099,86.17,0.3706,0.2395,1.606,0.14308,0.02676,5.931,1.583,17.4776
2023-01-27 02:00:00,0.5146,86.39,0.3723,0.2413,1.627,0.14836,0.02701,6.062,1.603,17.7349
2023-01-27 03:00:00,0.5146,86.09,0.3716,0.2409,1.616,0.15172,0.02688,6.14,1.606,17.941
2023-01-27 04:00:00,0.5141,86.07,0.3724,0.2403,1.624,0.14921,0.02685,6.179,1.625,17.7615
2023-01-27 05:00:00,0.5156,87.63,0.3753,0.2432,1.643,0.14821,0.02708,6.263,1.65,18.2519
2023-01-27 06:00:00,0.5174,87.31,0.3776,0.2434,1.659,0.14754,0.02711,6.299,1.644,18.3388
2023-01-27 07:00:00,0.5201,87.79,0.3804,0.2453,1.72,0.14752,0.0275,6.285,1.674,18.0711
2023-01-27 08:00:00,0.5216,86.99,0.3771,0.2467,1.697,0.14829,0.02748,6.298,1.659,17.7247
2023-01-27 09:00:00,0.5228,87.02,0.3787,0.2469,1.691,0.14826,0.02735,6.34,1.661,17.8234
2023-01-27 10:00:00,0.5204,86.59,0.3775,0.2456,1.673,0.1464,0.02716,6.299,1.651,17.6383
2023-01-27 11:00:00,0.5213,86.76,0.3768,0.2476,1.679,0.14709,0.02734,6.339,1.668,17.6396
2023-01-27 12:00:00,0.5203,86.45,0.375,0.2468,1.671,0.14592,0.02712,6.258,1.626,17.6738
2023-01-27 13:00:00,0.5194,87.19,0.376,0.247,1.681,0.14967,0.02718,6.234,1.62,17.7093
2023-01-27 14:00:00,0.5196,87.28,0.3786,0.248,1.688,0.15264,0.02727,6.26,1.626,17.7466
2023-01-27 15:00:00,0.5208,88.01,0.3785,0.2487,1.696,0.15267,0.02746,6.206,1.631,17.5855
2023-01-27 16:00:00,0.527,87.99,0.3811,0.252,1.706,0.15232,0.02756,6.191,1.648,17.8199
2023-01-27 17:00:00,0.5311,88.2,0.3832,0.2539,1.718,0.15109,0.02778,6.277,1.657,18.1133
2023-01-27 18:00:00,0.5346,87.17,0.3831,0.2563,1.721,0.151,0.02768,6.302,1.661,18.17
2023-01-27 19:00:00,0.5329,87.25,0.3833,0.2558,1.721,0.15088,0.02775,6.306,1.666,18.2389
2023-01-27 20:00:00,0.5295,87.18,0.3825,0.2544,1.702,0.15104,0.02769,6.232,1.652,17.9198
2023-01-27 21:00:00,0.5312,87.25,0.3855,0.2537,1.701,0.15325,0.02769,6.237,1.65,17.8532
2023-01-27 22:00:00,0.5291,86.21,0.3849,0.2503,1.693,0.15284,0.0275,6.232,1.643,17.6793
2023-01-27 23:00:00,0.5376,87.36,0.39,0.2548,1.721,0.15215,0.02802,6.282,1.644,17.7571
2023-01-28 00:00:00,0.5398,88.0,0.3964,0.2594,1.727,0.1523,0.0282,6.307,1.667,18.3951
2023-01-28 01:00:00,0.5432,87.76,0.3933,0.2625,1.725,0.15137,0.0282,6.298,1.648,18.5689
2023-01-28 02:00:00,0.5398,86.89,0.3881,0.2593,1.735,0.15256,0.02797,6.268,1.637,17.806
2023-01-28 03:00:00,0.5437,87.32,0.3887,0.2612,1.734,0.15145,0.02815,6.247,1.639,17.8712
2023-01-28 04:00:00,0.5457,87.48,0.3914,0.2635,1.834,0.15332,0.02811,6.252,1.645,17.799
2023-01-28 05:00:00,0.5432,87.87,0.3941,0.2619,1.815,0.15406,0.02798,6.222,1.641,17.8202
2023-01-28 06:00:00,0.5415,87.35,0.3916,0.2631,1.794,0.15475,0.02797,6.231,1.643,17.6512
2023-01-28 07:00:00,0.5354,87.51,0.3888,0.2595,1.766,0.1522,0.02767,6.175,1.623,17.6046
2023-01-28 08:00:00,0.5349,87.66,0.3854,0.2579,1.758,0.15009,0.02766,6.132,1.617,17.5085
2023-01-28 09:00:00,0.534,87.1,0.3868,0.2579,1.77,0.1501,0.02779,6.227,1.623,17.586
2023-01-28 10:00:00,0.5309,86.53,0.3851,0.2556,1.779,0.1488,0.02769,6.219,1.619,17.4629
2023-01-28 11:00:00,0.5315,86.77,0.3866,0.2557,1.765,0.16129,0.02764,6.269,1.621,17.5003
2023-01-28 12:00:00,0.5245,85.98,0.3841,0.2531,1.736,0.15748,0.02722,6.237,1.594,17.0334
2023-01-28 13:00:00,0.5209,85.12,0.3817,0.2517,1.735,0.15559,0.02712,6.214,1.592,17.074
2023-01-28 14:00:00,0.5193,84.49,0.3798,0.2515,1.718,0.15722,0.02708,6.045,1.577,16.8798
2023-01-28 15:00:00,0.5243,85.26,0.3836,0.2561,1.736,0.15508,0.02745,6.074,1.598,17.7286
2023-01-28 16:00:00,0.526,84.72,0.3858,0.2548,1.736,0.15454,0.02751,6.1,1.59,18.1161
2023-01-28 17:00:00,0.5265,84.25,0.3835,0.2556,1.729,0.15462,0.02735,5.999,1.594,17.8466
2023-01-28 18:00:00,0.5249,84.06,0.3836,0.2557,1.721,0.15226,0.02723,5.959,1.576,17.8111
2023-01-28 19:00:00,0.5311,84.46,0.3836,0.2584,1.73,0.15197,0.02733,6.057,1.585,18.0885
2023-01-28 20:00:00,0.5238,83.53,0.3795,0.2539,1.696,0.15189,0.02696,5.974,1.564,17.9207
2023-01-28 21:00:00,0.526,83.93,0.3827,0.2543,1.713,0.15301,0.02703,6.012,1.572,17.9397
2023-01-28 22:00:00,0.5265,83.67,0.38,0.254,1.714,0.15314,0.02711,5.957,1.575,17.8954
2023-01-28 23:00:00,0.5289,84.21,0.3818,0.2574,1.717,0.15308,0.02725,6.041,1.579,17.8006
2023-01-29 00:00:00,0.5277,85.07,0.3827,0.2583,1.714,0.15381,0.02723,6.047,1.59,17.769
2023-01-29 01:00:00,0.5308,85.66,0.3873,0.2576,1.711,0.15461,0.02729,6.07,1.602,17.9701
2023-01-29 02:00:00,0.5251,85.08,0.3859,0.2563,1.707,0.15649,0.02708,6.008,1.595,18.2176
2023-01-29 03:00:00,0.5269,85.41,0.3862,0.2565,1.716,0.15506,0.02721,6.041,1.603,18.2932
2023-01-29 04:00:00,0.5284,85.75,0.3857,0.2577,1.719,0.15462,0.02722,6.008,1.604,18.2244
2023-01-29 05:00:00,0.5289,86.1,0.387,0.2575,1.728,0.15439,0.02719,6.002,1.597,18.2049
2023-01-29 06:00:00,0.5288,86.08,0.385,0.2571,1.718,0.15352,0.0272,6.0,1.598,18.2252
2023-01-29 07:00:00,0.5293,85.97,0.3863,0.2583,1.725,0.15306,0.02721,6.02,1.599,18.1324
2023-01-29 08:00:00,0.5313,86.0,0.3857,0.2574,1.724,0.1519,0.02709,6.054,1.597,18.1314
2023-01-29 09:00:00,0.5346,86.67,0.3884,0.2592,1.756,0.15233,0.0273,6.106,1.611,18.2115
2023-01-29 10:00:00,0.5394,86.93,0.3901,0.2596,1.748,0.15228,0.02741,6.156,1.616,18.2199
2023-01-29 11:00:00,0.5369,87.59,0.391,0.2609,1.752,0.15233,0.02734,6.132,1.618,18.1591
2023-01-29 12:00:00,0.535,87.23,0.3894,0.2621,1.796,0.1533,0.02746,6.112,1.614,18.0544
2023-01-29 13:00:00,0.5363,87.74,0.3885,0.2629,1.838,0.15225,0.02739,6.124,1.622,17.873
2023-01-29 14:00:00,0.5377,87.66,0.3893,0.2628,2.035,0.15364,0.0275,6.182,1.618,17.9609
2023-01-29 15:00:00,0.5378,87.83,0.3888,0.2616,2.019,0.15387,0.02749,6.153,1.613,18.0442
2023-01-29 16:00:00,0.5365,87.15,0.3905,0.2606,1.968,0.15318,0.02748,6.172,1.625,17.8156
2023-01-29 17:00:00,0.5356,87.12,0.3928,0.2609,1.941,0.15298,0.02748,6.245,1.632,17.721
2023-01-29 18:00:00,0.5367,87.64,0.3938,0.2626,1.938,0.15301,0.02751,6.261,1.634,17.7712
2023-01-29 19:00:00,0.5411,88.3,0.3962,0.2638,1.92,0.1532,0.0276,6.251,1.641,17.8063
2023-01-29 20:00:00,0.5382,87.8,0.3947,0.2607,1.936,0.15284,0.02745,6.206,1.635,17.9662
2023-01-29 21:00:00,0.54,88.21,0.3953,0.2613,1.921,0.15304,0.0276,6.185,1.636,17.9559
2023-01-29 22:00:00,0.539,87.81,0.3953,0.2601,1.93,0.15244,0.02759,6.183,1.64,18.0415
2023-01-29 23:00:00,0.5418,87.7,0.3977,0.2619,1.916,0.15335,0.02765,6.232,1.644,18.3404
2023-01-30 00:00:00,0.5434,88.23,0.3963,0.262,1.948,0.15412,0.0277,6.28,1.659,18.2443
2023-01-30 01:00:00,0.5365,86.91,0.3923,0.2581,1.93,0.15249,0.02724,6.189,1.644,18.0581
2023-01-30 02:00:00,0.5341,86.32,0.391,0.2562,1.948,0.15116,0.02698,6.155,1.636,18.0018
2023-01-30 03:00:00,0.5326,86.58,0.3924,0.2574,1.957,0.15179,0.02725,6.249,1.652,18.0559
2023-01-30 04:00:00,0.5315,86.66,0.3924,0.2573,1.97,0.1518,0.02725,6.211,1.65,18.0438
2023-01-30 05:00:00,0.5305,86.4,0.3921,0.2572,1.961,0.15138,0.02727,6.226,1.644,18.1782
2023-01-30 06:00:00,0.5284,85.92,0.3915,0.2557,1.953,0.15046,0.02724,6.178,1.647,18.2874
2023-01-30 07:00:00,0.5253,85.59,0.3894,0.2547,1.912,0.15019,0.02713,6.172,1.652,18.4074
2023-01-30 08:00:00,0.5236,84.93,0.3873,0.2521,1.899,0.14942,0.02681,6.165,1.622,19.8736
2023-01-30 09:00:00,0.5067,82.2,0.3763,0.244,1.844,0.14231,0.02569,5.986,1.536,17.7135
2023-01-30 10:00:00,0.5098,82.6,0.379,0.2447,1.844,0.14281,0.02588,5.987,1.549,17.7057
2023-01-30 11:00:00,0.5079,82.17,0.3799,0.244,1.83,0.14238,0.02568,5.94,1.533,17.594
2023-01-30 12:00:00,0.5078,82.17,0.3793,0.2448,1.842,0.14232,0.02559,5.974,1.529,17.6078
2023-01-30 13:00:00,0.5047,82.06,0.3801,0.2451,1.836,0.14199,0.02559,5.993,1.525,17.4445
2023-01-30 14:00:00,0.5151,83.36,0.3854,0.2487,1.87,0.14429,0.02603,6.095,1.546,17.8094
2023-01-30 15:00:00,0.5136,82.68,0.3823,0.2467,1.856,0.14295,0.02579,6.024,1.542,17.6823
2023-01-30 16:00:00,0.5139,82.68,0.3809,0.2464,1.855,0.14339,0.02576,5.953,1.548,17.7231
2023-01-30 17:00:00,0.5144,82.51,0.3805,0.2453,1.842,0.14256,0.02579,5.919,1.545,17.4992
2023-01-30 18:00:00,0.5128,82.04,0.3797,0.2456,1.85,0.14067,0.02561,5.933,1.532,16.8091
2023-01-30 19:00:00,0.5046,80.47,0.3724,0.2396,1.803,0.13731,0.02497,5.764,1.493,16.6659
2023-01-30 20:00:00,0.5018,79.95,0.37,0.2385,1.782,0.13594,0.02485,5.718,1.482,16.789
2023-01-30 21:00:00,0.5039,80.55,0.3698,0.2387,1.806,0.13637,0.02489,5.754,1.478,17.3421
2023-01-30 22:00:00,0.5052,80.87,0.3711,0.2383,1.799,0.13629,0.02492,5.764,1.483,17.1134
2023-01-30 23:00:00,0.5087,81.13,0.3723,0.2393,1.787,0.13591,0.02504,5.802,1.493,17.1905
2023-01-31 00:00:00,0.5058,81.24,0.3719,0.2392,1.794,0.13605,0.02512,5.792,1.496,17.1796
2023-01-31 01:00:00,0.5081,81.61,0.3724,0.2403,1.784,0.13799,0.02535,5.867,1.509,17.0254
2023-01-31 02:00:00,0.5063,81.45,0.3721,0.2402,1.777,0.13752,0.02527,5.863,1.525,17.0194
2023-01-31 03:00:00,0.5079,81.33,0.372,0.2398,1.757,0.13759,0.02518,5.848,1.508,16.8674
2023-01-31 04:00:00,0.5105,81.79,0.37,0.2401,1.784,0.13822,0.0253,5.867,1.522,16.8175
2023-01-31 05:00:00,0.5029,80.38,0.3684,0.2373,1.754,0.13652,0.0249,5.77,1.502,16.2996
2023-01-31 06:00:00,0.5074,80.51,0.3695,0.2378,1.788,0.13734,0.02499,5.777,1.514,16.4509
2023-01-31 07:00:00,0.5136,81.53,0.3743,0.2403,1.797,0.13821,0.02531,5.84,1.535,16.7484
2023-01-31 08:00:00,0.5099,81.03,0.3738,0.2374,1.782,0.13635,0.02517,5.795,1.514,16.5239
2023-01-31 09:00:00,0.5101,81.16,0.3732,0.2375,1.772,0.13587,0.02542,5.769,1.513,16.4515
2023-01-31 10:00:00,0.506,80.66,0.3712,0.236,1.755,0.13429,0.0252,5.744,1.502,16.2937
2023-01-31 11:00:00,0.5093,81.08,0.3723,0.237,1.773,0.13546,0.02536,5.78,1.515,16.5705
2023-01-31 12:00:00,0.51,81.12,0.3742,0.2372,1.765,0.13514,0.02528,5.794,1.51,16.5671
2023-01-31 13:00:00,0.5147,82.07,0.3785,0.2399,1.79,0.13651,0.02563,5.867,1.531,17.0382
2023-01-31 14:00:00,0.5137,82.07,0.3807,0.2397,1.811,0.13592,0.02564,5.863,1.529,16.8637
2023-01-31 15:00:00,0.5139,82.47,0.3959,0.2408,1.791,0.13596,0.02575,5.868,1.551,16.9118
2023-01-31 16:00:00,0.5127,82.63,0.3895,0.2415,1.789,0.13515,0.02578,5.911,1.538,17.1649
2023-01-31 17:00:00,0.513,82.73,0.3874,0.2414,1.79,0.13557,0.0258,5.923,1.552,17.1214
2023-01-31 18:00:00,0.5159,82.94,0.3898,0.2424,1.791,0.13484,0.02587,5.937,1.564,17.2289
2023-01-31 19:00:00,0.5167,83.2,0.3933,0.2435,1.807,0.13448,0.02594,5.913,1.57,17.0921
2023-01-31 20:00:00,0.5143,82.95,0.3894,0.2419,1.793,0.13346,0.02577,5.874,1.57,16.745
2023-01-31 21:00:00,0.5103,82.47,0.3866,0.2406,1.786,0.1326,0.02559,5.81,1.581,16.7609
2023-01-31 22:00:00,0.5126,82.87,0.3886,0.2415,1.796,0.13335,0.02575,5.85,1.58,16.9318
2023-01-31 23:00:00,0.514,82.95,0.3901,0.2413,1.797,0.13523,0.02573,5.862,1.599,16.7285
2023-02-01 00:00:00,0.5119,83.14,0.3882,0.2406,1.809,0.13505,0.02585,5.864,1.592,16.5353
2023-02-01 01:00:00,0.5109,83.23,0.3883,0.2405,1.816,0.13504,0.02591,5.938,1.617,16.6577
2023-02-01 02:00:00,0.51,83.19,0.3887,0.2399,1.819,0.13562,0.02604,5.91,1.648,16.5762
2023-02-01 03:00:00,0.5096,82.85,0.388,0.2401,1.805,0.13537,0.02601,5.883,1.654,16.6404
2023-02-01 04:00:00,0.5104,82.62,0.3861,0.2393,1.806,0.13508,0.0264,5.874,1.628,16.6555
2023-02-01 05:00:00,0.5083,82.17,0.3849,0.2387,1.794,0.13366,0.02675,5.85,1.614,16.8835
2023-02-01 06:00:00,0.5032,81.17,0.3818,0.2363,1.766,0.1306,0.02666,5.794,1.61,16.565
2023-02-01 07:00:00,0.5045,81.36,0.3824,0.2366,1.776,0.13124,0.02673,5.812,1.614,16.5853
2023-02-01 08:00:00,0.5018,80.75,0.3799,0.2345,1.762,0.12981,0.02637,5.797,1.599,16.4026
2023-02-01 09:00:00,0.5042,81.05,0.3817,0.2347,1.761,0.12887,0.02759,5.805,1.586,16.3225
2023-02-01 10:00:00,0.5054,81.3,0.3807,0.2345,1.764,0.12867,0.02736,5.834,1.585,16.3233
2023-02-01 11:00:00,0.5074,81.55,0.3819,0.2357,1.771,0.13014,0.0269,5.843,1.599,16.4593
2023-02-01 12:00:00,0.5053,81.45,0.3812,0.2365,1.754,0.12911,0.02705,5.826,1.589,16.3843
2023-02-01 13:00:00,0.5048,81.32,0.3815,0.2376,1.756,0.12905,0.02681,5.812,1.605,16.5063
2023-02-01 14:00:00,0.5023,81.17,0.3816,0.2374,1.743,0.12859,0.02653,5.813,1.604,16.3993
2023-02-01 15:00:00,0.4971,80.7,0.3751,0.2355,1.707,0.12654,0.02666,5.71,1.572,15.8926
2023-02-01 16:00:00,0.4978,81.24,0.3753,0.2366,1.705,0.12577,0.0264,5.609,1.56,15.8575
2023-02-01 17:00:00,0.4964,80.92,0.3731,0.2338,1.687,0.12487,0.02609,5.529,1.554,15.7367
2023-02-01 18:00:00,0.4987,82.18,0.3786,0.2354,1.709,0.12623,0.0263,5.628,1.569,15.9368
2023-02-01 19:00:00,0.5118,85.01,0.3874,0.2437,1.801,0.13086,0.02738,5.893,1.672,16.7326
2023-02-01 20:00:00,0.5212,87.1,0.3925,0.2493,1.805,0.13212,0.02763,5.993,1.7,17.0198
2023-02-01 21:00:00,0.5286,87.22,0.3961,0.2509,1.837,0.13448,0.02763,6.023,1.7,17.6028
2023-02-01 22:00:00,0.5269,87.75,0.3983,0.2492,1.856,0.13485,0.02771,6.002,1.761,18.2034
2023-02-01 23:00:00,0.5282,88.42,0.397,0.251,1.853,0.13456,0.02804,6.047,1.761,18.2499
2023-02-02 00:00:00,0.534,91.17,0.4047,0.2568,1.875,0.1385,0.02828,6.117,1.762,18.3142
2023-02-02 01:00:00,0.5321,91.17,0.4084,0.2554,1.877,0.13748,0.02786,6.088,1.755,18.1374
2023-02-02 02:00:00,0.534,90.96,0.4093,0.2555,1.875,0.13725,0.02832,6.063,1.758,17.9331
2023-02-02 03:00:00,0.5376,91.53,0.4067,0.255,1.919,0.13779,0.02844,6.127,1.769,18.0009
2023-02-02 04:00:00,0.5401,92.01,0.4066,0.2567,1.909,0.13826,0.02842,6.24,1.755,18.0586
2023-02-02 05:00:00,0.5386,91.46,0.4048,0.2568,1.896,0.13695,0.02822,6.225,1.752,18.2438
2023-02-02 06:00:00,0.5365,91.22,0.4018,0.2553,1.885,0.13762,0.02825,6.179,1.756,18.1657
2023-02-02 07:00:00,0.5394,90.81,0.4003,0.2544,1.873,0.1372,0.02802,6.147,1.745,18.2151
2023-02-02 08:00:00,0.541,90.15,0.4006,0.2557,1.898,0.13821,0.02819,6.173,1.751,18.2252
2023-02-02 09:00:00,0.5455,91.43,0.4049,0.2565,1.896,0.13821,0.02846,6.206,1.758,18.1939
2023-02-02 10:00:00,0.5403,91.45,0.4045,0.2566,1.896,0.13749,0.02884,6.178,1.771,18.1041
2023-02-02 11:00:00,0.5403,91.19,0.4061,0.2591,1.903,0.13914,0.02848,6.199,1.767,18.197
2023-02-02 12:00:00,0.5427,91.05,0.4066,0.2605,1.918,0.13899,0.0284,6.193,1.763,18.325
2023-02-02 13:00:00,0.5407,91.25,0.4036,0.2578,1.903,0.13712,0.02819,6.127,1.751,18.2241
2023-02-02 14:00:00,0.5367,90.52,0.4004,0.2573,1.877,0.13523,0.02783,6.043,1.729,18.0082
2023-02-02 15:00:00,0.543,91.02,0.405,0.2615,1.911,0.13704,0.02834,6.153,1.775,18.1899
2023-02-02 16:00:00,0.547,91.35,0.4048,0.2619,1.898,0.13734,0.02826,6.158,1.789,17.98
2023-02-02 17:00:00,0.5626,91.44,0.406,0.2644,1.888,0.13597,0.02835,6.182,1.783,17.9734
2023-02-02 18:00:00,0.5656,92.83,0.4129,0.2658,1.89,0.13757,0.02828,6.237,1.782,18.17
2023-02-02 19:00:00,0.5551,90.99,0.4053,0.2608,1.852,0.13476,0.02785,6.078,1.756,17.5201
2023-02-02 20:00:00,0.5588,92.12,0.4062,0.2632,1.865,0.13632,0.02805,6.09,1.762,17.7099
2023-02-02 21:00:00,0.5366,88.48,0.3944,0.2545,1.794,0.1306,0.02707,5.856,1.694,16.959
2023-02-02 22:00:00,0.5429,89.47,0.4002,0.2577,1.81,0.13236,0.02742,5.938,1.721,17.3411
2023-02-02 23:00:00,0.5415,88.33,0.3983,0.2555,1.798,0.13201,0.02739,5.876,1.712,17.2179
2023-02-03 00:00:00,0.5421,88.51,0.4021,0.2569,1.807,0.13285,0.02778,5.862,1.725,16.9209
2023-02-03 01:00:00,0.5443,88.33,0.4005,0.2561,1.799,0.1328,0.02772,5.835,1.717,16.9771
2023-02-03 02:00:00,0.5409,88.15,0.3991,0.2523,1.786,0.13193,0.0275,5.823,1.706,16.7467
2023-02-03 03:00:00,0.5451,88.46,0.4,0.2533,1.794,0.13299,0.02792,5.874,1.716,16.7929
2023-02-03 04:00:00,0.5517,88.81,0.4007,0.2546,1.794,0.13382,0.02814,5.898,1.718,16.8493
2023-02-03 05:00:00,0.5558,89.33,0.4022,0.2548,1.809,0.1349,0.02804,5.902,1.722,16.9216
2023-02-03 06:00:00,0.5479,88.83,0.4009,0.2546,1.805,0.13473,0.02779,5.879,1.717,16.7858
2023-02-03 07:00:00,0.5414,88.3,0.3994,0.2536,1.788,0.13371,0.0277,5.853,1.7,16.7549
2023-02-03 08:00:00,0.5459,88.77,0.3996,0.2544,1.79,0.13428,0.02771,5.866,1.708,16.8612
2023-02-03 09:00:00,0.5541,88.35,0.3997,0.2561,1.806,0.13476,0.02791,5.855,1.711,16.8105
2023-02-03 10:00:00,0.5518,89.04,0.4012,0.2572,1.816,0.13577,0.02796,5.889,1.714,16.7449
2023-02-03 11:00:00,0.5631,89.77,0.4033,0.2645,1.844,0.13701,0.0281,5.917,1.726,16.9269
2023-02-03 12:00:00,0.5625,89.65,0.4032,0.2678,1.83,0.1368,0.02816,5.94,1.739,16.9675
2023-02-03 13:00:00,0.5521,88.57,0.398,0.2633,1.816,0.13528,0.02768,5.87,1.707,16.7227
2023-02-03 14:00:00,0.5576,89.66,0.4024,0.2686,1.841,0.13728,0.02806,5.911,1.738,16.9049
2023-02-03 15:00:00,0.5669,90.81,0.4035,0.2704,1.863,0.13806,0.02808,5.951,1.744,17.1788
2023-02-03 16:00:00,0.5618,90.87,0.4028,0.2695,1.867,0.13767,0.02798,5.955,1.756,17.1179
2023-02-03 17:00:00,0.5629,92.1,0.4051,0.2692,1.876,0.13852,0.02799,5.967,1.755,17.1197
2023-02-03 18:00:00,0.5611,90.66,0.4054,0.2676,1.871,0.13838,0.02796,5.922,1.74,16.8952
2023-02-03 19:00:00,0.5589,89.78,0.4035,0.2662,1.857,0.13701,0.02786,5.881,1.73,16.8008
2023-02-03 20:00:00,0.5617,89.36,0.4028,0.2659,1.862,0.13685,0.02801,5.903,1.736,16.8603
2023-02-03 21:00:00,0.5606,89.09,0.4029,0.267,1.855,0.1374,0.02801,5.899,1.739,16.9215
2023-02-03 22:00:00,0.564,90.19,0.4052,0.2698,1.87,0.138,0.02827,5.94,1.749,17.0676
2023-02-03 23:00:00,0.5668,91.14,0.404,0.271,1.867,0.13836,0.02871,5.956,1.755,17.0203
2023-02-04 00:00:00,0.567,91.43,0.402,0.2718,1.874,0.13852,0.02856,5.958,1.751,16.835
2023-02-04 01:00:00,0.5638,90.58,0.4006,0.2666,1.861,0.13741,0.02828,5.933,1.74,16.727
2023-02-04 02:00:00,0.565,90.71,0.4011,0.2679,1.855,0.13753,0.02827,5.96,1.75,16.814
2023-02-04 03:00:00,0.5611,89.92,0.4005,0.2659,1.851,0.13627,0.02804,5.945,1.741,16.7118
2023-02-04 04:00:00,0.5605,89.91,0.4004,0.2684,1.846,0.13572,0.02818,5.95,1.736,16.7019
2023-02-04 05:00:00,0.5572,89.67,0.3991,0.2673,1.843,0.13542,0.02818,5.914,1.723,16.6408
2023-02-04 06:00:00,0.5554,89.75,0.4001,0.2676,1.849,0.13556,0.02838,5.93,1.74,16.548
2023-02-04 07:00:00,0.5543,89.72,0.401,0.2678,1.841,0.13542,0.02853,5.934,1.746,16.5369
2023-02-04 08:00:00,0.5552,89.94,0.3994,0.2673,1.846,0.13458,0.02842,5.918,1.738,16.4356
2023-02-04 09:00:00,0.5572,90.01,0.3999,0.2668,1.849,0.13419,0.02852,5.924,1.744,16.5582
2023-02-04 10:00:00,0.564,90.03,0.4,0.2681,1.841,0.1346,0.02852,5.909,1.741,16.6153
2023-02-04 11:00:00,0.5713,90.16,0.4007,0.2709,1.847,0.13643,0.0287,5.919,1.749,16.6274
2023-02-04 12:00:00,0.5856,90.56,0.4017,0.2705,1.862,0.13679,0.02863,5.936,1.752,16.8852
2023-02-04 13:00:00,0.5842,91.06,0.4042,0.2718,1.882,0.13802,0.02878,5.971,1.759,16.8341
2023-02-04 14:00:00,0.5989,91.06,0.4039,0.2736,1.883,0.13737,0.02897,5.972,1.752,16.8045
2023-02-04 15:00:00,0.5933,90.48,0.4038,0.2701,1.887,0.13715,0.02918,5.955,1.752,16.6446
2023-02-04 16:00:00,0.5904,89.66,0.4035,0.2701,1.881,0.13636,0.02881,5.932,1.742,16.6302
2023-02-04 17:00:00,0.59,89.36,0.4047,0.2716,1.889,0.13686,0.02879,5.947,1.744,16.6838
2023-02-04 18:00:00,0.5866,89.52,0.4038,0.2704,1.894,0.1368,0.02867,5.934,1.732,16.5939
2023-02-04 19:00:00,0.5853,89.17,0.4046,0.2685,1.884,0.1366,0.02873,5.921,1.722,16.5875
2023-02-04 20:00:00,0.5916,89.44,0.4035,0.2683,1.89,0.13707,0.02881,5.916,1.725,16.6277
2023-02-04 21:00:00,0.5946,89.52,0.4033,0.2672,1.889,0.13789,0.02889,5.926,1.729,16.668
2023-02-04 22:00:00,0.59,89.64,0.4026,0.2681,1.892,0.13725,0.02898,5.927,1.727,16.6925
2023-02-04 23:00:00,0.5817,88.96,0.3993,0.2673,1.879,0.13506,0.02902,5.88,1.706,16.4884
2023-02-05 00:00:00,0.5911,88.4,0.3952,0.264,1.879,0.13358,0.02841,5.852,1.698,16.7536
2023-02-05 01:00:00,0.5978,88.42,0.3965,0.2649,1.886,0.13434,0.02856,5.854,1.698,16.6614
2023-02-05 02:00:00,0.5988,88.27,0.396,0.2646,1.888,0.13436,0.02847,5.818,1.693,16.4528
2023-02-05 03:00:00,0.6042,88.33,0.3969,0.2653,1.908,0.13529,0.02872,5.845,1.704,16.5135
2023-02-05 04:00:00,0.6091,88.8,0.3975,0.267,1.895,0.13563,0.02877,5.849,1.71,16.5918
2023-02-05 05:00:00,0.599,88.91,0.399,0.2679,1.891,0.13606,0.02865,5.877,1.716,16.6395
2023-02-05 06:00:00,0.6037,88.89,0.3996,0.2679,1.893,0.13569,0.02872,5.883,1.709,16.6593
2023-02-05 07:00:00,0.6057,88.73,0.401,0.2678,1.899,0.13532,0.02877,5.886,1.709,16.5848
2023-02-05 08:00:00,0.6048,89.06,0.4007,0.2673,1.903,0.13585,0.02877,5.897,1.712,16.6555
2023-02-05 09:00:00,0.6031,88.75,0.3998,0.2676,1.888,0.13525,0.0287,5.88,1.705,16.5732
2023-02-05 10:00:00,0.5995,88.88,0.4009,0.2695,1.897,0.13799,0.02892,5.905,1.715,16.5666
2023-02-05 11:00:00,0.5927,88.4,0.3993,0.2671,1.88,0.13682,0.02901,5.828,1.702,16.4008
2023-02-05 12:00:00,0.566,84.69,0.3906,0.2587,1.781,0.1272,0.02791,5.661,1.641,15.3823
2023-02-05 13:00:00,0.5689,85.59,0.3929,0.2603,1.796,0.12845,0.02822,5.725,1.661,15.5509
2023-02-05 14:00:00,0.5704,85.87,0.3926,0.2603,1.805,0.12824,0.02804,5.698,1.65,15.645
2023-02-05 15:00:00,0.5608,85.21,0.3907,0.2581,1.777,0.12667,0.02778,5.672,1.628,15.4363
2023-02-05 16:00:00,0.5567,84.88,0.3882,0.2563,1.767,0.12671,0.02739,5.659,1.616,15.3905
2023-02-05 17:00:00,0.5568,84.23,0.3863,0.2548,1.765,0.1263,0.02728,5.617,1.605,15.2405
2023-02-05 18:00:00,0.5561,84.23,0.3859,0.2543,1.759,0.12624,0.0272,5.598,1.608,15.225
2023-02-05 19:00:00,0.557,84.86,0.3862,0.255,1.765,0.12612,0.02736,5.64,1.606,15.2474
2023-02-05 20:00:00,0.5545,84.75,0.3876,0.2537,1.762,0.12621,0.02731,5.66,1.608,15.1576
2023-02-05 21:00:00,0.5546,85.03,0.3873,0.2539,1.759,0.12676,0.0274,5.71,1.629,15.1845
2023-02-05 22:00:00,0.5606,85.91,0.3908,0.2558,1.78,0.12913,0.02772,5.731,1.668,15.4204
2023-02-05 23:00:00,0.5602,85.65,0.3922,0.2571,1.776,0.12995,0.02796,5.785,1.678,15.4306
2023-02-06 00:00:00,0.5749,86.59,0.3996,0.2605,1.799,0.1318,0.02839,5.77,1.726,15.3878
2023-02-06 01:00:00,0.5821,86.24,0.3954,0.259,1.791,0.13102,0.02833,5.7,1.721,15.1486
2023-02-06 02:00:00,0.5715,85.44,0.3925,0.2567,1.773,0.12983,0.02813,5.647,1.705,14.9563
2023-02-06 03:00:00,0.5702,85.72,0.3919,0.2582,1.78,0.12987,0.02835,5.652,1.714,15.0251
2023-02-06 04:00:00,0.5707,85.52,0.3919,0.2581,1.774,0.12998,0.02829,5.67,1.697,14.7246
2023-02-06 05:00:00,0.5691,85.01,0.3908,0.2571,1.771,0.1297,0.02812,5.643,1.692,14.6558
2023-02-06 06:00:00,0.5683,85.28,0.3915,0.2577,1.773,0.1301,0.02795,5.649,1.693,14.6897
2023-02-06 07:00:00,0.5704,86.11,0.3925,0.2603,1.79,0.1318,0.02802,5.697,1.714,15.069
2023-02-06 08:00:00,0.5679,86.1,0.3928,0.2591,1.788,0.13107,0.02789,5.696,1.703,15.0592
2023-02-06 09:00:00,0.5689,85.99,0.3912,0.2586,1.78,0.13081,0.02781,5.707,1.701,15.0553
2023-02-06 10:00:00,0.5673,85.82,0.3917,0.2574,1.775,0.13031,0.02778,5.701,1.697,15.0572
2023-02-06 11:00:00,0.5662,85.99,0.3915,0.2575,1.779,0.13107,0.02768,5.712,1.699,15.0854
2023-02-06 12:00:00,0.5654,86.15,0.3912,0.2569,1.775,0.13129,0.02768,5.718,1.694,15.0283
2023-02-06 13:00:00,0.5625,86.0,0.3902,0.257,1.774,0.13089,0.02771,5.707,1.692,14.9709
2023-02-06 14:00:00,0.5621,86.45,0.3901,0.257,1.78,0.13152,0.02781,5.703,1.702,15.1436
2023-02-06 15:00:00,0.5703,87.55,0.3944,0.2598,1.806,0.13319,0.02824,5.753,1.729,15.8143
2023-02-06 16:00:00,0.5673,87.02,0.3929,0.2603,1.803,0.13339,0.0294,5.749,1.754,15.4286
2023-02-06 17:00:00,0.5689,86.92,0.3941,0.2619,1.814,0.13312,0.02984,5.697,1.727,15.3581
2023-02-06 18:00:00,0.5681,86.36,0.3926,0.2621,1.805,0.13279,0.02972,5.723,1.751,15.1804
2023-02-06 19:00:00,0.5685,86.33,0.3925,0.2615,1.808,0.133,0.02963,5.727,1.739,15.1773
2023-02-06 20:00:00,0.5695,86.14,0.3911,0.2615,1.801,0.13307,0.02958,5.701,1.726,15.207
2023-02-06 21:00:00,0.5615,85.27,0.3877,0.2597,1.789,0.13231,0.02923,5.651,1.707,14.9415
2023-02-06 22:00:00,0.5621,84.92,0.3863,0.2583,1.783,0.13135,0.02908,5.643,1.702,14.86
2023-02-06 23:00:00,0.5547,84.1,0.382,0.2548,1.756,0.13084,0.0288,5.595,1.685,14.955
2023-02-07 00:00:00,0.5497,84.59,0.383,0.2555,1.766,0.1311,0.03016,5.608,1.713,15.1045
2023-02-07 01:00:00,0.5495,85.32,0.3838,0.2552,1.782,0.13282,0.02955,5.618,1.718,15.336
2023-02-07 02:00:00,0.5525,85.91,0.387,0.2566,1.793,0.13334,0.02944,5.651,1.722,15.4222
2023-02-07 03:00:00,0.5517,86.25,0.3862,0.2574,1.802,0.13293,0.02961,5.646,1.716,15.406
2023-02-07 04:00:00,0.5525,86.34,0.3856,0.2575,1.8,0.13321,0.02963,5.647,1.724,15.3074
2023-02-07 05:00:00,0.5556,86.69,0.3862,0.2594,1.812,0.13365,0.03016,5.667,1.74,15.3226
2023-02-07 06:00:00,0.5605,86.92,0.3876,0.2601,1.816,0.13397,0.03024,5.647,1.769,15.1844
2023-02-07 07:00:00,0.5602,86.51,0.3857,0.2625,1.822,0.13454,0.03014,5.656,1.767,15.2525
2023-02-07 08:00:00,0.5629,86.09,0.385,0.2671,1.824,0.13403,0.03127,5.642,1.767,15.2079
2023-02-07 09:00:00,0.5735,87.08,0.3886,0.2721,1.857,0.1357,0.03108,5.676,1.818,15.3376
2023-02-07 10:00:00,0.5687,86.79,0.3884,0.2693,1.874,0.13553,0.0315,5.694,1.807,15.5656
2023-02-07 11:00:00,0.5692,86.75,0.3885,0.2723,1.891,0.13612,0.03074,5.719,1.79,16.0924
2023-02-07 12:00:00,0.5743,87.13,0.3902,0.2753,1.886,0.1368,0.03112,5.723,1.832,15.8486
2023-02-07 13:00:00,0.5706,86.81,0.3889,0.2753,1.877,0.13604,0.03088,5.702,1.804,15.7859
2023-02-07 14:00:00,0.5756,86.88,0.3871,0.2777,1.888,0.13684,0.03094,5.686,1.806,15.7957
2023-02-07 15:00:00,0.5677,86.16,0.3855,0.2756,1.879,0.13571,0.03065,5.651,1.789,15.4717
2023-02-07 16:00:00,0.5696,86.1,0.3869,0.2781,1.891,0.13674,0.03085,5.633,1.796,15.4971
2023-02-07 17:00:00,0.58,87.64,0.3938,0.2843,1.952,0.13908,0.0312,5.762,1.827,15.9385
2023-02-07 18:00:00,0.5715,85.36,0.3868,0.2769,1.918,0.13791,0.03076,5.686,1.822,15.45
2023-02-07 19:00:00,0.5781,86.79,0.392,0.2821,1.954,0.13977,0.03113,5.769,1.854,15.7018
2023-02-07 20:00:00,0.5865,87.57,0.3954,0.2812,1.989,0.1406,0.03125,5.831,1.868,15.7627
2023-02-07 21:00:00,0.5852,87.71,0.396,0.2804,2.028,0.14115,0.03104,5.925,1.867,15.7685
2023-02-07 22:00:00,0.585,88.47,0.3975,0.2782,2.1,0.14079,0.03122,5.937,1.86,15.886
2023-02-07 23:00:00,0.5865,88.7,0.3989,0.2803,2.149,0.14296,0.03121,5.957,1.864,16.0568
2023-02-08 00:00:00,0.5931,88.92,0.402,0.2794,2.187,0.14329,0.03179,6.112,1.868,16.1591
2023-02-08 01:00:00,0.5904,88.57,0.3998,0.2808,2.142,0.14329,0.033,6.047,1.865,16.084
2023-02-08 02:00:00,0.5869,88.3,0.398,0.2798,2.143,0.14211,0.03274,6.015,1.854,16.1508
2023-02-08 03:00:00,0.5891,88.63,0.3989,0.2805,2.151,0.14199,0.03254,6.019,1.867,16.2177
2023-02-08 04:00:00,0.5899,88.69,0.3997,0.2813,2.138,0.14183,0.0325,6.009,1.873,16.1454
2023-02-08 05:00:00,0.5841,88.57,0.3977,0.279,2.118,0.14068,0.03247,5.952,1.853,15.9288
2023-02-08 06:00:00,0.5821,88.64,0.3986,0.2785,2.089,0.14016,0.03201,5.93,1.856,15.8286
2023-02-08 07:00:00,0.5807,89.53,0.4,0.2805,2.119,0.14092,0.03244,5.939,1.878,15.9025
2023-02-08 08:00:00,0.5775,89.0,0.3974,0.2879,2.109,0.14004,0.03207,5.909,1.88,15.8102
2023-02-08 09:00:00,0.576,88.86,0.3977,0.2864,2.104,0.14031,0.03191,5.91,1.872,15.7048
2023-02-08 10:00:00,0.5774,89.0,0.3981,0.2874,2.122,0.14079,0.03188,5.919,1.874,15.7356
2023-02-08 11:00:00,0.5778,89.12,0.3988,0.2954,2.166,0.14095,0.03175,5.939,1.872,15.7421
2023-02-08 12:00:00,0.5719,89.16,0.398,0.2921,2.131,0.13995,0.03134,5.963,1.87,15.6167
2023-02-08 13:00:00,0.5746,89.45,0.4004,0.2899,2.158,0.14033,0.03135,6.014,1.879,15.5453
2023-02-08 14:00:00,0.5729,88.97,0.3981,0.2938,2.147,0.13889,0.03071,5.927,1.867,15.5
2023-02-08 15:00:00,0.561,86.73,0.3925,0.2879,2.094,0.13742,0.03003,5.812,1.849,15.1781
2023-02-08 16:00:00,0.5583,86.71,0.3929,0.2931,2.05,0.13431,0.03002,5.78,1.843,15.1302
2023-02-08 17:00:00,0.5613,86.86,0.3938,0.2923,2.053,0.13486,0.03023,5.795,1.862,15.2036
2023-02-08 18:00:00,0.5587,86.16,0.3915,0.288,2.01,0.13299,0.03012,5.732,1.839,15.0615
2023-02-08 19:00:00,0.5585,86.4,0.3936,0.2855,2.007,0.13294,0.03016,5.729,1.831,15.0698
2023-02-08 20:00:00,0.5538,85.79,0.39,0.2862,1.995,0.13103,0.02988,5.701,1.819,14.7372
2023-02-08 21:00:00,0.5605,86.69,0.3941,0.2897,2.024,0.13264,0.03052,5.761,1.837,15.0645
2023-02-08 22:00:00,0.5614,86.58,0.3937,0.2892,2.019,0.13367,0.03053,5.75,1.833,15.0754
2023-02-08 23:00:00,0.5656,87.08,0.3944,0.29,2.044,0.13529,0.03071,5.748,1.847,15.0865
2023-02-09 00:00:00,0.5724,87.34,0.395,0.2874,2.08,0.13653,0.03239,5.779,1.846,15.0537
2023-02-09 01:00:00,0.5685,86.88,0.3917,0.2848,2.044,0.13494,0.03177,5.736,1.85,14.9049
2023-02-09 02:00:00,0.5531,84.46,0.3843,0.2778,1.975,0.13158,0.03082,5.593,1.778,14.3793
2023-02-09 03:00:00,0.5425,82.42,0.3818,0.2705,1.937,0.13079,0.03124,5.517,1.751,14.2305
2023-02-09 04:00:00,0.5434,82.07,0.3827,0.2718,1.934,0.13041,0.03168,5.537,1.774,14.1741
2023-02-09 05:00:00,0.5469,82.81,0.3844,0.2758,1.961,0.13049,0.03177,5.571,1.828,14.2858
2023-02-09 06:00:00,0.5528,83.36,0.3876,0.2812,2.009,0.1337,0.03174,5.595,1.84,14.4117
2023-02-09 07:00:00,0.5549,83.11,0.3872,0.2799,2.006,0.1334,0.0325,5.614,1.819,14.2986
2023-02-09 08:00:00,0.5572,83.87,0.3884,0.2836,2.025,0.13566,0.03321,5.635,1.892,14.4127
2023-02-09 09:00:00,0.5541,83.59,0.3877,0.2813,2.047,0.13629,0.03407,5.654,1.914,14.3926
2023-02-09 10:00:00,0.5548,83.39,0.3856,0.2778,2.032,0.13605,0.03317,5.638,1.884,14.3451
2023-02-09 11:00:00,0.5524,83.23,0.3863,0.2787,2.029,0.13641,0.03315,5.638,1.874,14.4722
2023-02-09 12:00:00,0.5531,83.06,0.3858,0.2788,2.018,0.13485,0.03209,5.638,1.86,14.4719
2023-02-09 13:00:00,0.5582,84.17,0.3882,0.2811,2.017,0.13604,0.03212,5.646,1.859,14.6247
2023-02-09 14:00:00,0.5635,86.66,0.3878,0.2837,1.977,0.13617,0.03202,5.608,1.908,14.4955
2023-02-09 15:00:00,0.5548,85.39,0.386,0.2811,1.974,0.13601,0.03144,5.561,1.883,14.2862
2023-02-09 16:00:00,0.5494,83.62,0.3823,0.2731,1.922,0.13378,0.03165,5.502,1.861,14.0788
2023-02-09 17:00:00,0.5478,84.5,0.3828,0.2718,1.92,0.13329,0.03192,5.494,1.894,14.1121
2023-02-09 18:00:00,0.5469,84.04,0.3806,0.2698,1.905,0.13196,0.03186,5.494,1.813,14.0881
2023-02-09 19:00:00,0.5359,81.48,0.3718,0.2598,1.815,0.12537,0.03111,5.281,1.741,13.3714
2023-02-09 20:00:00,0.5326,80.64,0.3691,0.2583,1.789,0.12454,0.03052,5.268,1.717,13.2977
2023-02-09 21:00:00,0.5294,79.32,0.3659,0.255,1.741,0.1242,0.02995,5.182,1.681,13.2419
2023-02-09 22:00:00,0.5205,77.22,0.3589,0.2491,1.691,0.11998,0.02829,5.002,1.622,12.9983
2023-02-09 23:00:00,0.527,77.78,0.362,0.2546,1.711,0.12256,0.03078,5.063,1.665,13.3185
2023-02-10 00:00:00,0.5255,77.58,0.3594,0.2519,1.695,0.12117,0.03242,5.051,1.648,13.0816
2023-02-10 01:00:00,0.5346,78.1,0.3614,0.2546,1.707,0.12109,0.03328,5.07,1.652,13.2149
2023-02-10 02:00:00,0.5305,78.56,0.3631,0.2551,1.724,0.12084,0.03303,5.102,1.651,13.2068
2023-02-10 03:00:00,0.523,77.78,0.3608,0.2547,1.698,0.11951,0.03235,5.051,1.634,13.052
2023-02-10 04:00:00,0.5229,77.15,0.3586,0.2544,1.677,0.11957,0.03225,5.032,1.622,12.9479
2023-02-10 05:00:00,0.5249,77.81,0.3581,0.2554,1.667,0.119,0.0318,5.012,1.62,12.9614
2023-02-10 06:00:00,0.5323,78.66,0.3618,0.2599,1.709,0.12091,0.03232,5.097,1.648,13.0681
2023-02-10 07:00:00,0.537,79.74,0.3643,0.2628,1.707,0.12118,0.0325,5.106,1.649,13.1502
2023-02-10 08:00:00,0.533,78.98,0.3632,0.2609,1.706,0.12039,0.03268,5.106,1.644,13.1103
2023-02-10 09:00:00,0.5322,78.61,0.3619,0.2579,1.711,0.11887,0.03165,5.09,1.631,12.963
2023-02-10 10:00:00,0.5347,78.83,0.3628,0.2582,1.723,0.11941,0.03148,5.089,1.636,12.953
2023-02-10 11:00:00,0.5246,77.92,0.3599,0.2537,1.681,0.11717,0.02969,5.013,1.601,12.735
2023-02-10 12:00:00,0.5257,77.74,0.3585,0.2536,1.688,0.11775,0.02955,5.003,1.612,12.668
2023-02-10 13:00:00,0.5287,78.31,0.3608,0.2548,1.71,0.11886,0.02989,5.048,1.63,12.818
2023-02-10 14:00:00,0.5355,78.9,0.3628,0.2573,1.732,0.11983,0.0304,5.081,1.64,12.974
2023-02-10 15:00:00,0.5313,78.22,0.3602,0.2556,1.71,0.11832,0.02989,4.981,1.619,13.098
2023-02-10 16:00:00,0.5336,77.6,0.3588,0.2548,1.704,0.11803,0.02942,4.984,1.614,13.011
2023-02-10 17:00:00,0.5372,78.22,0.3609,0.2559,1.708,0.11919,0.02951,5.034,1.632,13.251
2023-02-10 18:00:00,0.5364,78.88,0.3618,0.2523,1.709,0.11886,0.02978,5.023,1.625,13.138
2023-02-10 19:00:00,0.5377,79.84,0.3646,0.255,1.748,0.12073,0.03012,5.087,1.643,13.281
2023-02-10 20:00:00,0.5369,79.9,0.3649,0.2551,1.732,0.12079,0.03008,5.084,1.637,13.181
2023-02-10 21:00:00,0.5307,78.98,0.358,0.2517,1.702,0.11973,0.02987,5.003,1.61,13.398
2023-02-10 22:00:00,0.5302,78.65,0.3554,0.2496,1.691,0.11979,0.02999,5.024,1.608,13.529
2023-02-10 23:00:00,0.5311,78.58,0.3577,0.2509,1.699,0.1202,0.02989,5.061,1.611,13.653
2023-02-11 00:00:00,0.5324,78.99,0.3588,0.2507,1.702,0.12063,0.02996,5.069,1.615,13.45
2023-02-11 01:00:00,0.5291,78.43,0.3581,0.2497,1.685,0.12017,0.02978,5.034,1.614,13.288
2023-02-11 02:00:00,0.531,78.29,0.3591,0.2506,1.695,0.12032,0.02941,5.05,1.625,13.337
2023-02-11 03:00:00,0.5325,78.53,0.3615,0.2525,1.708,0.12089,0.02948,5.07,1.632,13.394
2023-02-11 04:00:00,0.5317,78.66,0.3609,0.2511,1.713,0.12033,0.0296,5.061,1.626,13.501
2023-02-11 05:00:00,0.5278,78.08,0.3596,0.2493,1.698,0.11982,0.02938,5.045,1.619,13.352
2023-02-11 06:00:00,0.5288,78.11,0.359,0.2507,1.695,0.11943,0.0294,5.06,1.613,13.416
2023-02-11 07:00:00,0.5289,78.27,0.3593,0.251,1.702,0.11953,0.02956,5.113,1.622,13.404
2023-02-11 08:00:00,0.5309,78.48,0.3597,0.2522,1.707,0.12041,0.02959,5.115,1.621,13.439
2023-02-11 09:00:00,0.5309,78.49,0.3607,0.2523,1.709,0.1204,0.02944,5.128,1.617,13.374
2023-02-11 10:00:00,0.5294,78.33,0.3597,0.2508,1.699,0.12071,0.02938,5.12,1.613,13.398
2023-02-11 11:00:00,0.5298,78.37,0.3601,0.2511,1.706,0.12024,0.02953,5.155,1.616,13.362
2023-02-11 12:00:00,0.5291,78.43,0.3592,0.2515,1.711,0.12045,0.02954,5.149,1.612,13.787
2023-02-11 13:00:00,0.5335,78.96,0.3614,0.254,1.736,0.12182,0.02964,5.267,1.628,14.146
2023-02-11 14:00:00,0.5369,79.28,0.3622,0.2543,1.747,0.12254,0.02962,5.308,1.647,14.446
2023-02-11 15:00:00,0.5342,79.0,0.3619,0.2546,1.745,0.12224,0.02956,5.259,1.644,14.197
