ticker,tradeDate,PE,PB,PS,PCF,ROE,ROA,CurrentRatio,DebtEquityRatio,RSI,MACD,MA20,HBETA,LCAP,NetProfitGrowRate,OperatingRevenueGrowRate,RSTR12,Volatility,BIAS20,GrossIncomeRatio,NetProfitRatio,CTOP,ETOP,future_return,pred
002582,2025-03-31,-56.176,1.1263,2.2218,14.5008,-0.0178,-0.0134,2.9307,0.3469,0.0,0.0,0.0,0.9496,22.1174,0.607,0.1966,0.4215,0.438,0.0,0.247,-0.0411,0.1124,-0.0185,0.05245272917597249,2.7401266
603980,2025-03-31,-60.2937,0.7882,1.9472,53.643,-0.0129,-0.0111,5.3134,0.16,0.0,0.0,0.0,1.0143,21.8414,0.7706,-0.0516,0.2451,0.1831,0.0,0.096,-0.0348,0.016,-0.0179,0.09498474464228188,2.019871
603612,2025-03-31,-48.4957,1.4513,0.6352,7.8369,-0.0301,-0.0097,1.3892,2.037,0.0,0.0,0.0,1.2093,22.8572,0.9768,-0.2452,0.3392,0.505,0.0,0.0583,-0.0009,0.0,-0.0014,0.04119430110433614,1.8987391
600626,2025-03-31,-29.7289,1.5403,0.403,7.0749,-0.0504,-0.0156,1.3103,2.2673,0.0,0.0,0.0,0.9879,22.3017,0.6622,0.0366,0.1989,0.3231,0.0,0.0977,-0.0096,0.0,-0.0237,0.07908404457980982,1.8174647
603001,2025-03-31,-15.0943,0.7694,0.7916,4.0309,-0.0477,-0.0344,2.4872,0.3572,0.0,0.0,0.0,0.8756,21.4638,0.5812,-0.1085,0.2346,0.8847,0.0,0.409,-0.053,0.0229,-0.067,0.09667577951260067,1.7044376
688199,2025-03-31,-43.4045,1.0584,1.8673,90.4067,-0.0241,-0.0155,1.54,0.5797,0.0,0.0,0.0,1.4426,21.731,0.4953,0.2313,0.3033,0.621,0.0,0.1285,-0.0451,0.0,-0.0242,0.06804681963054882,1.6270808
600490,2025-03-31,-45.1353,1.3642,1.8325,-19.9445,-0.0296,-0.0227,1.8793,0.2975,0.0,0.0,0.0,0.9075,22.8259,0.459,-0.2929,0.33,0.6153,0.0,0.0528,-0.0607,0.0,-0.0331,0.07144192523337745,1.353248
300072,2025-03-31,-18.1025,1.1895,1.7979,7.8408,-0.0609,-0.0363,1.47,0.6067,0.0,0.0,0.0,1.9209,22.7344,0.4801,-0.435,0.2853,0.3489,0.0,0.0296,-0.1334,0.0,-0.0742,0.09143331271379872,1.1177928
000050,2025-03-31,-30.1071,0.7386,0.601,3.4996,-0.0242,-0.0082,0.8778,1.9104,0.0,0.0,0.0,1.2193,23.7254,0.6723,0.0379,-0.0022,0.2648,0.0,0.1328,-0.0206,0.0,-0.0343,0.10757190487936179,1.0044438
603839,2025-03-31,-145.447,1.1009,1.0577,-82.2194,-0.0074,-0.0055,2.342,0.3727,0.0,0.0,0.0,0.953,21.4895,0.9151,-0.0662,-0.0123,0.8192,0.0,0.4727,-0.0168,0.0213,-0.0159,0.053932277159640454,0.95800465
603116,2025-03-31,-360.455,1.0681,1.3539,23.4019,-0.0028,-0.0019,2.9306,0.3067,0.0,0.0,0.0,0.8132,21.8453,2.5863,-0.0772,0.0982,0.8034,0.0,0.3743,0.0045,0.0375,0.0033,0.0911845438149125,0.91961217
601919,2025-03-31,4.7299,0.9897,0.9931,3.3506,0.2361,0.1046,1.6786,0.9052,0.0,0.0,0.0,0.8332,26.171,0.9508,0.3329,0.388,0.3291,0.0,0.2954,0.2369,0.0357,0.2385,0.07343016437006512,0.8895076
300167,2025-03-31,-10.7008,-147.85,2.4186,58.8263,0.0454,-0.2089,0.9992,-56.0712,0.0,0.0,0.0,1.0251,21.0844,0.4976,0.6087,0.7089,0.281,0.0,0.1463,-0.2141,0.0,-0.0885,0.12374259824805484,0.8556817
300244,2025-03-31,-107.223,1.4063,0.802,6.1692,-0.0122,-0.0051,2.611,1.0766,0.0,0.0,0.0,1.7354,23.0183,1.434,-0.172,-0.0394,0.602,0.0,0.276,0.0075,0.0447,0.0094,0.09877833865893783,0.8547119
002494,2025-03-31,-250.107,1.2825,3.0701,-45.1688,-0.0051,-0.0038,1.8942,0.3622,0.0,0.0,0.0,0.9329,21.1644,0.9803,0.4852,-0.0007,0.498,0.0,0.2821,-0.0098,0.0,-0.0032,0.14021417228719318,0.83699137
000401,2025-03-31,-13.331,0.4827,0.5225,4.153,-0.0352,-0.0165,0.8883,1.0865,0.0,0.0,0.0,0.9079,23.3043,0.3402,-0.1044,-0.0713,0.2683,0.0,0.181,-0.0449,0.0,-0.086,0.12584210331727494,0.75846267
300158,2025-03-31,-1343.07,0.784,1.2891,-29.3475,-0.0006,-0.0005,5.4006,0.1567,0.0,0.0,0.0,1.4371,22.1124,0.9126,-0.162,-0.1865,0.5668,0.0,0.5035,-0.0023,0.0,-0.0018,0.08364777995615016,0.74750066
603858,2025-03-31,-56.3755,1.4815,1.4041,18.019,-0.0251,-0.014,1.2417,0.8373,0.0,0.0,0.0,0.754,23.5288,0.7674,-0.136,-0.0967,0.2926,0.0,0.5975,-0.0392,0.0084,-0.0279,0.0423409663283035,0.71849775
300180,2025-03-31,-143.668,2.5334,2.4939,12.8677,-0.0179,-0.011,1.2439,0.5265,0.0,0.0,0.0,1.2816,23.1958,0.8017,0.1231,0.6972,0.7448,0.0,0.1468,-0.0171,0.0,-0.0068,0.012191841835841363,0.710709
601162,2025-03-31,-55.9597,1.5867,16.85,6.451,-0.0278,-0.0067,1.808,3.0241,0.0,0.0,0.0,1.2052,24.3225,0.3011,-0.1288,0.3823,0.5012,0.0,-0.3329,-0.3052,0.0,-0.0181,0.08092179723163664,0.70232505
300892,2025-03-31,-305.455,2.5841,2.986,32.8434,-0.0084,-0.0066,4.4309,0.2245,0.0,0.0,0.0,2.4392,21.7106,0.8834,-0.2674,0.3861,0.642,0.0,0.1589,-0.0098,0.0,-0.0033,0.08801205997481115,0.69572836
002659,2025-03-31,-57.139,1.2138,9.1746,1259.88,-0.021,-0.0151,2.021,0.3504,0.0,0.0,0.0,0.9149,21.6957,0.2857,0.167,0.0413,0.5771,0.0,0.2821,-0.1517,0.0,-0.0165,0.05933495098818856,0.68916374
600545,2025-03-31,-31.1195,1.2945,0.9016,17.7693,-0.0408,-0.0137,1.2938,1.6669,0.0,0.0,0.0,1.0849,22.1372,0.7952,-0.2198,0.0082,0.3463,0.0,0.1953,-0.0305,0.0,-0.0338,0.07961518433115913,0.6773841
601601,2025-03-31,6.8815,1.0617,0.7656,2.0038,0.1716,0.0179,1.808,8.6351,0.0,0.0,0.0,1.2763,26.4579,0.6639,0.2474,0.389,0.509,0.0,0.1379,0.1149,0.0,0.1501,0.06733452815878557,0.6545557
002645,2025-03-31,-1883.99,1.5137,0.9743,37.3162,-0.0008,-0.0005,2.1922,0.646,0.0,0.0,0.0,1.1232,22.4133,0.9313,-0.2374,-0.1098,0.7788,0.0,0.0639,-0.0023,0.0,-0.0024,0.0014004610341502716,0.64077777
600568,2025-03-31,-15.0864,1.1903,4.2242,42.0448,-0.0737,-0.0613,4.3798,0.1647,0.0,0.0,0.0,0.2621,21.7203,0.8269,0.265,-0.0074,0.7722,0.0,0.1976,-0.2724,0.0,-0.0645,0.09291920275659726,0.63315517
002168,2025-03-31,-56.3898,-25.34,6.7109,-46.6749,0.0454,-0.0361,0.4595,-13.0372,0.0,0.0,0.0,0.3836,21.2866,0.6016,0.179,-0.5441,0.5627,0.0,0.1885,-0.1256,0.0,-0.0187,0.08371640900836078,0.63298804
600333,2025-03-31,-75.6823,1.4682,1.1264,-48.2782,-0.0189,-0.0055,0.4286,2.5289,0.0,0.0,0.0,0.6164,21.7381,0.5818,0.2352,0.1072,0.2108,0.0,0.1645,-0.0153,0.0,-0.0136,0.14196515922495678,0.62573487
300868,2025-03-31,-62.0428,2.3926,4.7767,33.8959,-0.038,-0.028,3.3453,0.3584,0.0,0.0,0.0,1.5307,22.0216,0.4874,0.2109,0.6481,0.5306,0.0,0.2025,-0.0813,0.0,-0.017,0.035362698540781556,0.6127023
001201,2025-03-31,-20.9941,1.1039,2.8746,-33.6658,-0.0548,-0.0304,0.9105,0.8098,0.0,0.0,0.0,0.8385,22.0383,0.5291,0.0651,-0.3916,0.5245,0.0,0.1822,-0.1373,0.0,-0.0478,0.059777042916881976,0.60981596
600981,2025-03-31,-26.2489,1.2022,0.1147,-6.8595,-0.0457,-0.0086,1.305,4.5215,0.0,0.0,0.0,1.2174,22.459,0.7183,0.0528,0.033,0.4677,0.0,0.0382,-0.0027,0.0,-0.0236,0.030832885053805395,0.6040999
002551,2025-03-31,-19.8668,1.121,2.298,27.7799,-0.0555,-0.0371,1.8779,0.4398,0.0,0.0,0.0,1.0495,21.7996,0.393,0.0177,0.0777,0.7814,0.0,0.1432,-0.1262,0.0,-0.0549,0.10603841351653526,0.5671622
002872,2025-03-31,-27.6578,0.6402,2.2884,21.3871,-0.0229,-0.0168,1.6676,0.348,0.0,0.0,0.0,0.4758,20.9983,0.5596,-0.0548,-0.1292,0.4376,0.0,0.4693,-0.0845,0.0,-0.0369,0.059514470600134844,0.5583189
002100,2025-03-31,-28.8122,1.2167,0.4855,14.1257,-0.0441,-0.0175,1.4791,1.2153,0.0,0.0,0.0,0.857,22.8575,0.3686,-0.0746,-0.182,0.3214,0.0,0.0874,-0.0214,0.0,-0.0442,0.03510578856518447,0.5441234
002567,2025-03-31,-19.3533,1.1969,0.3021,9.5877,-0.064,-0.0202,1.0862,2.004,0.0,0.0,0.0,0.9643,22.6682,0.5282,-0.1937,-0.2308,0.3405,0.0,0.0738,-0.0184,0.0,-0.0609,0.050388640644017865,0.5387964
300150,2025-03-31,-432.81,1.7558,3.1821,25.2657,-0.0041,-0.0031,3.6769,0.3047,0.0,0.0,0.0,1.4174,21.7134,0.9816,0.1616,0.2758,0.3227,0.0,0.35,-0.0081,0.0,-0.0026,0.10025656812064608,0.5221593
002586,2025-03-31,-23.9824,1.0627,1.4327,-16.3654,-0.0415,-0.0176,0.9929,1.4135,0.0,0.0,0.0,0.2786,21.884,0.7568,-0.0196,-0.0319,1.0388,0.0,0.0996,-0.0663,0.0,-0.0463,0.06591461978450568,0.5216494
688520,2025-03-31,-695.127,-42.3426,7.4202,100.795,0.0454,-0.0091,0.7091,-25.7024,0.0,0.0,0.0,1.38,23.6215,0.9227,0.3955,-0.0007,0.4531,0.0,0.9647,-0.0106,0.0,-0.0014,0.13993927202898482,0.5129074
300582,2025-03-31,-84.901,2.5687,1.4171,18.8761,-0.0307,-0.0121,1.448,1.2401,0.0,0.0,0.0,1.2344,22.0855,0.2802,0.2357,0.4062,0.3972,0.0,0.3165,-0.0167,0.0,-0.0118,0.053469684402249654,0.50207514
601319,2025-03-31,7.0356,1.1223,0.4849,3.4277,0.17,0.0264,1.808,5.2065,0.0,0.0,0.0,1.165,26.4324,0.8375,0.1245,0.3246,0.4466,0.0,0.1136,0.093,0.0092,0.1917,0.05884773844190112,0.48308855
300222,2025-03-31,-149.71,4.8073,2.7634,28.9011,-0.0319,-0.0106,1.3512,1.8128,0.0,0.0,0.0,1.5487,22.8067,0.7137,-0.0791,0.5307,0.4965,0.0,0.2363,-0.0279,0.0,-0.0101,0.10897952180923547,0.46607926
000720,2025-03-31,-60.9049,1.462,3.4817,-17.3133,-0.0237,-0.0111,2.0854,1.186,0.0,0.0,0.0,0.8262,21.9989,0.3115,-0.5252,-0.1412,0.26,0.0,0.0687,-0.0517,0.0,-0.0148,0.027679653032012544,0.44639155
002355,2025-03-31,-216.579,3.3259,5.0449,29.4113,-0.0167,-0.0081,0.6616,1.0283,0.0,0.0,0.0,0.8336,22.1087,0.9578,-0.013,0.3647,0.5099,0.0,0.1162,-0.0238,0.0,-0.0047,0.0382432627072041,0.42903727
688272,2025-03-31,-110.044,4.0649,6.5826,37.2239,-0.0369,-0.0269,2.8745,0.5034,0.0,0.0,0.0,1.3118,21.4365,0.795,0.5822,0.6074,0.2865,0.0,0.3793,-0.0598,0.0,-0.0091,0.0887981523763873,0.40540546
603838,2025-03-31,-75.5986,1.595,6.3484,-61.5145,-0.0209,-0.0198,32.9605,0.0504,0.0,0.0,0.0,0.7427,21.1772,0.5513,0.3232,-0.1663,0.248,0.0,0.0939,-0.084,0.0,-0.0132,0.037380065595950335,0.40188715
002197,2025-03-31,-20.9172,1.3196,3.0455,6.1634,-0.0613,-0.0229,0.9211,1.5523,0.0,0.0,0.0,0.6347,21.8867,0.7265,-0.2745,-0.5883,0.4526,0.0,0.2371,-0.1361,0.0,-0.0447,-0.0004909544432989688,0.3905311
002485,2025-03-31,-18.2225,1.0595,1.9804,-5.1312,-0.0565,-0.0398,0.8152,0.374,0.0,0.0,0.0,0.3862,21.0738,0.7388,-0.3554,-0.0518,0.3237,0.0,-0.0641,-0.1091,0.0,-0.0551,0.09364028781106203,0.33582973
000678,2025-03-31,-194.475,6.8307,4.2969,21.8955,-0.0347,-0.0119,0.7539,1.7994,0.0,0.0,0.0,0.8119,22.4399,0.5911,-0.0745,0.797,0.3399,0.0,0.1247,-0.0286,0.0,-0.0067,0.034186441337062556,0.32923552
300437,2025-03-31,-19.5938,1.3512,1.8179,18.6284,-0.068,-0.0374,1.4974,0.812,0.0,0.0,0.0,1.336,21.4185,0.303,-0.0971,-0.3196,0.535,0.0,0.0952,-0.091,0.0,-0.0501,0.04693787436756576,0.32868576
300546,2025-03-31,-1300.71,3.0531,7.2451,-117.053,-0.0024,-0.002,5.6473,0.1801,0.0,0.0,0.0,1.7644,21.9123,0.5042,-0.107,0.4029,0.5974,0.0,0.5132,-0.0056,0.0,-0.0008,0.06782150492552093,0.32632327
300135,2025-03-31,-91.8447,3.9101,1.5894,11.4525,-0.0417,-0.0179,1.1111,1.0844,0.0,0.0,0.0,1.5813,22.0304,0.7549,-0.0888,0.3066,0.4719,0.0,0.0236,-0.0194,0.0,-0.0122,0.0637752635341806,0.32120425
300322,2025-03-31,-171.69,5.8303,3.4415,129.391,-0.0337,-0.0123,1.0276,1.7861,0.0,0.0,0.0,1.8652,22.5218,0.836,0.106,0.329,0.566,0.0,0.224,-0.023,0.0,-0.0067,0.046725720152634743,0.23469748
300961,2025-03-31,-281.46,3.0428,6.863,61.2873,-0.0108,-0.0039,0.7823,1.8713,0.0,0.0,0.0,1.0291,21.8411,0.8508,-0.0234,0.5984,0.5925,0.0,0.3945,-0.0144,0.0,-0.0021,0.09383599481825944,0.23060954
601336,2025-03-31,6.1252,1.6693,1.212,1.6685,0.276,0.0175,1.808,16.5838,0.0,0.0,0.0,1.5431,25.8025,2.0098,0.8527,0.5754,0.5991,0.0,0.2129,0.1979,0.0105,0.1633,0.050302596829164666,0.22854929
603068,2025-03-31,-147.086,3.3292,7.3003,-54.6259,-0.0222,-0.0189,3.9514,0.2816,0.0,0.0,0.0,0.8669,22.4372,0.804,0.0729,0.4331,0.4168,0.0,0.3606,-0.0549,0.0014,-0.0075,0.05230533305861955,0.22761053
688368,2025-03-31,-247.499,6.4981,5.4403,28.6201,-0.0248,-0.0148,1.4834,0.6596,0.0,0.0,0.0,1.6442,22.825,0.9493,0.1538,0.6396,0.5221,0.0,0.3712,-0.0027,0.0,-0.0005,0.07227332344892323,0.22185567
000415,2025-03-31,10.1822,0.6759,0.5791,0.8186,0.0667,0.0077,0.698,7.2676,0.0,0.0,0.0,1.1432,23.7483,4.1182,0.0874,0.3876,0.2784,0.0,0.448,0.0875,0.0,0.1511,0.06998171403886784,0.21799268
603189,2025-03-31,-219.83,3.0966,14.2699,36.9637,-0.0136,-0.0124,6.732,0.1092,0.0,0.0,0.0,0.9856,22.2583,0.6589,0.1272,0.2506,0.5623,0.0,0.2322,-0.0649,0.0058,-0.0045,0.01211628988451649,0.20937032
688418,2025-03-31,-209.602,6.907,6.1885,82.2701,-0.033,-0.0147,1.8423,0.9764,0.0,0.0,0.0,1.4831,22.4879,0.8792,0.3746,0.4254,0.4013,0.0,0.4499,-0.0211,0.0,-0.0034,0.05346717535295771,0.20449524
688068,2025-03-31,-130.598,2.7099,16.9707,30.478,-0.0204,-0.0193,9.8493,0.0463,0.0,0.0,0.0,1.1829,22.9018,0.4407,-0.4546,1.1585,0.4203,0.0,0.4802,-0.1433,0.0021,-0.0084,0.03700732273144449,0.20117074
002068,2025-03-31,-243.918,2.8531,0.8493,41.1349,-0.0115,-0.0042,1.194,1.7169,0.0,0.0,0.0,1.2965,22.8582,0.8814,0.0613,0.2298,0.3305,0.0,0.0486,-0.0037,0.0,-0.0043,0.07448904805565766,0.19169633
000692,2025-03-31,1.6767,-6.3371,0.8392,3.0192,0.0454,0.2124,0.3638,-21.0002,0.0,0.0,0.0,0.7415,21.2876,1.7518,0.1028,0.2225,0.7487,0.0,-0.1988,0.4929,0.0,0.5873,0.0627356682867616,0.19053985
300293,2025-03-31,-416.703,8.5888,5.9713,106.887,-0.0213,-0.0091,1.3571,1.2243,0.0,0.0,0.0,1.6242,22.7909,0.6495,-0.1455,0.4453,0.5718,0.0,0.3017,-0.0143,0.0,-0.0024,0.026385414728222693,0.16894197
002633,2025-03-31,-389.651,4.1071,5.8484,304.525,-0.0106,-0.0068,2.0439,0.4724,0.0,0.0,0.0,0.6036,21.2676,0.8475,0.0652,0.3616,0.851,0.0,0.2381,-0.015,0.0,-0.0026,0.05869344555503796,0.16332757
600100,2025-03-31,-379.603,1.729,1.2992,48.6774,-0.0047,-0.0013,1.3678,2.0027,0.0,0.0,0.0,1.2293,23.9852,0.8546,-0.2852,0.1775,0.47,0.0,0.2334,-0.003,0.0,-0.0023,0.08029487044121363,0.15825452
600711,2025-03-31,8.6304,1.1185,0.6726,6.2646,0.1384,0.0524,1.1052,1.3332,0.0,0.0,0.0,0.7368,23.5744,2.8045,0.0521,0.295,0.4402,0.0,0.195,0.0879,0.0,0.1307,0.10723330287330407,0.14447899
300148,2025-03-31,-152.997,3.8889,8.2719,599.828,-0.0249,-0.0169,6.1443,0.288,0.0,0.0,0.0,1.6485,22.0295,0.9407,-0.0974,0.3015,0.6241,0.0,0.2994,-0.0451,0.0,-0.0054,0.005820292406112426,0.14407697
605001,2025-03-31,8.2843,0.9959,2.0069,-121.629,0.1206,0.0687,1.8024,0.7439,0.0,0.0,0.0,1.0239,21.6956,6.9541,0.2517,0.2083,0.4121,0.0,0.3452,0.2443,0.0297,0.1217,0.055602992958047416,0.12711062
300333,2025-03-31,-140.284,6.3067,26.6829,-1119.79,-0.0444,-0.0424,22.8799,0.0162,0.0,0.0,0.0,1.8653,22.1049,0.8028,0.0415,0.7861,0.4824,0.0,0.5637,-0.1278,0.0,-0.0048,0.10395978176906674,0.11038275
600212,2025-03-31,-627.582,12.6964,8.9955,-152.281,-0.019,-0.0089,1.4284,1.4169,0.0,0.0,0.0,1.1582,22.6334,0.8074,0.1973,0.3002,0.3762,0.0,0.3116,-0.0154,0.0,-0.0017,0.06611985340575494,0.098807074
300058,2025-03-31,-492.727,2.9852,0.3848,-188.583,-0.0062,-0.0023,1.2179,1.6645,0.0,0.0,0.0,1.7064,23.8909,0.9721,0.3297,0.2669,0.8338,0.0,0.0268,-0.0009,0.001,-0.0023,0.08727933227050186,0.07627679
300380,2025-03-31,-1017.51,19.1598,7.7704,349.901,-0.0189,-0.007,1.3986,1.924,0.0,0.0,0.0,2.1608,22.6846,0.9338,0.1229,1.0584,0.6072,0.0,0.2319,-0.0086,0.0,-0.0011,0.0906558405070268,0.075910024
300098,2025-03-31,-109.025,3.1758,5.7692,61.5072,-0.0283,-0.0161,1.821,0.7046,0.0,0.0,0.0,1.758,22.9187,0.6884,-0.1656,0.3794,0.4274,0.0,0.3359,-0.0548,0.0,-0.0095,0.06144418249408399,0.07181036
003026,2025-03-31,-2828.01,5.8379,9.1154,53.238,-0.0019,-0.001,1.0444,1.0604,0.0,0.0,0.0,0.8852,22.0494,2.4358,0.2208,0.3281,0.287,0.0,0.3591,0.0317,0.0,0.0035,0.026214961386623832,0.066872224
000816,2025-03-31,-98.9212,2.3137,3.2479,21.7157,-0.0225,-0.0134,1.3578,0.5164,0.0,0.0,0.0,1.0308,22.2745,1.343,0.1172,0.2778,0.4479,0.0,0.2147,0.013,0.0,0.004,0.05425942920231387,0.062290303
300451,2025-03-31,-4905.7,2.0451,5.8441,73.0929,-0.0004,-0.0003,2.8652,0.238,0.0,0.0,0.0,1.7161,22.9758,1.3036,0.0531,0.3004,0.6204,0.0,0.4518,0.0067,0.0016,0.0012,0.12335588447651064,0.05005198
300386,2025-03-31,-72.4915,4.0374,8.4791,1416.24,-0.0546,-0.0491,7.3063,0.1042,0.0,0.0,0.0,1.4772,22.5396,0.5351,-0.0455,0.6603,0.6787,0.0,0.3616,-0.1176,0.0,-0.0139,0.02539867949821404,0.04021841
300849,2025-03-31,-403.293,3.8592,7.0738,110.424,-0.0096,-0.0073,2.7884,0.2258,0.0,0.0,0.0,0.8499,21.5994,0.8317,0.4359,0.1997,0.514,0.0,0.192,-0.0175,0.0,-0.0025,0.0190144816498652,0.036666483
300412,2025-03-31,-83.7206,2.5353,2.3084,-471.382,-0.0303,-0.0121,1.3104,1.4836,0.0,0.0,0.0,1.5262,21.6838,0.5473,0.0183,0.2763,0.4629,0.0,0.2576,-0.0392,0.0,-0.017,0.027236491248755768,0.029893365
600151,2025-03-31,-137.853,2.0217,1.8342,-45.9893,-0.0145,-0.0072,2.0379,0.6259,0.0,0.0,0.0,0.9322,23.0067,0.8204,-0.4202,0.2343,0.7331,0.0,0.095,-0.0165,0.0,-0.009,0.042870282328103734,0.019110408
300203,2025-03-31,-258.116,2.4537,2.1622,10.9082,-0.0098,-0.003,1.1181,2.0222,0.0,0.0,0.0,1.6816,22.7283,0.8954,0.032,0.2506,0.3028,0.0,0.4313,-0.0158,0.0,-0.0073,0.046113171311565115,0.012579271
002261,2025-03-31,-2146.97,13.8499,8.4997,-76.4562,-0.0065,-0.0032,2.1724,1.1125,0.0,0.0,0.0,0.8086,24.3046,0.9836,0.6842,0.6317,0.5439,0.0,0.1596,-0.0041,0.0,-0.0005,0.03572960485555197,-0.0040539913
601318,2025-03-31,7.4261,1.0125,0.9138,2.4582,0.139,0.0105,1.808,12.5491,0.0,0.0,0.0,1.2028,27.5694,0.3428,0.126,0.2895,0.4993,0.0,0.1668,0.1426,0.018,0.1561,0.047203720546197134,-0.0078897895
688165,2025-03-31,-138.407,8.0367,9.2215,-385.352,-0.0563,-0.029,2.2196,0.9735,0.0,0.0,0.0,1.6039,23.3358,0.486,-0.1629,0.9529,0.2795,0.0,0.1854,-0.0482,0.0,-0.0052,0.0650674190209403,-0.035476
300343,2025-03-31,-121.1,2.1813,4.2904,-50.8734,-0.0177,-0.0119,2.9575,0.2709,0.0,0.0,0.0,1.8448,22.1509,0.8482,-0.0438,-0.5555,0.8148,0.0,0.1,-0.0361,0.0,-0.0084,0.01722201923904322,-0.03881844
002379,2025-03-31,-183.68,6.4651,3.6345,-698.932,-0.0344,-0.0216,1.8534,0.5956,0.0,0.0,0.0,0.8352,23.2625,0.525,0.2973,0.9501,0.427,0.0,0.0172,-0.0198,0.0,-0.0054,0.08127857259589427,-0.0412609
300230,2025-03-31,12.7028,1.4695,2.0685,15.5228,0.12,0.0861,2.4122,0.3743,0.0,0.0,0.0,1.4178,22.2393,0.6059,0.1313,0.3852,1.3302,0.0,0.3208,0.1652,0.0224,0.0798,0.10509545358309089,-0.046268016
002128,2025-03-31,8.033,1.2715,1.4926,5.1853,0.1697,0.1065,1.756,0.4407,0.0,0.0,0.0,0.7458,24.4885,0.3486,0.0852,0.2132,0.3247,0.0,0.3446,0.2116,0.0379,0.1418,0.07184143840874416,-0.061213225
688322,2025-03-31,-153.481,7.5435,49.037,-626.432,-0.0479,-0.0431,5.8592,0.1016,0.0,0.0,0.0,1.7767,23.8207,0.561,0.2392,0.5919,0.3606,0.0,0.4288,-0.2877,0.0,-0.0059,0.03664982377899638,-0.06529305
300190,2025-03-31,-11.9547,0.6962,1.1823,6.2692,-0.0567,-0.0228,1.4069,1.3712,0.0,0.0,0.0,1.2149,21.6211,0.5506,-0.065,-0.0369,0.1789,0.0,0.1349,-0.1066,0.0032,-0.0902,0.08436490178250293,-0.065578125
002532,2025-03-31,11.3111,1.5645,1.5061,7.7607,0.1493,0.0643,0.9668,1.2189,0.0,0.0,0.0,0.9835,24.4443,0.938,-0.1044,0.3692,0.3217,0.0,0.2044,0.1332,0.0394,0.0884,0.05386840967394785,-0.07773952
600219,2025-03-31,9.1612,0.8794,1.3217,5.8091,0.0993,0.0705,3.0419,0.279,0.0,0.0,0.0,0.8462,24.5131,0.4881,0.1606,0.177,0.3445,0.0,0.2718,0.1779,0.0212,0.1346,0.07957969316820425,-0.084079966
688027,2025-03-31,-826.954,8.1276,103.925,805.253,-0.0215,-0.0182,14.3444,0.0993,0.0,0.0,0.0,1.5316,23.994,0.7434,0.623,0.3382,0.3987,0.0,0.5559,-0.1301,0.0,-0.0013,-0.005635299509708223,-0.091299035
688286,2025-03-31,-58.6939,3.9172,8.8145,-64.8246,-0.0661,-0.057,4.7782,0.1743,0.0,0.0,0.0,1.6873,22.1017,0.4259,0.3493,0.5724,0.3507,0.0,0.221,-0.1522,0.0,-0.0173,0.022217816482884012,-0.10855897
002716,2025-03-31,-604.125,3.3845,1.5588,33.412,-0.0074,-0.0036,1.1889,0.8822,0.0,0.0,0.0,0.7502,23.1195,0.796,0.5153,0.2569,0.2978,0.0,0.0423,-0.0026,0.0,-0.0017,0.04420929995337963,-0.11470998
603995,2025-03-31,10.2414,1.3771,0.1709,6.3225,0.1367,0.0537,1.0568,1.5762,0.0,0.0,0.0,1.087,22.7233,0.5268,0.1758,0.2854,0.3824,0.0,0.0552,0.0214,0.0248,0.125,0.03869968463349251,-0.11502842
002146,2025-03-31,-5.5772,0.2933,0.1212,-4.8188,-0.05,-0.0057,1.1671,7.0766,0.0,0.0,0.0,1.3128,22.5985,1.0012,0.2831,-0.0139,0.6622,0.0,0.1551,0.0003,0.0,0.0028,0.10132972931249204,-0.124590166
600008,2025-03-31,6.396,1.0662,1.0878,6.6755,0.1227,0.0327,1.0078,2.2349,0.0,0.0,0.0,0.6952,23.8545,1.4875,-0.002,0.1656,0.2267,0.0,0.3295,0.1939,0.0321,0.1783,0.09706720952919975,-0.14220668
002571,2025-03-31,-36.335,1.929,1.3544,19.9736,-0.0512,-0.02,0.7133,1.9439,0.0,0.0,0.0,0.8468,21.5616,0.5987,0.3475,0.1902,0.4647,0.0,0.1415,-0.0438,0.0,-0.0323,0.12488796036223565,-0.14821617
600743,2025-03-31,-2.6217,-27.1076,0.3139,-2.2168,-0.4827,-0.0491,1.6161,16.8714,0.0,0.0,0.0,0.9901,22.1356,0.7755,0.1014,0.2599,0.2722,0.0,0.1954,-0.0914,0.0,-0.2911,0.08911382478219307,-0.15065373
300065,2025-03-31,-97.8084,6.5728,21.6459,74.6183,-0.0649,-0.0508,3.1149,0.3383,0.0,0.0,0.0,1.7563,23.1427,0.8553,-0.13,0.6844,0.5849,0.0,0.2224,-0.2218,0.0,-0.0102,0.053276639985584025,-0.15525019
002092,2025-03-31,-11.9354,0.535,0.3869,1.9809,-0.0434,-0.0131,0.3968,2.2484,0.0,0.0,0.0,0.6504,23.179,0.5972,-0.1884,-0.0045,0.5883,0.0,0.1643,-0.0426,0.0,-0.1101,0.11696139003797212,-0.16305372
002708,2025-03-31,-532.466,4.247,3.3308,-104.579,-0.0088,-0.0045,1.2864,0.8837,0.0,0.0,0.0,1.1005,22.7282,0.8013,0.2827,0.2102,0.5911,0.0,0.1346,-0.016,0.0,-0.0048,0.010277736316993101,-0.16772188
600152,2025-03-31,-74.2795,1.7242,1.945,35.5341,-0.0232,-0.0131,1.2683,0.7132,0.0,0.0,0.0,1.0284,21.8565,0.6915,-0.0586,0.0118,0.3202,0.0,0.1419,-0.0399,0.0,-0.0205,0.050580326257767476,-0.18467589
002153,2025-03-31,-210.066,2.9512,7.4556,132.35,-0.014,-0.0108,3.973,0.1929,0.0,0.0,0.0,1.2794,23.7992,0.9303,0.1464,0.1153,0.6463,0.0,0.3762,-0.0175,0.0013,-0.0023,0.05665405761003561,-0.1896884
603608,2025-03-31,-47.8893,1.7982,1.7796,25.6803,-0.0336,-0.0204,2.8139,0.5202,0.0,0.0,0.0,0.1838,21.4216,0.7122,-0.0509,-0.1013,0.5255,0.0,0.6247,-0.0363,0.0,-0.0204,0.05084423076089044,-0.1896891
000782,2025-03-31,-48.5821,1.9207,1.0488,-9.7813,-0.0415,-0.0213,1.659,0.6443,0.0,0.0,0.0,0.6361,21.9507,0.5077,0.1549,0.0198,0.4367,0.0,0.0362,-0.0216,0.0,-0.0206,0.09059631986732293,-0.19477569
605303,2025-03-31,-12.469,1.289,2.245,8.8241,-0.0981,-0.047,1.7839,1.076,0.0,0.0,0.0,0.9952,21.1198,0.5354,0.1124,0.0555,0.9482,0.0,0.1113,-0.1816,0.0,-0.0809,0.0850708971029417,-0.19568624
002888,2025-03-31,-695.576,6.7547,11.0987,34.4529,-0.0096,-0.0084,4.6229,0.17,0.0,0.0,0.0,0.8002,21.6812,0.7563,0.0824,0.0711,0.8371,0.0,0.3606,-0.016,0.0039,-0.0014,0.02956386743437777,-0.204246
002725,2025-03-31,-126.603,3.0905,4.4953,30.845,-0.0241,-0.0186,1.7133,0.3238,0.0,0.0,0.0,0.9617,21.8091,0.5068,-0.0101,0.169,0.982,0.0,0.0882,-0.0354,0.0,-0.0079,0.0346551724930281,-0.20562899
002530,2025-03-31,-230.447,6.1453,6.3361,761.755,-0.0265,-0.0133,1.3444,0.8444,0.0,0.0,0.0,1.2794,22.7922,0.9423,0.0588,0.1933,0.4924,0.0,0.2899,-0.0124,0.0,-0.002,0.04935815574059637,-0.23359397
603958,2025-03-31,-76.7407,4.6609,4.403,188.572,-0.0576,-0.048,5.8652,0.1673,0.0,0.0,0.0,0.9164,21.9906,0.3067,0.01,0.3524,0.6244,0.0,0.5239,-0.0439,0.0,-0.01,0.0983592938508904,-0.24984041
002331,2025-03-31,-151.86,1.8804,3.0346,484.566,-0.0123,-0.0074,2.3635,0.621,0.0,0.0,0.0,0.9874,21.8617,0.7032,0.039,-0.0722,0.4193,0.0,0.2532,-0.017,0.0,-0.0056,0.12294177698624006,-0.25463295
600698,2025-03-31,-31229.1,8.9543,16.0374,-170.89,-0.0003,-0.0002,2.2357,0.4065,0.0,0.0,0.0,0.5404,22.6484,0.9908,-0.0321,0.3089,0.4627,0.0,0.1148,-0.0005,0.0,0.0,0.04051260098401198,-0.26318297
002739,2025-03-31,-703.478,2.9342,1.8239,15.8447,-0.0042,-0.0014,1.0745,2.0455,0.0,0.0,0.0,1.1275,23.8983,0.9351,-0.0153,-0.2954,0.4824,0.0,0.2342,-0.0015,0.0,-0.0008,0.06832560168102773,-0.26509178
688298,2025-03-31,-8.8897,0.7589,6.3244,-13.2838,-0.0794,-0.0664,4.094,0.172,0.0,0.0,0.0,1.2055,22.376,0.408,-0.4716,-0.1495,0.7147,0.0,0.4103,-0.7573,0.0,-0.1197,0.05945070783161989,-0.26565626
002247,2025-03-31,9.0169,3.2768,2.3177,27.4683,0.4973,0.2034,1.7872,0.6078,0.0,0.0,0.0,1.1319,21.4414,1.6786,-0.0337,0.3672,0.2763,0.0,0.2082,0.2559,0.0,0.1104,0.14184852877926585,-0.27114707
000925,2025-03-31,-2464.93,1.6658,2.6453,233.749,-0.0008,-0.0003,1.2685,1.4118,0.0,0.0,0.0,1.143,22.4256,3.836,-0.0902,0.116,0.5798,0.0,0.336,0.005,0.0019,0.0019,0.05758127973654795,-0.2720675
000503,2025-03-31,-4854.44,7.6619,28.8238,-120.615,-0.0018,-0.0013,3.1912,0.3328,0.0,0.0,0.0,0.9688,23.0886,0.9503,0.0947,0.0916,0.5789,0.0,0.2308,-0.0103,0.0,-0.0004,0.06703745518057895,-0.27274805
300331,2025-03-31,-273.191,3.1674,2.8185,34.9397,-0.0115,-0.006,1.7243,0.8679,0.0,0.0,0.0,1.3592,22.3821,0.9235,0.1296,0.079,0.3222,0.0,0.1934,-0.0118,0.0,-0.0042,-0.007539389901315557,-0.28241754
600610,2025-03-31,-718.044,152.532,9.1962,41.0547,-0.4582,-0.0131,1.8982,14.3149,0.0,0.0,0.0,1.1599,23.0371,0.8824,-0.0885,0.5189,0.6979,0.0,0.0908,-0.0128,0.0,-0.0014,0.026152603009282707,-0.28617948
300688,2025-03-31,-260.148,9.9493,19.2722,324.332,-0.0351,-0.0249,2.2759,0.4346,0.0,0.0,0.0,1.6704,22.2986,0.7005,0.1353,0.1152,0.6279,0.0,0.5737,-0.0583,0.0002,-0.003,0.03847386174829471,-0.2911445
603557,2025-03-31,-3.1802,-48.4876,5.8586,34.172,-3.0131,-0.4093,0.938,199.225,0.0,0.0,0.0,0.1733,21.0347,0.2719,0.0077,0.4126,0.5207,0.0,0.4958,-1.8482,0.0,-0.3155,-0.37279166417228654,-0.29936224
600279,2025-03-31,9.5919,0.9629,1.3858,53.5482,0.1013,0.0474,2.0163,0.7754,0.0,0.0,0.0,0.6191,22.51,3.0474,-0.1792,0.1959,0.5192,0.0,0.1139,0.2332,0.0089,0.1683,0.05371333496333714,-0.30417848
002256,2025-03-31,-322.646,3.8409,13.7108,-628.3,-0.0111,-0.0076,4.0834,0.3426,0.0,0.0,0.0,0.8497,22.2265,0.932,0.0469,0.0406,0.5626,0.0,0.3021,-0.0296,0.0,-0.0022,0.06332910061051802,-0.30638754
688108,2025-03-31,-952.291,5.1398,10.5662,62.6818,-0.0056,-0.0038,2.3774,0.4446,0.0,0.0,0.0,1.2535,22.2066,0.9601,0.5361,-0.0895,0.5664,0.0,0.6089,-0.0098,0.0,-0.0009,0.06208788144619781,-0.30642068
002982,2025-03-31,-1124.12,1.7253,0.6807,8.5459,-0.0015,-0.0006,1.4916,1.2956,0.0,0.0,0.0,0.9834,21.7361,1.0051,0.0281,0.11,0.7527,0.0,0.1632,0.0001,0.0105,0.0001,0.05159451061194917,-0.30945048
600594,2025-03-31,-11.5282,1.0258,1.1329,11.5954,-0.081,-0.0511,1.9979,0.5251,0.0,0.0,0.0,0.9315,21.7225,0.4935,-0.1354,-0.2933,0.3017,0.0,0.6325,-0.1019,0.0192,-0.09,0.08584125564677794,-0.3171455
300334,2025-03-31,-216.003,3.2472,7.4606,-194.428,-0.0147,-0.0087,1.8923,0.5626,0.0,0.0,0.0,1.2772,21.3129,0.9457,0.2737,0.0394,0.4082,0.0,0.2697,-0.036,0.0,-0.0048,0.07615781789037275,-0.31950358
002689,2025-03-31,-832.97,3.3191,3.3869,-44.0596,-0.004,-0.0024,2.0943,0.63,0.0,0.0,0.0,1.1642,22.0686,0.9305,-0.1262,-0.0167,0.5742,0.0,0.2406,-0.0041,0.0,-0.0012,-0.01071495707884669,-0.32632545
300429,2025-03-31,-135.426,4.3264,7.6706,215.103,-0.0273,-0.0136,1.6249,1.0127,0.0,0.0,0.0,1.8436,22.6535,0.7168,0.1541,0.0464,0.7855,0.0,0.2158,-0.055,0.0,-0.0072,0.006289478305433596,-0.32674247
601001,2025-03-31,6.0535,1.1009,1.299,4.0074,0.193,0.0862,2.0959,0.631,0.0,0.0,0.0,0.7209,23.714,0.6051,0.0531,-0.1595,0.516,0.0,0.4987,0.2894,0.0664,0.2228,-0.02008826520851651,-0.32829395
605003,2025-03-31,6.3804,1.4567,4.0434,33.7862,0.242,0.2114,8.427,0.0815,0.0,0.0,0.0,0.7895,21.4514,3.8134,0.1793,0.1386,0.5684,0.0,0.3654,0.6337,0.0218,0.1567,0.16548412830220027,-0.33080208
000565,2025-03-31,-614.129,1.7975,5.7407,-107.195,-0.0029,-0.0024,2.9661,0.1867,0.0,0.0,0.0,0.8095,21.5324,0.9267,-0.2096,0.1148,0.3015,0.0,0.2326,-0.0093,0.0029,-0.0016,0.06448337135145939,-0.3382323
603131,2025-03-31,-107.722,4.4683,4.9562,27.9144,-0.0411,-0.0234,3.148,0.8146,0.0,0.0,0.0,1.1098,22.4346,0.6502,0.1787,0.1373,0.4789,0.0,0.2164,-0.0463,0.0,-0.0093,-0.00035289745022366176,-0.3419797
000031,2025-03-31,-7.2202,0.8511,0.306,1.7103,-0.1112,-0.0078,1.564,11.0896,0.0,0.0,0.0,1.1001,23.138,1.143,0.0323,-0.0232,0.2788,0.0,0.2487,0.0134,0.0,0.0439,0.023494573653331845,-0.3438236
600117,2025-03-31,2.9367,1.4291,1.2507,-10.8353,0.0454,0.179,0.827,1.1732,0.0,0.0,0.0,0.9784,22.6965,2.0506,0.4857,-0.2156,0.5626,0.0,-0.0781,0.3623,0.0,0.2897,0.05508472883209589,-0.34404367
300045,2025-03-31,-701.933,7.3153,16.9461,48.7099,-0.0103,-0.0074,2.3432,0.4226,0.0,0.0,0.0,1.6097,23.2499,0.763,0.4631,-0.205,0.5477,0.0,0.3497,-0.0237,0.0,-0.0014,0.025790862223659065,-0.3461052
300441,2025-03-31,7.6654,2.5496,2.7485,-160.801,0.4106,0.2193,2.9154,0.3731,0.0,0.0,0.0,1.3362,22.5764,1.5278,-0.039,0.3402,0.5084,0.0,0.3359,0.3757,0.0152,0.1367,0.06929391239163973,-0.34831828
603666,2025-03-31,-1756.84,2.8926,8.6721,70.5395,-0.0016,-0.001,1.6414,0.5387,0.0,0.0,0.0,1.5039,22.6171,0.9628,0.6622,0.1666,0.3845,0.0,0.4345,-0.0099,0.0,-0.0011,0.02451118264021767,-0.34902802
603042,2025-03-31,-43.4569,2.3672,2.4462,31.2406,-0.0535,-0.0286,1.8778,0.7284,0.0,0.0,0.0,1.3146,21.4531,0.5316,-0.0932,0.0193,0.6519,0.0,0.1859,-0.0639,0.0,-0.0261,0.062371750748711895,-0.35236883
688359,2025-03-31,-247.82,11.0948,8.9363,-106.619,-0.0439,-0.0182,1.2672,1.3888,0.0,0.0,0.0,1.537,22.3943,0.8936,0.4162,0.1571,0.4028,0.0,0.4014,-0.0062,0.0,-0.0007,0.013528138770542486,-0.3638951
002251,2025-03-31,8.8093,1.3564,3.1109,-51.0383,0.2838,0.051,0.4862,1.7678,0.0,0.0,0.0,0.4469,23.0911,1.6518,0.1114,0.1651,0.3358,0.0,0.3681,0.3576,0.0,0.1149,0.09961896814892401,-0.37180698
300422,2025-03-31,-11.1614,1.0327,1.2133,5.722,-0.0924,-0.018,0.6477,3.722,0.0,0.0,0.0,1.145,21.5115,0.5242,-0.0429,-0.1223,0.4971,0.0,0.186,-0.1157,0.0,-0.0954,0.028014451289612295,-0.3750993
600561,2025-03-31,-121.353,1.7502,1.0593,5.5908,-0.0146,-0.0029,0.3082,3.8874,0.0,0.0,0.0,0.7347,21.1871,0.6882,-0.0059,0.161,0.4596,0.0,-0.0476,-0.0051,0.0,-0.0048,0.10335393558168557,-0.37524152
002771,2025-03-31,-364.314,5.3651,7.3832,125.826,-0.0143,-0.009,1.9861,0.6394,0.0,0.0,0.0,1.1793,21.9655,0.6892,-0.0526,-0.2712,0.6315,0.0,0.1956,-0.0373,0.0,-0.0051,0.03409877036143513,-0.3779697
002321,2025-03-31,-327.424,5.1228,1.0254,22.1444,-0.015,-0.0039,1.5648,2.6085,0.0,0.0,0.0,0.6722,22.318,1.2331,0.4465,0.1695,0.3544,0.0,0.0674,0.0146,0.0,0.0143,0.028540639304092185,-0.37850332
600759,2025-03-31,6.8927,1.1414,3.6197,18.9232,0.1934,0.1069,1.3958,0.4653,0.0,0.0,0.0,0.6868,22.9659,2.8882,-0.0625,-0.132,0.8377,0.0,0.5851,0.5356,0.0,0.148,0.051546827951368765,-0.3867831
688428,2025-03-31,-74.8415,4.9035,32.669,-90.2133,-0.0632,-0.0454,7.4529,0.3958,0.0,0.0,0.0,1.1396,24.2191,0.2986,0.3668,0.7149,0.3305,0.0,0.8629,-0.4486,0.0,-0.0137,-0.033315702508545916,-0.38699427
300074,2025-03-31,-67.0415,2.3992,5.939,26.8751,-0.0352,-0.0233,2.3564,0.5377,0.0,0.0,0.0,1.4555,21.6155,0.6284,-0.0779,0.0746,0.534,0.0,0.469,-0.064,0.0,-0.0108,0.07824595709789418,-0.39535564
600505,2025-03-31,-573.416,3.3556,2.865,19.7686,-0.0059,-0.0016,0.6444,2.4443,0.0,0.0,0.0,0.736,22.1292,0.3402,-0.0098,0.3301,0.5055,0.0,0.1824,-0.0187,0.0011,-0.0065,0.024647854447777822,-0.39606926
002591,2025-03-31,-81.0952,2.1848,3.5046,41.0429,-0.0271,-0.0183,2.3471,0.2975,0.0,0.0,0.0,0.9029,21.1274,0.7134,0.1202,-0.0537,0.4846,0.0,0.1161,-0.0452,0.0,-0.0129,0.03719209036897019,-0.40358043
600642,2025-03-31,10.2941,1.2462,1.4719,5.9335,0.1238,0.045,1.1092,1.4473,0.0,0.0,0.0,0.4452,24.4985,0.8563,0.0189,0.1883,0.3391,0.0,0.2003,0.1737,0.0449,0.118,0.049447229782641766,-0.40706328
000656,2025-03-31,-0.661,-4.1122,0.1855,-3.0571,0.0454,-0.0515,0.9058,-98.9351,0.0,0.0,0.0,0.3724,22.77,0.3817,-0.2342,0.0004,0.2966,0.0,0.1183,-0.303,0.0,-1.6338,0.07499585590176355,-0.40822026
600778,2025-03-31,-95.578,8.3687,1.1589,6.8453,-0.0878,-0.005,0.4635,15.9327,0.0,0.0,0.0,0.8022,21.352,0.9353,0.0289,0.2801,0.3899,0.0,0.3148,-0.0097,0.0,-0.0083,0.015359601798674318,-0.4096639
300250,2025-03-31,-142.57,5.9095,10.9976,509.066,-0.0384,-0.0295,2.244,0.3818,0.0,0.0,0.0,1.605,21.9201,0.7608,-0.0194,0.0312,0.6717,0.0,0.4732,-0.0903,0.0,-0.0082,-0.02444665999387706,-0.41483337
603773,2025-03-31,-167.943,4.2507,2.5495,26.4188,-0.0246,-0.0086,1.1347,2.1997,0.0,0.0,0.0,1.3921,22.4499,1.0161,0.3982,0.1242,0.4793,0.0,0.1816,0.0021,0.0018,0.0008,0.011281739778650345,-0.4188515
300097,2025-03-31,-61.5598,2.0744,3.0097,44.0683,-0.0336,-0.0194,1.8207,0.5937,0.0,0.0,0.0,1.4306,21.0043,0.4353,0.0135,-0.6744,0.36,0.0,0.4063,-0.0505,0.0,-0.0168,0.025078196451434043,-0.419289
001896,2025-03-31,-91.56,1.9079,0.4762,4.3423,-0.0204,-0.0021,0.529,8.9038,0.0,0.0,0.0,0.9064,22.5144,0.9703,0.1085,-0.2224,0.3982,0.0,0.064,-0.0035,0.0,-0.0073,0.052058510635784955,-0.41984588
300220,2025-03-31,-155.721,38.1093,8.8935,-188.503,-0.228,-0.0481,1.0594,3.7787,0.0,0.0,0.0,1.3058,21.5652,0.7678,-0.0379,0.8139,0.5469,0.0,0.3116,-0.0376,0.0,-0.0042,0.05668719977542021,-0.4199961
600640,2025-03-31,-947.213,2.394,4.607,30.3423,-0.0025,-0.0019,1.7819,0.2149,0.0,0.0,0.0,1.1686,22.9746,0.9175,-0.1453,-0.1234,0.2646,0.0,0.1671,-0.0027,0.0002,-0.0006,0.06995605993776352,-0.42416686
600319,2025-03-31,-156.113,3.822,2.4301,-36.2179,-0.0223,-0.0062,0.2807,3.0931,0.0,0.0,0.0,0.6917,21.4585,0.575,0.0046,0.224,1.0344,0.0,0.0283,-0.0161,0.0,-0.0066,0.08148359677262934,-0.43406793
300359,2025-03-31,-102.259,5.6988,7.2551,645.772,-0.0526,-0.0356,4.8451,0.2528,0.0,0.0,0.0,1.6064,22.0448,0.4649,-0.1443,0.189,0.3817,0.0,0.2859,-0.0512,0.0,-0.0071,0.05456711399917584,-0.44448403
688296,2025-03-31,-137.107,1.8813,3.0016,1527.8,-0.0137,-0.01,3.4536,0.3338,0.0,0.0,0.0,1.4647,21.0005,0.3242,0.2993,0.1128,0.454,0.0,0.3627,-0.0301,0.0,-0.01,0.09812474556860826,-0.44924465
002762,2025-03-31,-51.5093,2.4017,10.0481,-961.898,-0.045,-0.0417,6.1233,0.0702,0.0,0.0,0.0,0.7805,21.3842,0.5988,-0.1095,-0.2799,0.5092,0.0,0.5343,-0.1967,0.0091,-0.0196,0.036783968479025944,-0.45026776
688158,2025-03-31,-52.5378,4.7639,7.8008,124.334,-0.0861,-0.0603,1.7021,0.4011,0.0,0.0,0.0,1.986,23.1897,0.3505,-0.0455,0.6779,0.4319,0.0,0.1815,-0.1498,0.0,-0.0192,0.028779724094291328,-0.45229042
000608,2025-03-31,-5.6592,0.5198,6.5461,19.8526,-0.0898,-0.0485,0.167,0.8678,0.0,0.0,0.0,1.531,20.9543,0.4899,-0.592,-0.2519,0.6109,0.0,0.6088,-1.1061,0.0,-0.169,0.07839667594499698,-0.45459273
300152,2025-03-31,-58.3065,8.6028,11.0437,121.252,-0.144,-0.056,0.9371,1.4934,0.0,0.0,0.0,1.4705,21.7405,0.6081,0.2564,0.3054,0.1833,0.0,0.2044,-0.1894,0.0,-0.0172,0.022086645148309957,-0.45512873
000978,2025-03-31,-379.844,2.2371,6.6518,34.6189,-0.006,-0.0033,0.6964,0.8231,0.0,0.0,0.0,0.7516,21.8032,0.756,0.115,-0.1039,0.4025,0.0,0.2665,-0.0508,0.0,-0.0076,0.0571411878554902,-0.46395287
002009,2025-03-31,-46.0509,2.8101,2.0128,58.2065,-0.061,-0.0199,1.1221,1.8097,0.0,0.0,0.0,1.2908,22.5045,0.6152,-0.2351,0.0021,0.4201,0.0,0.1204,-0.0453,0.0014,-0.0225,0.025139247017414622,-0.4664614
603256,2025-03-31,-639.06,5.2622,9.6496,112.484,-0.0083,-0.0046,1.6229,0.7876,0.0,0.0,0.0,1.3075,22.7457,0.6409,0.2066,0.115,0.3339,0.0,0.1557,-0.0151,0.0,-0.0016,0.03426632442712455,-0.46715742
300323,2025-03-31,-19.0669,1.6809,2.8244,104.137,-0.0831,-0.0527,0.9882,0.8258,0.0,0.0,0.0,1.5912,23.1788,0.2773,0.4211,0.4075,0.4829,0.0,-0.0161,-0.1481,0.0,-0.0524,0.07089202001719358,-0.47915336
002072,2025-03-31,-6983.6,30.4691,2.4793,89.2583,-0.0041,-0.002,1.8936,1.0773,0.0,0.0,0.0,0.9662,21.1578,0.9361,1.0031,-0.0162,0.4131,0.0,0.0365,-0.0004,0.0,-0.0001,0.06868371547098243,-0.48017263
600543,2025-03-31,-31.055,1.7625,5.1779,-36.2217,-0.0536,-0.0468,3.6468,0.1494,0.0,0.0,0.0,0.579,21.109,0.5931,0.6471,-0.2617,0.4908,0.0,0.2226,-0.155,0.0,-0.0299,0.04507707366991851,-0.48377573
002047,2025-03-31,-3.1636,-18.5461,1.1099,-20.8512,-4.8182,-0.1185,0.7414,-48.2915,0.0,0.0,0.0,0.9949,21.9897,0.5193,-0.0523,0.0753,0.4766,0.0,0.066,-0.3533,0.0,-0.3183,-0.6499304904220919,-0.48627308
601628,2025-03-31,9.9383,2.0852,2.0106,2.8056,0.2289,0.0175,1.808,12.2594,0.0,0.0,0.0,1.2847,27.6919,1.0669,0.305,0.2945,0.4544,0.0,0.2187,0.2061,0.0053,0.1025,0.06363946457469906,-0.4863103
000702,2025-03-31,-21.2808,5.6759,2.1246,-70.1588,-0.2462,-0.1495,0.968,1.062,0.0,0.0,0.0,0.9685,21.5659,0.5522,-0.1301,0.4326,0.4302,0.0,0.0529,-0.0536,0.0,-0.0252,0.021527699519439825,-0.48860833
002579,2025-03-31,-42.109,2.1093,1.8274,15.0113,-0.0487,-0.0187,0.6853,1.4771,0.0,0.0,0.0,1.2476,22.3459,0.4126,0.0399,0.0144,0.3371,0.0,0.1151,-0.0442,0.0,-0.0242,0.03948512657277413,-0.4895962
600133,2025-03-31,9.8495,1.2251,2.0387,-9.0204,0.1249,0.0459,1.7072,1.0365,0.0,0.0,0.0,1.2029,23.0688,0.8143,-0.64,-0.1789,0.7533,0.0,0.22,0.2369,0.0153,0.1162,0.05495190320052898,-0.4896584
688387,2025-03-31,-58.4691,2.9766,2.8265,533.279,-0.0496,-0.0231,1.7975,1.1305,0.0,0.0,0.0,1.1334,23.6663,0.454,-0.1447,-0.1833,0.516,0.0,0.2085,-0.048,0.0,-0.017,-0.03952441774329184,-0.49278775
000581,2025-03-31,11.863,1.0912,1.9388,13.6041,0.0924,0.0642,1.9374,0.3868,0.0,0.0,0.0,0.9027,23.7804,6.6685,-0.0317,0.3043,0.6979,0.0,0.1869,0.1711,0.0572,0.0882,0.08938873547682907,-0.507145
002798,2025-03-31,-1.9558,0.8245,0.4684,6.1312,-0.32,-0.11,1.0757,2.3359,0.0,0.0,0.0,1.1005,21.0843,0.3777,-0.1811,-0.3048,0.2309,0.0,0.2164,-0.2396,0.0,-0.5116,-0.005183571260363404,-0.5124892
600029,2025-03-31,-60.688,2.9637,0.5908,3.2732,-0.0457,-0.0054,0.272,7.9802,0.0,0.0,0.0,0.7244,25.3573,1.05,0.0894,0.0134,0.3837,0.0,0.0841,0.0009,0.0,0.0015,0.011440524799434207,-0.5141619
603828,2025-03-31,-22.5654,3.8143,1.1236,6.1433,-0.1631,-0.0258,0.9962,4.8033,0.0,0.0,0.0,0.1853,21.7764,0.6045,0.1943,0.5336,1.1206,0.0,0.1248,-0.0519,0.0,-0.0462,0.045352031180957306,-0.515612
002370,2025-03-31,-146.184,4.8889,5.7004,32.2039,-0.0308,-0.0119,1.3184,1.1714,0.0,0.0,0.0,1.0321,21.6096,0.6684,-0.0352,-0.055,0.2872,0.0,0.3018,-0.039,0.0,-0.0068,0.002029754450887322,-0.5158002
002495,2025-03-31,-3230.42,1.9672,9.0089,38.513,-0.0006,-0.0006,8.85,0.0559,0.0,0.0,0.0,1.0152,21.5026,0.973,-0.0045,0.0219,0.3506,0.0,0.2516,-0.009,0.0,-0.001,0.07280931897365753,-0.5256281
600257,2025-03-31,-71.5957,2.6756,2.1059,14.7919,-0.0366,-0.0155,2.0892,1.0884,0.0,0.0,0.0,0.8697,21.55,0.7456,-0.0474,-0.3392,0.4795,0.0,0.2536,-0.0142,0.0,-0.0068,0.04647714626752303,-0.52730316
688256,2025-03-31,-339.88,50.6154,347.285,-138.255,-0.1382,-0.1212,13.5323,0.1845,0.0,0.0,0.0,1.6573,26.2842,0.3379,0.2267,1.2494,0.2964,0.0,0.6558,-1.0361,0.0,-0.003,-0.016879565977035847,-0.529836
300318,2025-03-31,-292.723,3.2247,5.0745,210.832,-0.011,-0.0039,1.2591,1.2413,0.0,0.0,0.0,1.2756,22.2258,2.3052,-0.1187,-0.0471,0.2101,0.0,0.4952,0.0523,0.0,0.0103,0.02622460885380956,-0.5341721
002750,2025-03-31,-10.6045,1.1316,9.1471,-23.5974,-0.103,-0.0835,8.4375,0.1368,0.0,0.0,0.0,0.3214,20.1589,0.3392,-0.3186,-1.6887,0.4701,0.0,0.6069,-1.0362,0.0,-0.1133,-0.030549744310065914,-0.53483695
002360,2025-03-31,6.139,0.9435,2.743,-105.125,0.1573,0.0784,0.76,1.1457,0.0,0.0,0.0,0.7856,21.4208,0.6878,-0.2748,-0.1538,0.3084,0.0,0.3153,0.4425,0.0372,0.1613,0.06931924529337613,-0.5363834
600326,2025-03-31,-25.3946,2.238,2.5456,29.499,-0.0924,-0.025,1.4149,1.8468,0.0,0.0,0.0,1.0565,22.8582,0.3731,-0.141,0.5065,0.3329,0.0,0.1031,-0.1062,0.0,-0.0417,-0.01890218046911385,-0.54184395
000545,2025-03-31,-19.3288,1.64,0.9981,18.3009,-0.0792,-0.0371,0.5832,1.0372,0.0,0.0,0.0,1.094,21.5075,0.5797,-0.0349,-0.048,0.4851,0.0,0.0663,-0.0519,0.0,-0.052,0.052903093484741516,-0.54275066
002741,2025-03-31,-51.8633,5.5251,2.9522,1115.22,-0.1037,-0.0443,0.9732,1.2935,0.0,0.0,0.0,0.8632,22.7358,0.4717,-0.033,0.3478,0.51,0.0,0.0717,-0.0568,0.0,-0.0192,-0.00749171690449623,-0.5530189
300665,2025-03-31,-40.3626,2.6727,1.9562,28.1878,-0.0566,-0.0167,1.0991,2.6164,0.0,0.0,0.0,1.3698,20.9236,0.6646,-0.2186,-0.0359,0.3801,0.0,0.1981,-0.0485,0.0078,-0.0248,0.00017633542610248631,-0.5578097
300050,2025-03-31,-38.8863,7.3319,10.2678,-42.1321,-0.1585,-0.1033,2.4298,0.5614,0.0,0.0,0.0,1.5269,21.7856,0.6545,-0.222,0.3855,0.6014,0.0,0.2443,-0.2632,0.0,-0.0256,0.047831913095756656,-0.5653465
688266,2025-03-31,-151.391,20.2564,54.0525,418.31,-0.1069,-0.0584,1.9527,1.2769,0.0,0.0,0.0,0.9632,23.9967,0.3904,0.2637,0.6258,0.3673,0.0,0.9288,-0.39,0.0,-0.0072,0.034099566821548424,-0.56574047
600239,2025-03-31,-24.7218,3.2804,2.158,-59.1059,-0.1294,-0.015,0.9305,6.7073,0.0,0.0,0.0,1.1162,22.2371,0.5149,0.1755,0.2116,0.9606,0.0,0.3283,-0.0955,0.0,-0.0442,0.048570119711674964,-0.56595045
603138,2025-03-31,-106.099,5.062,11.4512,-312.101,-0.0478,-0.0397,3.5881,0.2932,0.0,0.0,0.0,1.202,22.1542,0.4859,0.372,-0.0466,0.4341,0.0,0.3592,-0.1276,0.0,-0.0111,-0.00692630706840313,-0.56622916
002608,2025-03-31,10.2082,0.901,0.7862,5.3276,0.0951,0.032,1.3421,1.4657,0.0,0.0,0.0,0.8408,24.0846,0.7904,0.1343,-0.0028,0.3833,0.0,0.115,0.1083,0.0131,0.1377,0.031974177487098306,-0.5670162
