代码,简称,日期,开盘价(元),最高价(元),最低价(元),收盘价(元),成交量(股),换手率(%),A股流通市值(元),总市值(元),市盈率,
605136.SH,丽人丽妆,2020-09-29,17.61,17.61,17.61,17.61,344657,0.8614,704576100,7044176100,24.7142,
605136.SH,丽人丽妆,2020-09-30,19.37,19.37,19.37,19.37,280811,0.7019,774993700,7748193700,27.1842,
605136.SH,丽人丽妆,2020-10-09,21.31,21.31,21.31,21.31,111444,0.2785,852613100,8524213100,29.9068,
605136.SH,丽人丽妆,2020-10-12,23.44,23.44,23.44,23.44,189105,0.4726,937834400,9376234400,32.8961,
605136.SH,丽人丽妆,2020-10-13,25.78,25.78,25.78,25.78,252484,0.6311,1031457800,10312257800,36.1801,
605136.SH,丽人丽妆,2020-10-14,28.36,28.36,28.36,28.36,238895,0.5971,1134683600,11344283600,39.8009,
605136.SH,丽人丽妆,2020-10-15,31.2,31.2,31.2,31.2,153768,0.3843,1248312000,12480312000,43.7866,
605136.SH,丽人丽妆,2020-10-16,34.32,34.32,34.32,34.32,290942,0.7272,1373143200,13728343200,48.1653,
605136.SH,丽人丽妆,2020-10-19,37.75,37.75,37.75,37.75,226537,0.5662,1510377500,15100377500,52.979,
605136.SH,丽人丽妆,2020-10-20,41.53,41.53,41.53,41.53,223718,0.5592,1661615300,16612415300,58.2839,
605136.SH,丽人丽妆,2020-10-21,45.68,45.68,45.68,45.68,207747,0.5192,1827656800,18272456800,64.1081,
605136.SH,丽人丽妆,2020-10-22,50.25,50.25,50.25,50.25,206768,0.5168,2010502500,20100502500,70.5217,
605136.SH,丽人丽妆,2020-10-23,55.28,55.28,50.28,51.51,29601848,73.9861,2060915100,20604515100,72.29,
605136.SH,丽人丽妆,2020-10-26,49.01,49.01,46.36,46.36,2609124,6.5212,1854863600,18544463600,65.0624,
605136.SH,丽人丽妆,2020-10-27,45,45.1,41.8,43.06,18881782,47.1927,1722830600,17224430600,60.4312,
605136.SH,丽人丽妆,2020-10-28,42,42.62,40.88,41.25,11172118,27.9233,1650412500,16500412500,58.452,
605136.SH,丽人丽妆,2020-10-29,40.01,41.44,39.6,41,10372020,25.9236,1640410000,16400410000,58.0978,
605136.SH,丽人丽妆,2020-10-30,41.05,41.97,39.66,40,9024541,22.5557,1600400000,16000400000,56.6808,
605136.SH,丽人丽妆,2020-11-02,40.19,40.57,36.94,38.85,9025691,22.5586,1554388500,15540388500,55.0512,
605136.SH,丽人丽妆,2020-11-03,38.6,40.95,38.3,39.88,8846750,22.1113,1595598800,15952398800,56.5107,
605136.SH,丽人丽妆,2020-11-04,39.2,39.69,38.24,39.28,6238329,15.5919,1571592800,15712392800,55.6605,
605136.SH,丽人丽妆,2020-11-05,39.99,40.8,39.42,40.12,7333804,18.3299,1605201200,16048401200,56.8508,
605136.SH,丽人丽妆,2020-11-06,40.1,40.12,37.8,37.9,7239312,18.0938,1516379000,15160379000,53.705,
605136.SH,丽人丽妆,2020-11-09,38.16,41.69,38.15,41.69,12891557,32.2208,1668016900,16676416900,59.0755,
605136.SH,丽人丽妆,2020-11-10,41,41.3,38.88,39.14,9981926,24.9486,1565991400,15656391400,55.4621,
605136.SH,丽人丽妆,2020-11-11,38.26,38.66,35.63,35.88,9346096,23.3594,1435558800,14352358800,50.8426,
605136.SH,丽人丽妆,2020-11-12,36.19,36.6,34.58,34.96,6573592,16.4299,1398749600,13984349600,49.539,
605136.SH,丽人丽妆,2020-11-13,35.19,35.83,34.7,35.6,4817194,12.04,1424356000,14240356000,50.4459,
605136.SH,丽人丽妆,2020-11-16,35.7,37.77,35.6,37.65,7430964,18.5728,1506376500,15060376500,53.3508,
605136.SH,丽人丽妆,2020-11-17,37,39.5,36.6,38.76,9627133,24.0618,1550787600,15504387600,54.9237,
605136.SH,丽人丽妆,2020-11-18,38.12,39.4,37.7,38.88,6604802,16.5079,1555588800,15552388800,55.0937,
605136.SH,丽人丽妆,2020-11-19,38.43,38.88,37.88,38.28,4672150,11.6775,1531582800,15312382800,54.2435,
605136.SH,丽人丽妆,2020-11-20,38.2,38.65,36.55,36.56,6090838,15.2233,1462765600,14624365600,51.8062,
605136.SH,丽人丽妆,2020-11-23,36.74,37.82,36.15,36.68,4133915,10.3322,1467566800,14672366800,51.9763,
605136.SH,丽人丽妆,2020-11-24,36.2,36.59,35.7,36.4,3374752,8.4348,1456364000,14560364000,51.5795,
605136.SH,丽人丽妆,2020-11-25,36.4,36.5,35.15,35.15,3634012,9.0828,1406351500,14060351500,49.8082,
605136.SH,丽人丽妆,2020-11-26,34.98,35.47,34.35,34.6,3123093,7.8058,1384346000,13840346000,49.0289,
605136.SH,丽人丽妆,2020-11-27,34.48,34.56,33.25,33.25,5070091,12.6721,1330332500,13300332500,47.1159,
605136.SH,丽人丽妆,2020-11-30,33.37,34.08,32.72,33.38,3510187,8.7733,1335533800,13352333800,47.3001,
605136.SH,丽人丽妆,2020-12-01,33.32,34.12,33.18,33.99,2758661,6.8949,1359939900,13596339900,48.1645,
605136.SH,丽人丽妆,2020-12-02,33.93,35.25,33.81,34.5,4030193,10.073,1380345000,13800345000,48.8872,
605136.SH,丽人丽妆,2020-12-03,34.17,34.44,33.7,34.05,2700630,6.7499,1362340500,13620340500,48.2495,
605136.SH,丽人丽妆,2020-12-04,33.93,34.05,33.18,33.92,2600633,6.5,1357139200,13568339200,48.0653,
605136.SH,丽人丽妆,2020-12-07,33.79,34.88,33.45,34.22,2941196,7.3512,1369142200,13688342200,48.4904,
605136.SH,丽人丽妆,2020-12-08,34,34.5,33.86,33.9,1983743,4.9581,1356339000,13560339000,48.0369,
605136.SH,丽人丽妆,2020-12-09,33.7,34,32.4,32.43,3315615,8.287,1297524300,12972324300,45.9539,
605136.SH,丽人丽妆,2020-12-10,32.02,32.82,31.76,32.7,2687744,6.7177,1308327000,13080327000,46.3365,
605136.SH,丽人丽妆,2020-12-11,32.5,32.69,31.09,31.38,2632170,6.5788,1255513800,12552313800,44.4661,
605136.SH,丽人丽妆,2020-12-14,31.1,33.8,30.4,32.5,4242203,10.6029,1300325000,13000325000,46.0531,
605136.SH,丽人丽妆,2020-12-15,32.25,33.93,31.96,32.95,4393018,10.9798,1318329500,13180329500,46.6908,
605136.SH,丽人丽妆,2020-12-16,32.6,32.95,31.8,31.95,2841880,7.1029,1278319500,12780319500,45.2738,
605136.SH,丽人丽妆,2020-12-17,31.19,32.4,31.03,32.24,2442801,6.1055,1289922400,12896322400,45.6847,
605136.SH,丽人丽妆,2020-12-18,32.09,32.18,30.82,30.82,2679765,6.6977,1233108200,12328308200,43.6725,
605136.SH,丽人丽妆,2020-12-21,30.64,30.95,30.24,30.8,1939991,4.8488,1232308000,12320308000,43.6442,
605136.SH,丽人丽妆,2020-12-22,30.46,30.78,28.78,28.89,3399362,8.4963,1155888900,11556288900,40.9377,
605136.SH,丽人丽妆,2020-12-23,28.91,29.08,27.98,28.06,3013705,7.5324,1122680600,11224280600,39.7616,
605136.SH,丽人丽妆,2020-12-24,28.06,28.55,27.02,27.28,2794708,6.985,1091472800,10912272800,38.6563,
605136.SH,丽人丽妆,2020-12-25,27.49,27.65,26.69,27.2,2187186,5.4666,1088272000,10880272000,38.5429,
605136.SH,丽人丽妆,2020-12-28,27.08,27.46,26.35,26.35,2497549,6.2423,1054263500,10540263500,37.3385,
605136.SH,丽人丽妆,2020-12-29,26.24,27,26.18,26.63,2180027,5.4487,1065466300,10652266300,37.7352,
605136.SH,丽人丽妆,2020-12-30,26.79,26.99,26.45,26.89,1836901,4.5911,1075868900,10756268900,38.1036,
605136.SH,丽人丽妆,2020-12-31,27.2,29.54,26.85,28.27,5888944,14.7187,1131082700,11308282700,40.0591,
605136.SH,丽人丽妆,2021-01-04,27.93,28.95,27.28,28.84,4425482,11.0609,1153888400,11536288400,40.8668,
605136.SH,丽人丽妆,2021-01-05,28.37,28.86,27.93,28.47,3203075,8.0057,1139084700,11388284700,40.3425,
605136.SH,丽人丽妆,2021-01-06,28.31,29.22,27.5,27.61,3708500,9.2689,1104676100,11044276100,39.1239,
605136.SH,丽人丽妆,2021-01-07,27.12,27.65,25.5,25.93,4113503,10.2812,1037459300,10372259300,36.7433,
605136.SH,丽人丽妆,2021-01-08,25.85,25.88,25,25.27,2785470,6.9619,1011052700,10108252700,35.8081,
605136.SH,丽人丽妆,2021-01-11,25.55,26.15,24.8,24.86,2598536,6.4947,994648600,9944248600,35.2271,
605136.SH,丽人丽妆,2021-01-12,25,25.7,24.8,25.11,2310015,5.7736,1004651100,10044251100,35.5813,
605136.SH,丽人丽妆,2021-01-13,25.12,25.2,23.57,23.59,3922229,9.8031,943835900,9436235900,33.4275,
605136.SH,丽人丽妆,2021-01-14,23.68,24.47,23.35,23.84,2916106,7.2884,953838400,9536238400,33.7817,
605136.SH,丽人丽妆,2021-01-15,23.76,25.22,23.62,24.77,3759013,9.3952,991047700,9908247700,35.0996,
605136.SH,丽人丽妆,2021-01-18,24.43,25.26,24.43,24.95,2873300,7.1815,998249500,9980249500,35.3546,
605136.SH,丽人丽妆,2021-01-19,25,25.66,24.88,25.28,2633832,6.5829,1011452800,10112252800,35.8222,
605136.SH,丽人丽妆,2021-01-20,25.29,27.81,24.81,27.81,4712928,11.7794,1112678100,11124278100,39.4073,
605136.SH,丽人丽妆,2021-01-21,27.01,27.28,26.31,26.7,6816479,17.0369,1068267000,10680267000,37.8344,
605136.SH,丽人丽妆,2021-01-22,26.29,29.37,25.4,29.37,10724974,26.8057,1175093700,11748293700,41.6178,
605136.SH,丽人丽妆,2021-01-25,28.74,30.88,28.6,29.91,11206764,28.0099,1196699100,11964299100,42.383,
605136.SH,丽人丽妆,2021-01-26,29,30.98,28,29.02,7871065,19.6727,1161090200,11608290200,41.1219,
605136.SH,丽人丽妆,2021-01-27,28.8,28.8,27.53,28.18,5678650,14.1931,1127481800,11272281800,39.9316,
605136.SH,丽人丽妆,2021-01-28,27.51,30.8,27.4,29.28,7596426,18.9863,1171492800,11712292800,41.4903,
605136.SH,丽人丽妆,2021-01-29,28.75,31.88,28.68,30.8,10698523,26.7396,1232308000,12320308000,43.6442,
605136.SH,丽人丽妆,2021-02-01,30.3,33.35,30,33.02,10447075,26.1112,1321130200,13208330200,46.79,
605136.SH,丽人丽妆,2021-02-02,32.45,33.68,31.6,32.06,8842688,22.1012,1282720600,12824320600,45.4296,
605136.SH,丽人丽妆,2021-02-03,31.58,35.27,31.42,34.6,10758650,26.8899,1384346000,13840346000,49.0289,
605136.SH,丽人丽妆,2021-02-04,34.02,36.7,33.49,34.7,11923098,29.8003,1388347000,13880347000,49.1706,
605136.SH,丽人丽妆,2021-02-05,34.72,36.67,33.8,35.88,9645611,24.108,1435558800,14352358800,50.8426,
605136.SH,丽人丽妆,2021-02-08,35.75,36.59,32.29,32.29,8654083,21.6298,1291922900,12916322900,45.7555,
605136.SH,丽人丽妆,2021-02-09,30.18,32.06,29.06,30.2,12780934,31.9443,1208302000,12080302000,42.794,
605136.SH,丽人丽妆,2021-02-10,29.21,30.12,28.42,28.6,8464647,21.1563,1144286000,11440286000,40.5267,
605136.SH,丽人丽妆,2021-02-18,28.65,30.55,28.65,29.08,7114703,17.7823,1163490800,11632290800,41.2069,
605136.SH,丽人丽妆,2021-02-19,29.09,31.99,28.65,31.99,9338817,23.3412,1279919900,12796319900,45.3304,
605136.SH,丽人丽妆,2021-02-22,32.18,34.39,31.34,33.24,10979389,27.4416,1329932400,13296332400,47.1017,
605136.SH,丽人丽妆,2021-02-23,33.25,34.07,31.63,33.3,7836145,19.5855,1332333000,13320333000,47.1867,
605136.SH,丽人丽妆,2021-02-24,32.9,35.01,32.19,34.3,9139305,22.8426,1372343000,13720343000,48.6038,
605136.SH,丽人丽妆,2021-02-25,33.9,35.22,32.3,32.3,8119773,20.2944,1292323000,12920323000,45.7697,
605136.SH,丽人丽妆,2021-02-26,31.01,32.75,30.5,30.7,5972956,14.9287,1228307000,12280307000,43.5025,
605136.SH,丽人丽妆,2021-03-01,30.88,32.47,30.19,32.47,4902627,12.2535,1299124700,12988324700,46.0106,
605136.SH,丽人丽妆,2021-03-02,32.47,32.89,30.76,30.92,4978720,12.4437,1237109200,12368309200,43.8142,
605136.SH,丽人丽妆,2021-03-03,30.92,31.47,30.4,31.13,3882235,9.7032,1245511300,12452311300,44.1118,
605136.SH,丽人丽妆,2021-03-04,30.88,34.24,30.42,34.24,9443656,23.6032,1369942400,13696342400,48.5187,
605136.SH,丽人丽妆,2021-03-05,34.82,35.73,32.9,33.38,12642708,31.5989,1335533800,13352333800,47.3001,
605136.SH,丽人丽妆,2021-03-08,32.9,34.4,32.71,33.4,9051725,22.6237,1336334000,13360334000,47.3284,
605136.SH,丽人丽妆,2021-03-09,31.64,32,30.06,30.06,8966856,22.4115,1202700600,12024300600,42.5956,
605136.SH,丽人丽妆,2021-03-10,28.5,29.09,27.05,27.65,9401607,23.4981,1106276500,11060276500,39.1806,
605136.SH,丽人丽妆,2021-03-11,27.46,28.99,26.44,28.39,6729823,16.8204,1135883900,11356283900,40.2292,
605136.SH,丽人丽妆,2021-03-12,27.7,29.24,27.37,28.54,6587958,16.4658,1141885400,11416285400,3.40282346638529E38,
