,CFY,DY,BTM,EY,PROF,MOM12,STR,LTR,AT,DLTD,DSO,AG,CP,PMA,LEV,ROA,STC,STI,ACC,Size
2000-01-31,0.03249296629717208,-0.04496772682887346,0.013369036886048933,0.02245134474487734,0.017887522292536952,0.030071544693666574,-0.01664417249688388,-0.01593064582157575,0.007467780244354785,-0.0062752051553830145,0.0014067781763502166,0.06526770945149533,-0.0016924439521093237,0.029479589121339765,-0.01194183582004385,0.02417922682681024,0.040572769458060376,0.008042959816807155,-0.005136727410521985,0.03649444531759046
2000-02-29,-0.016074493537624027,-0.05254306800289375,0.001182692407487515,-0.049050968541122494,0.004404092851923759,-0.0037611931813901905,0.01582767237345755,0.012169739501795722,0.017606628975879654,0.0046014203765598165,-0.006384984694803503,0.0061966613163940785,-0.014712330790661914,0.02720495620661593,-0.007819726757207398,-0.004411054536016893,0.06895458287525326,-0.003313087712209431,0.01194239357183043,0.02154546422000743
2000-03-31,0.040247964445905345,0.0342213602017232,0.03553179777178596,0.0956716686359131,0.01659448794592904,0.009817811700841686,0.004655133269793002,0.015151502134425161,0.00783444196698928,0.012557186701557779,0.0015366367039064003,-0.011966332299713098,-0.009136283806341915,-0.003946966995505617,0.059068077618111746,0.011422001646965902,-0.016503879562471062,0.009684455475530143,0.008293693424293182,-0.061819488842638715
2000-04-30,0.059642613386954604,0.021701112798515377,-0.03874520007547966,0.00730193094939771,0.023027721220434682,0.11854507949778365,-0.021041295482406575,0.016140804201144172,0.0090382290559281,0.01115972435065373,0.021397792864619194,-0.022225756917501872,-0.004893983539136178,0.03597753425832812,0.022193715690727867,0.004709316959153532,0.002844050932733329,0.012104556645429716,0.012804806547862129,-0.0032714683501095833
2000-05-31,-0.0015834422619929924,0.024491209799379327,-0.04978902080194683,0.009391139933762472,-0.004663405435095414,0.1141520625904734,0.04545294292850966,0.037586180339618074,-0.0008056253262564844,0.011332325523120346,-0.0054698970785597295,0.00936340881110178,0.011698086358292425,-0.013999967184553229,-0.008082383911890492,-0.017024907016035172,0.022188636960198804,0.012801551260020127,0.011324100599097948,0.014852253445207127
2000-06-30,-0.010767590585376942,0.1509681538981599,0.0356697703390132,0.0204015875303782,0.023192895474018378,0.04442969611281342,0.10345974257261153,-0.00981126853373315,0.005492340771871079,-0.0398079712313919,0.03053746244045092,0.026959678613918944,-0.018233175625168886,0.020784278916328926,0.017612276092033648,0.006115762554347927,0.0217772957394445,-0.02004296500973448,-0.006949662040792547,0.014506027511774239
2000-07-31,0.06423970787163998,0.026574079928088756,0.012847170139941487,0.021380061545142003,0.04929304581224258,0.013343021366754332,-0.02073114159274522,-0.002385770798281236,0.023048373855143876,-0.019305155240592366,-0.005929716565628458,-0.010731862277949263,0.007531969987932196,-0.004395799137464412,-0.05262987091514033,0.02829353960360561,-0.014973108392317566,-0.02169184107953879,0.007848822136217867,-0.06903825135661211
2000-08-31,0.028222738294268405,0.04305888285253172,-0.029998735161093477,0.006488772959075467,-0.00834755228159339,0.037310537056792936,-0.03569156541009834,0.033308948079519646,-0.005297739729259084,0.013157968276879813,0.012914029789971934,0.055853974604774946,0.045660070437116757,0.024197491323667778,0.03725961741155727,0.011692750547592286,-0.018347526268800016,-0.011906807858056201,0.00595366045567899,-0.028481726682918998
2000-09-30,-0.009641171606549474,0.042841110410590855,0.05456796957932057,-0.019584330406111763,-0.0027748554284302567,0.04948192072026203,0.0015529269774808814,-0.0028182895735981766,0.0018047832546031436,0.005111175315586542,-0.004825159016715964,-0.03944667447811895,-0.012659511714027545,-0.02831613359105531,0.016989840767652725,0.006501064189754584,0.03217180770102371,0.015745721433122285,-0.02053382574830343,0.0002799155716497395
2000-10-31,0.0413910690122418,0.04473359689090403,0.02044271993833619,0.035954985754910664,0.047924927430974096,-0.052634613325475095,0.10703939810202605,0.05868226710309325,0.02704923374663125,-0.015431089474624378,0.01196233558163229,0.0064710296276298766,0.010923189423772274,-0.01711883760350079,-0.007238052890294349,0.020317731358480515,0.0309025203217995,-0.03060435813104554,-0.004378926792185461,0.016684841196876875
2000-11-30,0.002666000954307874,0.003337704966561243,0.05413821274583756,0.08006580020136783,0.04824544934603797,-0.016634573156290827,-0.043823231415937455,0.009034437897377894,0.015054979452440134,0.04298396594056393,0.04002129894778203,-0.01886111840897267,0.02769244879334263,0.030673859477639575,-0.017690530906482146,-0.009394086141862285,-0.01444714356185222,0.03345210988770148,0.01565230926396064,-0.08922114295368082
2000-12-31,-0.024183078068748007,0.020235704865826258,-0.010048641041865949,0.03571923958455734,-0.01894033089903407,-0.06286097312594591,0.09495518033410252,0.05409562668454937,0.0076661576764385534,-0.016901186110609968,-0.01949350564713704,0.01252439885408754,0.011586239294916537,-0.023282279965488765,-0.035051280676754906,0.036236519072050846,0.04774645908087659,0.021816883209747284,0.017486355363315314,0.0037810696926875403
2001-01-31,0.01445590727608844,-0.029147156345331892,0.06992013327725882,0.056714845988769316,-0.004088733377861652,0.004982687985378643,0.04378212410934537,-0.0013428323226627806,-0.015947737295703954,0.02070073675679055,-0.014708055391225338,0.027032951533005882,0.0015657475240795555,0.011226345032245077,0.020715056412056513,0.004745241489809288,0.04075802301477116,-0.006526469900322471,0.00652691997065331,0.009288044604153379
2001-02-28,-0.07197016740365073,-0.015331999602674298,0.051669199433875185,-0.02020618999538738,-0.009398923022246448,0.03868518817415171,-0.03076595103689489,0.03664131794745514,0.009184363409408036,0.011938577758629262,-0.0029403903914264323,-0.008326753188936956,0.019868709872972082,-0.03183253269830081,0.050808227669623195,0.036667159784551366,0.007891650508853397,-0.041714802974050696,-0.01485193906563093,0.04093154021188579
2001-03-31,-0.045137429764694786,-0.005458241348179396,0.004181235570327875,-0.015904450770218015,-0.009853505375048014,-0.015033982695837793,0.028645701407922806,0.012427733920806865,0.003416825359711716,-0.0068741457972436235,-0.026516376298399383,-0.0680498073779061,0.01727131430092021,0.026916692498829723,-0.01971013547492106,-0.008380104756338335,0.009581999385576537,-0.0013962382121699341,0.043595594314259786,0.024807500493411502
2001-04-30,-0.02334854768253653,-0.0029357152502178536,0.024730751973977234,-0.00813488883800769,-0.02220031270997667,0.08865870223682727,0.05684865597276753,-0.058163635719420834,0.03312064312027117,0.055524775085079726,-0.0008757766241739816,0.025122577672085374,-0.011463292323779885,-0.012990639208579926,0.035709466106637625,0.055982644184771696,0.03772701602219258,0.015404055318019354,0.01898820757991241,0.030756971528757022
2001-05-31,-0.03614602242165962,0.09142001607622627,0.017354368116014044,0.0014154623280520163,-0.020240717049185637,-0.03662790404452677,0.010524634606093609,0.04218612304723082,0.01984254055882128,-0.022689346572979732,-0.00827789877839648,0.01568016332014295,0.0220128603653599,0.015139773247392482,-0.08165950034701688,0.018212800308907928,-0.026996755965826406,-0.016448346907026085,0.01928307187393181,-0.025162144600650978
2001-06-30,0.019537090170696544,-0.0711813047079233,0.04907369492765485,0.04281532384701798,-0.008321948730735355,-0.0593363091510988,0.00911543767865915,-0.005195340488727478,0.053212794269507674,0.033465800843976726,0.039009586223806555,0.02685947425975223,0.03456124058221843,0.02908627268571898,-0.00990499341103816,0.02576714256635591,0.015601589384218344,0.003793900056847469,0.00792042352380162,-0.07222393980003258
2001-07-31,-0.026086958499280943,0.03147690146141398,-0.03060365345874343,-0.04961943255364123,0.004641697605859111,0.017312819334172662,-0.02865566756400862,-0.022567507287160206,0.012128901503873952,0.024540451336288235,0.012456005492898894,0.04033595797012393,-0.015085017029322962,-0.0144808058658824,0.0014448194381264487,0.008587697720974027,-0.06961397334584003,0.02670952760181954,0.008570453528394762,-0.012356731202054
2001-08-31,-0.039956011508822414,-0.05747833479299617,0.029455071930452943,0.060436388831558746,0.014299199113629795,0.08450024026905095,-0.027665119244769824,0.03756720214065174,0.008763093554462066,-0.009810125366975439,0.011141295892184063,-0.026041825600528378,0.004339117234145073,0.017858671244051372,-0.032949071267983056,-0.0008493362259060687,0.03439033552149533,0.013003148421177755,0.014088525499827417,0.03999343734414476
2001-09-30,0.06761631342607632,-0.0083013576316913,0.04479825723145578,0.007953459664208871,0.04241508614782987,0.13285950015789436,-0.0010977865120373152,0.07271116956089135,0.009788124071885142,0.03620605202289126,0.03127324771951223,0.02773183573454952,0.0226144115182808,0.012863787526036185,-0.030997112373183672,0.031950807930502145,-0.045920012214905076,-0.01004270090028215,0.02333690734035085,0.05392643780731215
2001-10-31,0.0029728344643146884,0.05206909201536366,-0.053098466244802064,-0.003928404134951635,-0.009660923913049704,-0.03951387477943988,-0.07261055096275332,-0.01933591453440842,-0.02260656660131836,-0.02212406341404133,-0.018556129347382325,0.018483251145692606,-0.022586208385044593,-0.031144827269352186,-0.044426902179339034,-0.013935930707041718,0.03473974959015891,-0.04517460484966032,-0.003405725969298983,0.02873071722979628
2001-11-30,0.014416914574390701,0.011188114836479243,-0.03296082376750062,-0.022335799167409513,0.02922477405657182,0.07155088565560724,0.0016268688464684644,0.012584489937624031,0.004803278393496078,0.006032124073283201,0.012115523145669192,-0.050700369356906395,0.024657948478982693,-0.02591904548585535,0.010604695187552755,-0.04032376213387441,-0.011001480966210866,-0.0074136151650387155,0.010474955691536492,0.017339388039995445
2001-12-31,-0.041353288072357976,-0.03667846242239586,-0.06322094231149077,-0.04484379416862806,0.004737869698518202,0.0068889786864877334,-0.03165221083294029,0.0642650534423521,0.008336968975590308,0.01858129283963167,0.012401169353172597,0.023253372272349956,0.06831841548238565,-0.03654699263608213,0.004711622934799707,-0.009715039391623758,0.006187647456477167,0.0075889117276173946,0.004079319513157415,0.016118095585397202
2002-01-31,-0.010880475583485713,-0.023521072202931623,-0.005223662903102557,0.03477365312934198,0.006326797742694222,-0.01123347415741172,0.0002390963334676418,0.0003031482565226864,0.014266097565767714,0.00925535415667193,0.02089763335436686,-0.0017246391515024304,-0.007253006440981117,0.01995704409803158,-0.07779540418680575,0.008326517727672483,-0.009134072596040486,0.01812404943518409,-0.001244788761754925,-0.01972446023344005
2002-02-28,0.009941486092666088,0.0301429183246868,0.024964150991479278,0.007172591821463162,0.017219276191915923,0.06949353756767211,-0.05588128794637946,0.10609716050758594,0.01994115742862889,0.017213193212987057,-0.012926778622668635,-0.001215389273342451,-0.03306229040168157,-0.03947769149953945,-0.084870878424153,0.006777331021555105,-0.009264205476184863,-0.010530072028990811,0.001895265532299015,-0.0015304700497665452
2002-03-31,-0.040321661638461084,-0.031492689136909946,0.04705368276279426,-0.041821690914576895,-0.021666790772065694,0.049361518793429114,0.016786450114338016,0.024694408613619153,-0.011360304236628056,0.020774127925074857,-0.05733383778685022,0.015145997605376547,0.010693991660533801,0.005802907164395119,-0.020860567800238983,0.003164528045291233,0.05298680482367782,0.010556225272741764,0.01569843551201977,0.07105877320165906
2002-04-30,0.026549404998900232,0.018287995737769618,0.010275598481840332,-0.030692836887590655,0.018567056538008265,-0.08595670020929902,0.0326211191693932,-0.0660173074823599,0.006376154741926101,-0.04700105107305974,-0.012120639184106899,-0.02384554904441779,0.005776991917282074,-0.01792907518925644,0.006600998044133636,0.014588444574767994,-0.09532202852469748,0.019106020845544976,-0.018113965515099584,-0.03681995400237282
2002-05-31,-0.018117149067899952,0.0022162161789124925,0.05347401315577773,-0.008387932854506038,0.005289098697175999,0.10809214552898569,-0.07027495768919523,0.04223625409386218,0.021374122423134377,0.02893983367068282,0.04073388130614369,-0.01699637808543577,-0.004428932048987729,0.017865247217037326,-0.10831025404656587,-0.03825631167046412,0.04566656488276305,0.013059222501967938,0.015389511685167471,0.06784833274990847
2002-06-30,-0.005007050791130704,-0.024256762539515583,-0.04593405428407799,0.059162701668613225,0.01342058440712247,0.10535356165815082,0.03213432319743299,0.031458250848230444,-0.0036935001672341655,-0.03621268358986758,0.0244881379513057,0.00026071980159069613,0.03207125333551822,-0.009895543894470567,-0.022406491249049847,0.0014804731849820995,0.010257564692072563,-0.004417614270731423,0.018447937916115695,-0.00889866521350946
2002-07-31,-0.02925631685241685,0.07640522596004135,-0.06977973531594968,-0.01699177951719239,-0.003451877422196447,-0.028863906771184472,0.050807477568583684,0.04761624661837616,-0.03223937924282661,0.021780625651231934,0.027330774698603642,-0.030418356064307102,-0.032113037226885605,-0.008755813654860648,-0.02163665884641967,-0.03701453591762969,-0.04072834858982759,-0.0048097969982443005,-0.01870931162812027,0.06207219215276473
2002-08-31,0.06583904589962879,0.020795133068986997,-0.00854883878470043,-0.05197071588466654,0.04395922441987286,0.030502660626220736,-0.051856552305046044,0.02475485705406403,-0.0014881005869030895,0.0315485553683227,0.042185698109617156,-0.0225717399641861,0.023722702568516937,0.02548989420990668,0.06216410198874001,0.0237719206776128,-0.028421203277748885,0.00015043247174758136,-0.009597385373732935,-0.047762625057818905
2002-09-30,0.007490789293852236,-0.07771406882482329,0.015817906643984164,-0.0012028989724468095,-0.005937257356641643,0.043468718744864306,0.07652143933133573,0.0021873514208772455,0.037955457207896545,-0.004097703492576673,0.022882438683518816,0.039164192914107936,0.0035915343906341643,0.026179449725908275,0.0023496558818778095,0.016790788382233277,0.07620492674727844,0.03593259935561313,0.012439129280464643,0.025456280899985244
2002-10-31,-0.0338565125421759,0.008841399248279244,-0.001545944832292548,-0.005422808197572806,-0.0072209440713843715,0.0294249281455599,0.023403725902039228,-0.038113694889710434,-0.0006286158846341584,-0.008502706571984358,0.007130764248920478,-0.032402518815329184,0.039985007444177476,0.007127580268626106,0.014253210147989439,0.00877581781798575,-0.03199031507880335,-0.012292940501696093,0.0012295670842509812,-0.02465099247472423
2002-11-30,0.02955362879212143,-0.030670545120240672,-0.0750693740149693,-0.08988441754362869,-0.014027283209657349,-0.0308374357756536,-0.036789371661050715,-0.013782172848158152,-0.015183271491959935,-0.02274221309544455,-0.013846129018569003,0.020448322323063338,0.04668629609354311,0.011185637273031717,0.004901827217820174,-0.01736103350264954,-0.03885059245571762,-0.0010218965582115191,-0.012219880743789387,-0.04869291322954053
2002-12-31,-0.03277131257182674,0.04293396876001897,0.0035783534945956074,0.00875747355050644,-0.0006680473382479138,0.006094460210983584,0.03450876780971389,0.006672137108356211,-0.009586769160636248,-0.00607447235724423,-0.007891742981374926,0.012645594990651031,-0.020445687568148102,-0.04065854002084021,-0.08717156272191852,0.024794351958315156,0.03754408085529638,-0.0028222017464431775,0.016763114724782,0.009231993673109609
2003-01-31,0.011511785842879606,-0.03168695553123061,-0.04509073786943689,-0.004791070312518788,-0.010003840852784355,0.007603965161163678,0.02413691553788662,-0.0195966960629972,0.019698027669295237,0.0008795673871281129,0.02526681277883343,-0.04188597051136858,-0.006418176903398934,0.02534501298063076,0.036783710017635564,0.028802655331362247,0.019137835569786783,-0.0029945713254287297,0.010385858280928854,0.04407324177049493
2003-02-28,-0.06062527531745529,0.0026636594643936334,0.028159698468265642,0.03238811718496418,0.03191192596259966,0.09772157425718012,0.02407269375225282,0.04354039483060797,-0.007333479612243135,0.000972150345430179,0.01800287157704003,-0.03408231504546715,0.0043199978196918135,-0.0008279072177756197,-0.007736439473752804,-0.0031921597730453673,-0.04706862234259465,-0.039848441137707184,-0.018520389125879978,-0.03191743598382652
2003-03-31,-0.0641428402211211,0.0013478076832618771,-0.008546444117832173,0.043652726190705995,0.009857647346442865,0.03431780372554215,0.016823000863510913,0.056546514327399336,0.00894894598295762,0.04022164140698474,0.011214096716449932,0.048353921308637776,0.0030340009533576066,-0.013224883793805195,0.032078022721002554,0.010341346802999151,0.0205824559818424,0.016140799598599653,-0.014607080211900755,-0.04426835343909743
2003-04-30,-0.00041535050779128654,0.024224203556823826,-0.04430905010025044,0.028196670209777387,-0.020212847176352834,-0.056694919866899576,-0.08219474191579076,-0.02795568621930771,0.002801714877623767,0.037792091684547946,-0.0010861499690753857,-0.01890100249643814,0.006904134157238207,0.0018137403919482567,0.1635379250238049,0.02071263029709255,-0.026089905161130685,0.005635835184565823,-0.016839966634403736,0.006708036717864272
2003-05-31,0.03739318429208177,-0.04165835943826411,-0.011876608567570144,0.0005682010443512674,-0.007149432878940138,0.03871040387852854,-0.007618037772433587,-0.057598660170471626,-0.010029919050302375,-0.015467883271673786,-0.0018039028839229873,-0.016377471217128924,-0.003875737904192972,-0.005538566059727235,-0.08748365951234255,-0.018188553078964283,0.03414080741220485,0.0023846666000596796,-0.003018788299693962,-0.0021658850776131813
2003-06-30,0.004615699746179392,-0.018601726780095276,-0.04236672332213989,-0.03901068005466678,0.005782553686369516,-0.1544878256443737,-0.05614527839236693,0.020650273932180788,-0.015198391961288287,-0.005237863291206795,0.016710664670013885,0.013348047708471873,-0.046988049038415816,-0.005036195423883593,0.06657257044747494,0.016799286116042384,0.03566622027748569,-0.011693165110767272,-0.03985961331954112,0.028787333052056337
2003-07-31,0.008805817992412172,-0.009672064292316793,0.0058142241513563075,0.0961974819449398,0.0007403959515863597,0.03424268755332802,-0.04587768693922899,0.003786949218608067,0.02141858846103021,-0.0378082807009764,-0.03838395775547698,0.020816845960672476,-0.0037736404100993455,0.0047875262877223705,-0.015139420731900772,0.03127307036463135,0.015728697267321193,0.015229350501905096,0.010049276455554746,0.03717594100392677
2003-08-31,-0.014146296605351048,-0.033123739446474086,0.0238724264266156,-0.0023786029944512354,0.007324724791038283,-0.09530051078737936,-0.040220675613820964,-0.023569352912524044,-0.005397625404947398,-0.016967270458213824,-0.05802681658347905,-0.00662806278844074,-0.0172029331657506,0.03467977779396964,0.01022551557791273,0.021925593634123004,0.01245688050720804,-0.016613953833524677,-0.006665055092973842,0.005779501257425085
2003-09-30,-0.037767622810408574,0.08442780231874968,-0.022217295122713712,0.015376492530342383,0.018296454567376223,-0.03899364056051683,-0.05718851718180387,-0.0301444251936293,0.022602176967995168,0.024607035482476256,-0.007904553703887438,-0.011987029644475315,-0.007886387990806163,0.030638622948517755,0.0016824219491643846,-0.010407076280826147,0.06495982013940245,0.030502490972403148,0.053969015548883996,0.07111824903581776
2003-10-31,-0.01254535747220803,0.0267356984075326,0.025532661685138465,0.011734581399548555,-0.017141307685997174,-0.027431557092315647,0.08142073357354374,0.031055721045395602,0.022993759990541922,0.033951739693046365,-0.029572978113561323,0.04233706114936884,0.03368526585664748,-0.0332200037806592,-0.017568268857255195,0.007799324352112292,0.0005351511724149423,-0.030443015928898132,0.034363106851888085,0.008460840814017651
2003-11-30,-0.005448556312402606,-0.043312954297644334,-0.011620297901770006,0.016676426164949885,0.03941322244404841,-0.09254960400744588,0.020427689148148194,-0.053212330870879926,-0.00021413749109514685,-0.04072904099085246,-0.026300190051225802,0.03622951731932402,-0.04543427241116904,-0.00031322890965713307,-0.0386289317571877,-0.041489453649164815,-0.05513108602653341,-0.00994016793570418,-0.02187963353360396,-0.012707932816293425
2003-12-31,0.055004037765961813,0.0504463305161373,-0.015256642413900323,0.010659495262131852,0.049391530675661835,0.07768234192058157,0.02713600729012749,0.026387780820117206,0.006678370461997813,0.0012130905295123957,0.011646790776110215,0.042764994932742606,0.03206263321253608,0.04586037093991247,0.025632236074746826,0.02541782284688902,0.02919073148478023,0.01929028510912625,0.00792004781952028,-0.06483262581366524
2004-01-31,0.006849341570693838,0.0772136503701496,-0.014353286172114664,-0.02558818434798821,-0.019098692946101198,-0.009446071473376845,-0.03649590784343483,0.006024045984032498,0.024860918394832066,0.018533518168613195,0.009215301988757283,0.0223899837103666,0.011763496784069353,0.027911973477306874,-0.04214537642558011,0.028437096385367476,0.09064982839942548,0.003972660910806362,0.03157398816163218,-0.000939621289862809
2004-02-29,-0.05190601612416191,0.05085374711625251,-0.02766537095762011,-0.006778906905759168,0.003159864070429858,0.0344058570046424,-0.007533605811923691,0.022220401225867256,0.003493420141857671,0.01004099742856942,0.043955187056177514,-0.018390836771438556,-0.003137445991816196,0.030572677535873467,0.03298606070025094,-0.03413813857732558,-0.030215154013377134,0.009093795614430092,0.0283349395104199,-0.012791175780069023
2004-03-31,0.004163468846207406,-0.0727726374870821,-0.031361051488342444,-0.009840296611683135,-0.0037961673770346392,0.02763785572839014,0.07293809095104435,-0.009587988015069722,-0.01479119790646612,-0.01762756343201427,0.009687748166981352,-0.023988950995730948,0.017207834648305727,0.04856915660491522,-0.018281795297521105,-0.024540782373257953,-0.01284134615708626,0.01815975028333084,-0.03159811519343059,0.04791991265843143
2004-04-30,-0.0008979073743692195,-0.00994541690083955,-0.032291829817022694,-0.0058186111202367975,0.01789168653094936,0.014427307701781255,-0.015872330220123177,-0.03684208798178301,-0.0007282015357223965,0.0035360824873588454,0.004454890104110159,0.01067500704899861,0.002012316546711022,0.019392654757965068,-0.05116632861654239,-0.01103022064587145,0.009198088430226707,-0.043717629732933534,-0.038587894789589315,0.018056203758968607
2004-05-31,-0.002215396305845085,0.07053672576765435,0.0834659135944958,-0.00206358607258411,0.033428557405150494,0.009314017077085936,0.09389110322554485,0.02398259807330285,-0.0024510017212920204,0.0058836141291902086,0.033894209415950026,0.02871929921302583,0.028525251232755913,0.02116214511267782,-0.0031110805149686133,0.009667431974737552,0.01418378264656225,0.02193625021326066,0.0016326095456910706,-0.05086607260984111
2004-06-30,0.02955889359412452,-0.024854190139567148,0.0033879810000758655,0.00964650687057583,0.04428207805779404,-0.09243816322935157,-0.00948021864683763,-0.038652038325683896,0.028928016598800847,0.010968654919587772,-0.0164502954162663,0.0527257163761782,0.033435173697208366,0.036497478923741465,0.06016135221309422,-0.013497648501186028,-0.022037746806307358,-0.03167832498703751,0.016966852929122193,0.009608938984738318
2004-07-31,0.0397064538814233,0.016831987837462068,-0.026468015060447537,-0.007311490131174317,-0.002884202140776789,0.0786454451708843,0.020169034412131605,0.07656020849264918,-0.0030481280867289966,0.015720864884421468,0.03332526291234008,0.0240203379151992,-0.004222936029977742,0.007136228860690819,-0.017922278200617783,0.012421627218299237,0.04294581910932046,-0.013565408486027096,0.008619151492121472,0.03171111163638022
2004-08-31,0.026544215592093516,0.020745841007907814,-0.005245387712688938,0.04078825483663251,-0.024362390009381545,-0.01630028549402061,-0.00891141674674409,-0.009543343626958177,0.024410115817431313,0.021836973631825664,0.021663663645587094,-0.021027299801210608,0.006503315440220607,0.021490273625919522,0.03492282402858812,0.026963490604268125,0.10126677235216586,0.04634948156086801,0.03541398767281871,0.07000438281012714
2004-09-30,-0.017544276703300672,-0.028053983181100126,0.004132289605420279,-0.07498650776695516,-0.015171934657022795,-0.08163402507622314,0.006366771440762957,0.010054206018147969,0.016687767515824035,0.0036407753886734265,0.03212772151708573,0.04405799434366062,-0.013644583746976281,0.0031730823959024504,-0.017285976709669342,0.008834803666763206,0.019706351014964395,0.0011300806964058864,-0.010895988309691577,0.034750832082078055
2004-10-31,-0.0010742439917617507,0.004378915902347217,-0.0023477128228148727,0.04481116703744883,-0.0055293371034332815,-0.011792091245773594,-0.0016487947578410788,0.04005392783432345,-0.008865154687498933,-0.006884193361806147,-0.030575886208095166,-0.03269310941735282,-0.024839431153043084,0.03354079050504775,0.024476062528096622,-0.020042290145281586,-0.03523327434760998,-0.025914148252524485,-0.04660228376946511,0.03120450407600423
2004-11-30,0.022472109980952847,-0.12471265169526863,0.025994370340756322,0.050107664434569855,0.008118255563248716,0.1131295120966567,0.046910904228322226,-0.03388333016595839,0.005994774835474382,-0.004396855139504545,-0.041079373735995246,-0.012850463594716744,0.06644378196653955,-0.023752735673936508,0.023646245612843907,0.019091282549061277,-0.055230629562140886,-0.007867365541716865,0.007671349158713564,0.003657786969279086
2004-12-31,0.05783168800485248,-0.022700080946576884,0.04272563798781918,-0.04674723432117106,0.05516337078289535,0.05826907101176366,0.040452326666368145,-0.06336490258054304,-0.01050786546788315,-0.010680720193146325,0.020261128096048416,0.0051160590271802685,0.02573350616719714,0.03439820633408013,0.0693993619253794,0.03114753473570584,0.006115240038080069,0.028871448954691882,-0.020488030648083865,0.010552741264126968
2005-01-31,0.0006084515622931611,0.004402239006101175,-0.004896760253521646,0.0056899559721983,0.006441514775492732,-0.014601046358635492,-0.035721248166213034,-0.0576565490059496,0.02307268365887278,0.004815535683519185,0.021943924135484655,0.0688831837210313,-0.022458314519368108,0.021854066118037637,0.0022324890803037778,0.0003621561377690867,0.04820569287379431,-0.02189084580668139,-0.0268953878214765,0.046397894590042586
2005-02-28,-0.001600932225315578,-0.04894263975815635,-0.019316018976073344,-0.00814604137125581,0.007801574680281059,-0.011231854677846482,-0.05523391034408367,0.048130702612169285,-0.012658772129907452,0.04140137037771543,-0.013472918517337423,0.09904986653780985,-0.023909388709158815,-0.027586963092956832,0.03361428380180593,-0.004408794910261826,0.024589304634555054,-0.011222915016481202,0.006577097195551177,-0.04823690942678765
2005-03-31,-0.02928876265239827,0.07395074388758621,-0.0033658043828948547,-0.03626595952594924,0.009009894519066454,-0.03865589926779814,-0.10549404095756934,-0.047530252601946696,-0.003262944541969663,0.00685425990545699,-0.025548002909016376,0.013581361166006113,0.005830898655863025,0.003514173427853092,-0.0019523716465844288,0.005351170130833869,-0.004652111126289222,0.01764972617061355,0.004323012363481555,-0.012658060005145483
2005-04-30,-0.026175135297334305,-0.04414298615737866,-0.06520412989856895,-0.009249107732699156,0.038558535086310276,0.1292196801256451,0.020986051889019183,0.09462035797281648,0.02898714720757444,-0.006215019734510869,0.031181446660244617,-0.004532768335573535,0.012157187338708934,-0.053182105441010714,0.050371969221780916,-0.007323667994551308,-0.01993064631192456,0.028337092770981405,-0.005956570720976603,-0.032413750073151434
2005-05-31,0.02406677159135657,-0.026779883606542043,-0.06160301173230648,-0.04303167768018025,0.04141313288695285,0.016128211526390716,-0.06095508986857427,-0.034248254941645656,-0.027543188390949803,0.0024851081650015365,-0.041078220624274575,0.004283845944658866,0.00021092673518093366,0.0027336820051887707,-0.04158188160325396,-0.014814513122943847,-0.04910359838675098,-0.015803658136328582,-0.02346638078982805,0.024109571796176996
2005-06-30,0.05643195346187367,0.008992870246956624,0.047978858837128435,0.06334134832220868,-0.004802498244380782,0.026154267928609316,-0.09784825597588948,0.00046673031324567793,-0.014212562792044851,-0.010556950673545857,0.04110669853483759,0.02296086611239388,-0.010352160492374172,0.017645771472316805,0.024963666855313708,0.01169488335880239,0.025198375927353498,-0.025982470943382338,-0.01011325954861667,0.05113764886335465
2005-07-31,0.004772458021203175,0.06259164672282415,0.057670923874809404,0.03691758668498787,-0.0036744147815470653,0.07560924523315114,0.023408612157763815,0.06475169725000782,0.028325752052001177,0.04532958488447392,-0.0006385602994141946,0.01241834561956692,0.017187865261422026,0.0053134184976847704,0.01214249658544179,-0.01827369068152267,0.05237750791950023,0.05317726712689344,0.010889502481916103,-0.02055255225049608
2005-08-31,0.029486704594336933,-0.06878844365395165,-0.020517934589237556,0.03348486185584457,0.011372623034022915,0.04136363907503239,0.12379089332867693,0.09372006422445134,0.014298120896077206,0.019622355813469716,0.03047424548422885,0.06478206028611751,0.018945035347819175,0.014187714739709914,0.008362002021519275,0.03910576288384171,-0.04064689601154623,0.035995148686765725,-0.014154938689542923,-0.08353248948842924
2005-09-30,0.013448323492878316,0.04417806381434665,0.014599036968670542,0.02279605582798286,0.011735624101525396,-0.0020226352318990855,0.00441003889787927,0.08141253940150422,0.005444555704757078,-0.0017641609356568943,-0.006151130569123925,0.007973737692506986,0.001777992183620545,0.048347201781190625,0.003105849864961173,0.0020577854874945043,0.0550782565569291,0.009538123094626049,-0.015179100143518177,-0.009765648702664376
2005-10-31,-0.01355172122980292,0.006964479932468244,0.015316750155313374,-0.028194408553489213,0.04377791162607156,0.02122333727514368,0.05949632111988154,0.06967420802513656,0.01605036496118209,0.018309653698090927,0.026617610727111423,0.024237596272721627,-0.04421661149459072,-0.004429647909764599,0.017981985289499514,0.0006121557319877955,0.028866108156946898,-0.006409239774003055,0.01366390769197892,0.037303890982188045
2005-11-30,0.02631658288266716,-0.03011611918717038,0.11170306935147252,-0.005157960886892272,0.02272921586201341,-0.00059027972907245,-0.0013985952135812506,0.03381506735380171,0.001538699379054511,-0.04047986225635859,-0.019973697540858378,0.012394684965685864,-0.013897156263595589,-0.0349276623651246,-0.013360913086115101,-0.009481542640794254,0.04036448231237725,-0.01060970838164928,-0.006337732667724932,0.020977130285084657
2005-12-31,0.0619778242032543,0.021389392355521585,0.03858300612757051,0.020891159903188843,-0.002575680370346703,0.025969197381063465,0.015559348127235218,0.04252306874407433,0.008392318253868637,-0.031568485523143584,-0.010389558805299837,0.004968161598824381,-0.02893838062709218,0.028019839825110374,-0.0005697687582002248,-0.008764557475651297,-0.05369010961170224,-0.012780059967272005,-0.009210339020925865,0.020278412653312466
2006-01-31,-0.0037800308098532567,0.002231645670119728,-0.0118732051659758,-0.04365178976876817,0.007221563343995027,0.05438649596762477,0.04214047790390144,0.033141694437935326,0.0021254123251745177,-0.02862810149595037,-0.0007450977805802889,0.021404427081655106,-0.00032647010868940875,0.044341037196361885,0.057887735088796306,-0.03923477785170487,-0.05015992775143008,-0.0003856862623156203,-0.02401022506273977,-0.003209708475654386
2006-02-28,0.05710582136045494,-0.027629658246710445,-0.037104934371928765,0.022377560365349693,0.0198071055418593,0.0067182755758696455,-0.01693787033652435,-0.023926563359106038,-0.010789639577603951,-0.0038123366441013256,-0.030953727768417393,-0.023848111496087752,0.06306236073428158,-0.007507870202094546,0.03131534860329483,0.024026527140773565,-0.011616581522353578,0.014933431846695844,-0.013669813203111707,-0.04362920732681661
2006-03-31,-0.09703000807564474,-0.0022124140153445045,-0.060830098288946984,-0.010673724011390176,0.012449844956883315,0.06333621944151809,0.023406878402706027,-0.016825749761335194,0.0035258618540995254,0.029784049923418557,0.01489766100861822,-0.021673542121256047,0.0016375579713989348,0.018064280608557474,0.027165248100904232,-0.005384564866842631,0.01112577901551998,0.006027287707048672,-0.04603977067348361,0.02751646960854198
2006-04-30,0.022015119762024825,-0.02694830266276915,-0.006146899549715578,-0.021317918920535636,0.0001906761088613651,-0.004117813777933792,0.005687604506020835,-0.0069076163380371695,0.03844086603342725,0.05649450416911485,-0.0014409992962661749,-0.021063441309581543,0.0018513537787141427,0.042600382922775855,-0.009101009403298482,0.01918596343392593,0.07165370477705071,-0.009743152966317978,0.009034051859986873,-0.02219305703904303
2006-05-31,0.00927446359405206,0.007336413183328153,-0.024444288309269726,0.028266787308885453,0.024955084395127326,0.007660625375321239,-0.033432625901946685,-0.010551139858125875,0.002136413655879329,0.017786684717223646,0.000469138804902852,0.01805959396794105,0.025556889753737575,-0.01481738991618272,-0.03181661553907713,0.024137709956426563,0.028888037556973716,0.024991601971980103,0.024107651440626817,0.0889546521854242
2006-06-30,-0.020266520307022737,0.014147197489479957,-0.06234611916523618,0.004040714373670519,0.01144019336414167,-0.09911526362592352,0.05073388227110835,-0.006555045514331536,-0.00791027793720449,0.0176395867813331,-0.016757216429458283,0.030610050757109934,0.017887758831688985,-0.005697781018598391,0.04411106387004935,-0.013696155492183386,-0.00082715609805765,0.010268495597225754,-0.020946934704888405,0.03353567000786556
2006-07-31,0.007322185033625224,0.06506296332186123,-0.022873084784806177,-0.008978340137267143,0.02889664444813744,0.0785902314402892,0.009351783384480474,0.043326517287475455,0.011549997588763307,-0.04242490161006397,-0.06967261977238356,0.009214321307567346,0.00432044581139707,0.024969394522969007,0.028877808498298414,0.0049366161780526555,-0.03970038146098798,0.004312342345242042,-0.018419438872553873,-0.01820755699607815
2006-08-31,-0.052997263456156934,-0.03434082244721361,-0.022141964143079305,0.05620576607664794,0.030167699779123237,0.03257364060924871,-0.027830728418002573,0.040062379399756765,-0.0007251841094754437,-0.009869681789037316,-0.0015998299025701875,0.05080603253653072,0.015063373834029422,0.042610774036315725,0.05888704754220883,-0.003968427268233186,0.043747936057332085,0.02342074632829253,0.002964527735133362,-0.02709682200560672
2006-09-30,-0.00012021802017392357,0.09119105078358046,0.05957297575867117,-0.028677707218663744,0.0030049575466924846,0.06665784721350687,0.022557793849383615,0.004303949817987157,-0.019373843027338373,-0.0025236640156353386,0.07864980959468701,0.014566740516545922,0.061792414416573,0.02711012497792737,-0.011086437746628184,0.0313915098978099,-0.018810534713613634,-0.006397371000415167,0.030618807256818415,-0.0010638722147589025
2006-10-31,0.010307797152732827,-0.08541862913218498,0.02189211370210052,0.016355776287784878,-0.0015294419023859605,-0.1703672656580892,-0.04758471914791125,0.04548301008556809,0.024925142055519406,-0.0005161631900209521,0.03478700631006568,0.032639218181954095,-0.015038266037871824,-0.010303096336241083,0.002303987151526441,-0.031206906389542773,0.06835007123768658,0.00976966682996107,0.001156785621214725,-0.0015167510050617151
2006-11-30,0.05591785282200099,-0.007433057534806721,-0.0032403713038858294,0.02041905926594275,0.023657373925384872,0.145388042506909,0.016309147858781237,-0.02574756447846318,0.009274017883772447,0.014224309768300764,0.019160643188098285,-0.013078593963885537,0.02820166450585214,0.06642347391687417,-0.04835527993735572,0.015783736359337105,0.008275466267049714,0.006948028367320377,0.00244653348321058,0.049170404923806234
2006-12-31,-0.014808988794013152,0.024586139263556562,0.048779593432487514,-0.007218457466416995,-0.01330749598693411,0.012118268911288272,0.011453820109118976,0.005776027481113943,-0.006809943725411551,-0.014935679475748673,-0.010008153688642767,-0.015482175878878537,-0.02772316478309545,-0.01913243788303099,-0.021682827538639787,-0.017394714827600622,0.049535182626692376,-0.032870666924581356,-0.04138548331324908,0.011781114602797203
2007-01-31,-0.013808398173199087,0.023660043072919704,0.01313484646631725,0.025174626726736423,0.021052025663567384,0.07768579134187292,0.05024941113588108,-0.02066331434434171,0.012607282420965028,-0.033335609357005386,0.010435951009692563,0.02890973228436833,0.020326343733881334,-0.001239868717467439,0.04646601112005894,0.016893896117653927,0.03138959111143919,0.011535888932734788,0.005727993830262825,-0.029937914069700606
2007-02-28,-0.01664564774198636,-0.02707396182533129,-0.03246280078483371,-0.04050632469009153,-0.007601293217378933,-0.07554399072792789,-0.0033474958621414683,-0.09078783317195634,0.01070479052143847,0.02374755322726833,0.024338842700639105,0.033602195661455794,-0.014285690046437628,0.015879564002674686,-0.011365505735155733,0.017912149434642633,0.0037436290617198645,0.04727404215710218,0.03786898800191897,0.07970292888788104
2007-03-31,0.020763376379697954,-0.024401589241803776,0.033616928206553584,0.016583036481625457,-0.013664723677195685,0.0410314016250462,-0.004195501312598628,-0.005129582269076309,0.022073179285086633,-0.01069569167133328,-0.01715046951680215,0.0039760824004146595,0.0010701960771881906,0.04957273147428137,0.03607691120552746,-0.002789853899293499,-0.005823064265964049,-0.02057516882578827,0.012334911604330222,0.01472215826310342
2007-04-30,0.021961153710292922,-0.013427605227058378,0.02304176445953997,0.002802394349760794,0.032914857775239705,-0.022190768805086487,0.06521342310727513,0.027421301489960845,0.005392550338801911,0.017320672168431715,0.04328280214750004,0.011092379951152514,0.00463254516782219,0.03280068988723347,0.003764265628015075,-0.0022119130693758395,0.0009489365391805006,0.009738242854116765,0.008075950810394727,0.031611239345990846
2007-05-31,-0.01774828010687191,-0.025802318252101473,-0.03846885894599178,-0.016724142414109088,0.0035517083589047234,-0.025940090208785724,0.06045831931769283,0.05864945058438405,0.011189047527178806,0.046983113689008676,0.02431515538276089,-0.03940480872903877,0.02610010818002779,0.013281439243283052,0.015608775237404452,0.0015714549600195711,0.01866052883200672,0.012190521908510487,0.005162398847753449,-0.01806413828131366
2007-06-30,0.010937159833551095,0.023402366192314197,-0.019245142973905158,0.02549029585187731,-0.008512322852640895,0.10760265450190065,0.010956063461912224,0.011723758137729483,-0.004627965873643839,-0.019514884508533434,0.020281056375987372,-0.009867192029923708,0.020636799319863012,0.010380664283572191,-0.04691620763973641,-0.01869037533037595,0.002551055116733923,-0.0004013383760171924,-0.004426933775941182,0.0245998084045633
2007-07-31,-0.008753394438450251,-0.001159480082247026,-0.04685176241486004,-0.03649809720926045,-0.04008981155338831,-0.0003705799127838777,0.0027642006861683687,-0.03422853597259173,0.012996093197480905,-0.05059636620798028,0.015491341180597057,0.02878005245827331,-0.028036106428405812,0.0024164915667890326,0.004514629527275419,0.01953827991349886,-0.01788853559396751,-0.0017808402192269067,-0.015128638990921149,0.02483430035197206
2007-08-31,0.02660661245928673,-0.040200900857335145,-0.060289981839495584,-0.055934982459423625,0.00403502257129441,0.02879016410617936,-0.04745805969104239,0.07681116921455022,0.01884481641601317,0.003899316707705172,0.012304436909464526,0.027364806122789465,0.01043409465438401,0.022956724212333517,-0.10987467265375582,0.0023634191518107873,0.00446584346900565,-0.013509274223462433,0.01951529373084001,-0.06312962045561657
2007-09-30,-0.015210745930824318,0.04352666126451717,0.03642837044921493,-0.04179036400125351,0.02109693796443908,0.0559414784216207,-0.04801225441631944,0.042641362884686285,-0.005653785513259326,0.03181145078031165,0.028318499249324627,0.024208990229157176,-0.008636366572834068,-0.05496154336164325,0.0004380995922734802,-0.050792738128033726,0.011817232194234802,0.010615149359769448,0.008687992950706599,0.08022645835123349
2007-10-31,0.0029496676152270954,0.023984200332870298,0.07405558586100511,0.03359956075613516,0.05480909497574394,0.04357141853282859,-0.006601209735735376,0.02865204351685026,0.013653310424793905,0.03835298804784017,0.014879719292292601,-0.00018764138184854725,-0.0329427588698467,-0.010661180005445484,-0.0681899969273506,-0.010075866707759685,-0.07495518998813483,-0.016938699294757074,-0.0060654143880731716,0.049595334444265976
2007-11-30,-0.0034324876413010944,0.04049682820582939,-0.041325773204135226,-0.03224511680688157,0.003265402623311069,0.03674950258177876,-0.006069591645497682,0.012282498743184399,-0.00910413008417754,-0.026266395630701947,-0.00792505384166866,0.0003983456078452217,-0.00649552334466765,0.004563939839398281,0.04622130407151045,-0.021893919010143682,0.015286757808021785,-0.038613959361036614,-0.02058050919684131,-0.014455955606462978
2007-12-31,-0.024220381849967595,0.05126261330673113,0.04291200139699147,0.08541623825509626,0.031609392530294315,0.023449481808313466,-0.014126406800677133,-0.04044790444445372,0.016297397941545635,0.01474496587178643,-0.008609805349946466,-0.013912153925467314,-0.0036257128880665007,-0.02509057115073896,0.03424175478343631,-0.02904444800324786,-0.028826768812284374,0.021913349951814116,0.02194947145209811,-0.051162327282667966
2008-01-31,0.012129494961592017,-0.035728071980371846,-0.025641839646324202,-0.06799683139967934,0.004486402546102743,0.15360898598352404,0.00734678784098373,-0.007651508992550706,-0.004579704356282827,-0.019502601148730356,-0.005218922021499248,0.01128302570695344,0.046844188603597306,-0.0009884304844447519,0.007710718881868693,-0.03514643179649789,-0.04895767852967473,0.003843303560066848,-0.002758767069364638,0.01944250082945717
2008-02-29,0.012117498923401207,-0.023537566795926754,-0.018873491590115102,0.057065010124614665,0.03128399309949261,-0.009701703675710743,0.007498417575617686,0.026263128692598645,0.03273286426601805,0.003007827993787031,0.04748353023501514,0.018250425356596125,0.01472728998341759,-0.0006862160665817079,0.06458074991804594,0.007556452362790643,-0.05218926502764342,0.00399644545032558,-0.007773652887590113,0.008598933932526174
2008-03-31,0.018205613468715423,0.04501023197310046,-0.00701188846335065,0.023800049188991704,0.014529011009259095,0.0314641281670437,0.00834361831131614,0.08155778321568342,-0.018568334528478687,0.04027437403706812,-0.04517109426633256,0.00025356593941314176,-0.0481352543927255,0.02808530154824227,-0.05351345798751946,0.012560169691626655,-0.07588697042611471,-0.013150528365841858,-0.002247098525011936,0.011425192307101662
2008-04-30,0.01995627107208716,0.049921142764501616,-0.005677485328639098,0.02419359408440397,0.03220176519128522,0.07576735099028381,0.02649406482174532,0.06376296120366862,-0.007714377796898934,-0.033404085475565594,-0.038357478893113486,-0.016491385629743283,-0.016156325526358952,0.036301118937440716,0.06627079899839676,0.004450097070449685,-0.04814001758696575,0.01346999488768191,-0.01415759719553164,-0.0002361759509873062
2008-05-31,-0.04187595381637029,0.0054133909770968745,0.006187827263146335,-0.009341125191035594,0.019675220666934532,0.07718227298288635,0.006969444554549815,-0.012640781154424241,-0.001837435829475363,0.0040870730911547765,0.005022001624449686,-0.06277842541409677,0.02222159154473269,-0.01361424742219769,0.03479153249052716,-0.013575659978060184,-0.025168513427956264,0.0004103176700070094,-0.017960585985837375,0.021505833989395904
2008-06-30,-0.005258136802007876,0.011439658682186854,-0.023006882632061517,0.021998379558996056,0.011983536295423283,0.07018240787728909,-0.09052644964861051,-0.04755718437296217,-0.0040380536671993225,0.010646259699884062,0.004156810004408592,0.03353052968149731,0.04954943212320474,-0.003667665185736812,-0.009499444980863716,0.010360608247590681,0.067925813638285,0.013654718437204498,-0.015493751057224605,0.05813925498602157
2008-07-31,-0.011263262730900577,0.04976015138395362,0.005223989099886313,-0.001154211707314101,-0.009029151989834481,0.025815913502291305,-0.05935470217201587,-0.013650133359384663,0.017081833579475212,0.027930357969256293,0.011746914860419823,-0.007744779664661552,-0.03292157509261548,0.002649460897559895,0.049367670351758,-0.004044298783344229,-0.012407421166692318,-0.0016443821482136289,-0.027733658389152944,0.028144425382872606
2008-08-31,-0.015276450217742743,-0.013500029569652959,0.007145337013878351,0.048943936521225716,0.016001189423070168,-0.0489194087009412,0.0032837622025880574,-0.054546248214894046,-0.014144837140217897,0.012734934015587372,0.018978243333893176,-0.013479747057204606,-0.03447836474555693,-0.001367638803080098,-0.034227519410977694,-0.003492184459031881,0.01703474706585996,0.030138334963470004,0.01456005461540843,-0.041539577575549026
2008-09-30,0.005447290192747265,0.030172092915334184,-0.0018161412947502874,0.013927695157013182,0.03030145937389123,0.09734721292271989,-0.05721901602491453,0.00654233368049262,-0.005460047911665069,0.017271139783614817,0.006972126313065338,0.031783065452954,0.054359926289858446,0.014900902836679294,-0.022884990360770935,-0.012784077946535436,0.024805418664697425,0.014043820178347833,-0.02317156408824858,0.05418993377045506
2008-10-31,0.00920805741486294,-0.017101721886438156,-0.04113999992847542,-0.0017089274633002773,-0.02689404958367944,-0.07034762115768903,0.01332226013055451,-0.016263293861535254,-0.02010496189036871,-0.01174314168846878,0.03714687098098519,-0.014108629784508164,0.0049061834270307395,-0.023279427058413456,-0.02874524960840652,-0.03949511103160592,0.0011660942447660775,-0.0024651131553948416,-0.027685341639689557,0.07348337551815046
2008-11-30,0.0875363761700347,0.006644474847894454,-0.00562995261210307,0.0058286084698789585,0.019773670827579533,0.041839624111664336,0.08009763507120368,-0.0003041222888824323,0.02209244259404746,0.013641011711956258,-0.03172002510267255,0.039585227307017044,-0.013221830060035343,-0.020943198186808745,-0.01397318087618239,0.00010907886909971827,0.005651491324849944,-0.01485976260229994,-0.03001261836636852,0.12045992622713284
2008-12-31,0.025149268755158518,0.06007125475248366,0.03912873858301444,0.015795163154062593,0.003675607784470589,-0.047152967008008674,0.03965332570420671,-0.06907923786194396,0.03250553376796765,-0.00023083741816333188,-0.012717389785059015,0.025638100889755797,0.018837058998246763,0.021627156520887297,-0.03602400300412386,0.01026234016717007,-0.03366534707065468,0.009560570353790819,0.0016141953569506304,-0.046863091021174
2009-01-31,0.016198588162600964,0.036989348713070726,0.018592221492202184,0.015774932769535087,0.028140606796535322,0.019002987251601815,0.005348659658602171,0.034229025587193006,0.0012868984647186367,0.016166555068156094,0.0024562740293700464,0.023856751230779297,-0.0598291093758834,0.01808646522209113,0.05075083562905961,0.0013172351521849928,0.053069656045542306,-0.012496482027912054,-0.0031535726025271175,0.012608330248587901
2009-02-28,0.00151559576844092,0.0339077102988318,-0.033770136542353224,-0.05294079303798303,-0.02671719412188489,0.037335702673288534,0.07238715317488,-0.008780201848933978,0.00824245173681529,0.0034391406358000266,-0.02971014715626418,-0.02761345185345277,0.010497492063724483,-0.00970329502570877,-0.00014031063171299034,0.0026847065429816087,0.0731777730835588,-0.0013897407888443982,0.001875402825344737,-0.0771026822886527
2009-03-31,-0.06845543599532236,0.05106999998572465,-0.00035664082498124486,-0.04391457881081376,-0.011012484791775893,0.027873911539593958,0.006949188296876419,-0.0412082028853241,-0.0036141867276603956,0.0035254646671070925,-0.006979842809406951,0.031624894145053865,0.002691318219948339,0.01716316404147321,0.00864939506890912,-0.023681077110261226,-0.061579345309488234,-0.01977036681583738,-0.02538093501353752,0.027469389186319956
2009-04-30,-0.017870766531641318,-0.019435232725366174,0.0032940535865578525,0.006313827872037398,-0.011311757033848907,0.037663943105401915,-0.00954453288694278,-0.09979440548668532,0.026271691724584857,0.00839467053313691,0.05420009567595924,0.01740972935630046,0.030131626971187143,-0.007538040979509506,-0.01464261755151109,0.02159793409913963,-0.02572916956024551,-0.010544875591916034,-0.014175590466640853,-0.006493638295308529
2009-05-31,0.012888164246399752,0.03503062625878153,-0.050587380181968414,0.01516067723766645,0.03913573022358635,0.07494416492625003,-0.05340874754400608,-0.027587092026127313,-0.01306957779248787,0.024796065388818816,0.0038037239918233584,-0.008542882012563518,-0.02336949059267026,0.006825225100357223,-0.07194669457968232,-0.025653689720614773,-0.007970471169021422,0.0340992117246055,0.005075837099136556,0.07645669798922476
2009-06-30,0.07555830036784926,-0.030102745652807752,-0.0009109006276022541,-0.02126995646652035,-0.01703090993380574,0.05704693894668107,0.009449049763622111,0.08828833523709317,-0.0012841820861329038,-0.005626269026971113,0.003385334883577633,0.000434055594702552,-0.003254245165101177,0.015073518188457464,0.005155904431825278,0.011486784671495826,-0.03725550506461473,0.015207860639057361,-0.017505817210558793,-0.016755059346633752
2009-07-31,0.013626724859587762,0.030421592934613682,-0.006766228698479275,0.02009968371661036,0.008296567708129608,0.009985309316914957,-0.0005107871994259779,0.07785528104167305,0.011366497465662408,-0.040025543385078105,-0.033950852788066574,-0.05371865262449054,-0.025675735214885323,-0.004717101354813694,-0.0799825364015129,-0.023578960277918663,0.014488742610226077,0.026349725164668526,-0.0017575436337925925,-0.06992398714526778
2009-08-31,0.007724057083278862,-0.011925907020063718,0.010861561513996486,0.0070022023520893775,0.03125549895029132,0.07154326531125668,0.014035001128071175,-0.008862115623105876,0.004631379284185294,0.02368014396048449,-0.016737050391518876,0.010056052067017925,0.002691649825358712,0.007899215306298321,-0.006353871890047089,-0.0179948975487384,-0.027246306901949124,-0.02473942666275993,-0.021079234796955,-0.010308387227816351
2009-09-30,0.007836270855350564,0.00965895860176802,-0.021682757619425563,-0.009718511925856205,-0.020397660377766025,0.07219444166426103,0.0011233537947573057,-0.026688659167556708,-0.007584406967920316,-0.02899351881896721,-0.01795215052523122,-0.03911685809977991,-0.03200915360998359,-0.023789905573200126,-0.0654365649161607,-0.040172085473098376,0.0641504783349544,-0.011014270893010597,-0.011028306885604154,-0.07536660449301834
2009-10-31,-0.056771821536010715,0.006577416922187454,-0.08007281327501697,-0.04086387814908451,-0.058161737849224814,-0.05817823754643253,0.005144957970528272,0.023280075964693215,0.014470503260161789,-0.013985152032288709,-0.006698618942344006,-0.03873021589753828,-0.010732650084016675,-0.006061967973515402,0.0775131484306668,-0.01057311602601476,0.04059946027386926,-0.02363511341131421,0.017193970577712332,0.0430286387140351
2009-11-30,0.04414506303840494,-0.034096186695658746,-0.05732986320370107,0.007827565382596775,0.009345382455006379,0.055332687912943934,0.03041961598341525,-0.023555567038601635,-0.02778948228646025,0.0011058935209200729,0.04882628317101006,-0.02976830631577696,-0.010747687475352643,0.0075840313565229914,0.04868710473022596,0.0336587882249463,0.021053134902506952,4.7071540416878874e-05,0.019274259885152214,-0.07559588084543964
2009-12-31,0.0327213697698833,0.08701226057641134,0.001876402376922143,-0.027839800432179384,-0.005961156561491128,0.045839976600278984,0.04655185822336616,0.008639326823579842,0.01806631275954228,0.036780990129311374,0.024589248021524603,0.04121683975937269,0.022803961978356,-0.011273111318375417,0.011323811630176945,0.018824193622579748,0.043502647363347434,-0.00898648552155551,-0.0025432450939192443,0.004951677075025333
2010-01-31,0.023300737404844903,-0.04976772721401709,-0.0018438874423343347,0.006748560549390563,-0.026786670124789802,-0.003971262675912019,0.044874766927364154,0.03414402974246454,-0.001706053316511271,-0.035964037064633546,-0.018458940392193764,-0.008856176123689491,0.028119346073548455,0.0033361724245694253,0.05770018337287197,0.028750252578049904,0.04661380871039437,0.026806900579626106,0.008888830442197144,-0.07207491162811483
2010-02-28,-0.01822616045528978,-0.037857284668931325,-0.020653228738899063,-0.04204054930040085,0.02683766260900823,0.06125082396221731,-0.08984651827417822,0.018667722571881998,-0.03004323088122568,0.06344052775100384,0.006394438476504685,0.04332782943862586,-0.008229524130792863,-0.041346049681231144,-0.036558519230362546,0.008866103205959668,-0.020966080013594533,-0.0105210535330932,-0.009809196435843081,-0.013463999846919322
2010-03-31,0.05035679405672501,0.04298098210792746,0.01569541688619169,0.031878935519504936,0.0023212891156553384,0.0027855412608962307,-0.10422914260115464,0.0004873656629784137,0.015385125964022871,0.02998999002755419,0.022885568878355137,-0.006716501665246521,0.008158331519664233,-0.0050649916934924905,0.02854319177136935,-0.014613508346361902,-0.01965164351638439,0.02343056962850894,0.0042172876673213485,0.07119528310310921
2010-04-30,-0.02798798645337737,0.05183626427159521,-0.03797553151123831,0.03739325134050616,0.010538928129437623,0.009943471061889371,0.033462677705908134,-0.012236609148515855,0.020629492614335117,0.004805575749554754,0.03177385415941819,-0.04849824085605778,-0.034820559791543915,-0.007752587467538883,0.007075461792515953,-0.006554512404969032,0.0030902823852232975,0.007991704453839954,-0.009096674735165136,0.009108774621142113
2010-05-31,0.04093445366197147,0.04155602325992172,0.012255839172112275,0.026827105799967346,-0.006701443315482052,0.004393095093121667,-0.051386093965501554,-0.025123740761948763,0.011849785412020138,0.013130425739056348,0.057362782903749285,-0.017252330679079497,0.006464442213247858,0.007084091962386175,0.023745916560279252,-0.0016697430194384522,0.043991190316109506,0.04998006203964169,0.007678827958545456,-0.03707425447970144
2010-06-30,0.09069910218554607,0.03311833830057988,-0.03489161147294548,0.04202645100507339,0.026077605358953843,-0.006406181586863945,-0.02518721960694458,-0.04505269685555707,0.007567877207147652,-0.0005800770411489315,-0.0310298873827553,0.030119147636673622,-0.008443655838139089,-0.01335637159196012,0.04296328562240915,0.020908170095028406,-0.0015120625693293439,-0.03285643375320926,-0.006933473768570682,-0.00019008025272867807
2010-07-31,-0.04349756089053436,-0.011321231526953498,-0.03447228011675957,0.04599519442018558,0.003402158552634805,-0.04398560891678982,-0.0376336929500098,0.004281257698598473,0.03773523501564377,0.024503521210460205,-0.005538069735601782,0.009957046930467794,0.07487919159865475,0.011295063819216064,0.04170845983414065,-0.010864623814816484,-0.03999160255074459,0.032222770910324224,-0.0065947622578938995,0.010937819958997189
2010-08-31,0.005954288568991469,-0.01328402764425703,0.023072371305228483,0.05867074568848504,0.0230035563325808,-0.06132611427269034,-0.06147597259226476,0.028802715973898184,0.03302248839757114,0.026883847613246456,-0.017376062196297587,-0.0016216263878028932,-0.013578631251392482,0.024571874123398927,0.02388796817645402,0.0318964756352089,-0.013737137182280314,0.030167276928804665,-0.007171385268514548,0.011728996144779702
2010-09-30,0.005902339135469267,0.0019726143984877976,-0.03177793146716225,-0.059174055632822825,0.0361195103533591,0.08572083948707573,0.007028703272750177,0.0188667791960848,0.0354466928414749,0.022514067799836536,0.006773775893840951,0.016405106927729028,0.044825768876863764,0.03191218479050207,-0.05576153268212396,0.029379113458551716,0.008672306098971082,-0.007092945844091284,-0.015805448065210365,-0.04812969811886552
2010-10-31,-0.006075680247195576,-0.018655074359359678,-0.005783814443174755,-0.03080638883743192,-0.009979722949813589,-0.03775944699326647,0.03513645843404072,-0.0252139788213621,0.018137910563744274,0.00909937661716963,0.021308909711177368,0.022608799281342747,0.030075532273722526,-0.009763411005359643,-0.03188298351215555,0.04492938093379387,0.004912786869129821,0.021679349674733124,-0.02299099464767492,0.02358225596846215
2010-11-30,-0.04514029378184341,0.04755771058814091,0.04008652179364589,-0.010298426634799376,-0.019680865366113243,-0.028540144090466055,-0.003357446507183788,0.07673466332035173,0.015294781678004238,0.010380222629768343,0.04213525833207732,0.04771210280430574,0.020403162387433487,-0.016290054095295325,0.008614219714297546,0.006164321820982105,0.08217967187857883,0.017938235476076324,-0.009428205620748623,-0.1050025752469933
2010-12-31,0.016013028439525696,0.004156655426790816,-0.010992366963536736,0.013238733738526371,-0.0014435910462635478,-0.10290274980067513,-0.09460064688608362,0.0053981928898112035,-0.016374336973134576,0.005092943828239755,0.008201516574134635,0.05106099638510713,0.04909900716028438,-0.018522602016281545,0.010943714292263769,0.02297833472416519,-0.0388593698695499,0.0024492962563837546,0.006978040141091844,-0.02490252203739164
2011-01-31,-0.035206607497197305,-0.03347274308003356,0.026500631952651763,0.019290874467144718,0.0009285433558099705,-0.015887686886558946,-0.00999411801844725,0.013230540914410227,-0.011093480282888918,-0.011084972784994318,-0.013417642703859374,-0.016616462613721676,0.0010498740085571265,-0.01996848328270949,-0.052891945997597126,0.039965357401134195,0.01052464287362651,-0.022599156139835437,-0.02560465058756116,-0.014332312670631725
2011-02-28,0.03585359614956815,0.0021677071553023453,-0.024503142395933014,-0.006298143709453741,0.02163396900543685,-0.08506688282921557,0.00016677574375596402,-0.042688399586433015,-0.006701684069950236,0.03005018681726625,0.012304643008234114,-0.031179725262566276,0.014895453390808744,-0.0031558712915003393,0.10113770102110148,-0.006183376654120434,0.05758302564802846,-0.00743796324351163,0.010979353262754532,0.021996708074989515
2011-03-31,-0.033845360311182474,0.013023915556720915,0.012364748439249158,0.004609470601519894,-0.006672820425550076,0.11413970967405507,-0.052242778029524886,-0.0780493333588077,0.03642186687073718,0.01623304534122291,-0.015950601196718848,-0.007288189088924384,0.0018810268309884734,-0.016129055174881737,0.06304357116745289,-0.027597111852041223,0.08176478781323378,0.03540551651348381,0.0005414616365692655,0.007586639770532518
2011-04-30,0.04854805106634258,-0.03416873608560307,0.03555828257020272,-0.03375573352225286,-0.0027623589593252403,0.07526614704515174,0.015633980182280342,0.04143884583707159,-0.003497327228299214,-0.06177462640914229,0.055851748481718325,0.007887006083135143,0.027713186496584042,-0.03358808532566353,0.02240141452276746,-0.03903947126460976,-0.014045320713844865,-0.002545503537861963,-0.036772418017582145,-0.044571069878152486
2011-05-31,-0.011625467814786194,-0.019916391461828623,-0.07139956865817365,-0.004283019318940772,-0.00883366768634379,-0.030085995681829358,0.0009930622022774778,0.029743074618319116,0.008822258169286036,0.020967211301507867,-0.03263104250765892,-0.019802574519405387,0.032494967975325806,-0.004874817087858826,0.009147714844299326,0.02203721543225706,0.0243600019505948,0.01805442281045433,0.014182318950867186,-0.04048764754594493
2011-06-30,-0.013224351759154812,0.005020755668080459,-0.033415468559082624,-0.048722750129416514,0.024598454614025947,0.13261159168952033,0.01712494191068783,-0.016503517601700962,0.008480563623524522,0.004522983143875371,0.007207924613159783,-0.026443531608303435,-0.015053346972789953,0.004175711359706978,-0.008967283869219392,-0.03814975624068626,0.02020480761084252,-0.014570619995919847,0.009913829842150286,0.01504004425932301
2011-07-31,0.04625562524129027,0.02321547017944671,0.030974329342381604,-0.01474070219063177,0.013404272303951045,0.09247974349992256,0.0318034173584108,0.030287187092170906,-0.0019888928883267064,-0.002697975031695414,0.05231695740553575,0.008489291155762923,-0.034223333934562755,0.011707395207263046,-0.04110071257984632,-0.009868896807540661,0.00464002266182663,-0.017161759306670903,-0.02255320350859893,-0.0049035519664443195
2011-08-31,-0.025962360744674718,-0.0051447899117678594,0.006917404406624514,-0.026577294861016124,0.03866601404933416,-0.04145456183125848,-0.07182765216816346,-0.01093347629918505,0.019927403538103176,-0.013517817403888771,-0.003309790808940627,-0.005996938845522244,-0.010944150280390192,-0.020115408501080474,-0.003353094080850891,0.003659875542015056,-0.008531958778520386,0.01025418333090729,-0.0023978140806252607,-0.025578676551453162
2011-09-30,0.006767197072689503,-0.024041686010535503,0.005888140976608995,-0.034620241786056605,0.003418038718741783,-0.15606440409498998,0.031622252286453614,-0.07499683051655946,-0.0183135683375975,0.014893771026583695,-0.011550371321094667,-0.006751485674333555,-0.028175280362141036,-0.01963258314180638,0.0006872208991555873,-0.004637670319416037,0.006632554984183246,-0.03273070102011984,-0.026520275857600244,-0.011553033026598304
2011-10-31,0.0597875140088471,0.018253431991484888,-0.013216529436271442,0.04559383706367509,0.0193280853692991,0.140487092425605,-0.008257521072218471,-0.019970886480586737,0.00977627234753021,0.026917249666924627,-0.00020543177220946375,-0.013981547933034105,0.004941697170259326,-0.016726280523904038,-0.04312874949264153,0.01600469634513077,-0.07911473998935203,-0.0017062455235587184,0.0048840253692713975,0.027661047961354823
2011-11-30,-0.04353577250877376,-0.04726165913196066,0.012802630937860401,-0.017260307676130213,0.024275604772044677,-0.06704346574982246,0.004453281744662371,0.035815905295218005,-0.0021986997277317092,-0.00671314403489053,0.006631643786137851,0.0035510719745869314,0.037926561827309295,0.00780387191758519,0.021651513465358173,0.014055977657019953,0.032974651227869495,0.007886710948233226,-0.015302895050021463,-0.02124210178998561
2011-12-31,0.014100706757257706,-0.05321066726212698,-0.002952010655315657,0.09249536232420523,0.014328882903805708,-0.10375784508585678,-0.055414512696418367,-0.061195085934417984,-0.007751347881745023,0.021079770866295977,0.05027609119537192,-0.013357853869558404,0.001059095361308958,-0.009349104143029262,0.005424842259291159,0.03897289881459711,0.01717516516795152,0.012355328560169809,-0.020800458938877015,-0.0006256129029315102
2012-01-31,0.011644115118925588,-0.03040094976460749,0.036399196475756436,0.017213922736707608,0.012882381414368795,0.05566575398373747,-0.03104891826418458,-0.0005879840410475696,-0.006903308884315072,-0.017541614281730258,-0.052950236392996855,0.029343929533444134,0.0009725388115927828,0.016179797700112387,-0.07402462599473304,-0.016771939234762338,-0.004627342745772836,-0.0022932237390898727,-0.007480735152762229,0.09036131415044003
2012-02-29,0.027406755754500724,-0.013112099969399476,0.00241890778038803,0.0038696442662172724,0.022842530290200384,0.14611840308641064,-0.04183402006013961,-0.053407763600076555,0.005982788914596565,-0.021868712663553228,0.04874740708545169,0.0377237124396476,0.007532566837753583,-0.03841326069623084,-0.02827368546113546,-0.006937303012768265,0.07711241260231884,0.011309255102697601,0.0009582022366821242,-0.04869007434068432
2012-03-31,-0.03346898133051857,0.02081206475418132,0.01783029451618171,-0.017698689107582006,0.013678353681740448,0.07733441490879407,-0.01911989739926872,0.006326280738546755,-0.006616242382752852,-0.012830566085709396,-0.03491268055912274,-0.05244300869066,0.0195657119872624,-0.00953597621937707,-0.01719381752516718,-0.015557629921986966,-0.022570304559680465,0.00952560466559697,-0.010203589944473018,-0.07175588548717705
2012-04-30,-0.029248845055446424,0.0754015272684205,-0.0001369178834445227,0.040630389241418194,0.030791135607365225,0.05038682839512102,0.08100765804257626,0.008803931838914047,0.009898239204483728,0.03870815568185665,0.015723961069189794,-0.005372810954952775,-0.03311321287821531,0.027426906318793874,0.09465318749118973,0.03788900850644961,0.007223731291986581,0.030712853424883106,-0.002640423321823321,0.027776441700954176
2012-05-31,0.038875964407426536,0.051352917412826576,-0.001627976718823313,-0.00011761070667879077,0.016492711126568756,0.061904771279506166,-0.03888145088072675,-0.03947573306560395,-0.028624648100176134,0.012895745684532126,-0.016213161347481485,-0.049510164464455386,-0.02203852285989502,-0.0031981408456625143,0.014113220714771203,0.011628546675361007,0.06136662263625035,-0.025200258015171548,-0.01744141392532734,-0.029990681198167186
2012-06-30,0.026524420130677545,0.005829495228697183,-0.003937764424500213,0.018577876344937294,0.04174262384774633,0.05903439058817761,-0.06699969517882652,0.0446386847185027,-0.0018756896607581217,0.010419382100344377,0.016983854870289302,-0.018280820735817348,0.003995752231326887,0.06600778869426153,-0.05429189866326642,0.009091481692518277,-0.02844699087387629,-0.007000407194413923,0.0002649180783351234,-0.013801502370679536
2012-07-31,0.01887357772942206,0.005598897574280487,0.017940556787736966,0.09250203704477071,-0.004907338674475995,0.06849667825363766,0.07762974624488089,-0.010128978911279833,-0.015006386821599872,0.02325268240423789,-0.03153943697191151,0.006555038091881505,0.03578784501615593,0.016046103247698937,0.026423809027053664,0.03255679051104066,-0.010395812307939588,0.02566354453649702,0.003509627808459795,-0.02894293400676105
2012-08-31,0.01190164700677066,-0.04484133748426164,-0.019971540524006688,-0.004990438205481083,0.03225638432963958,0.03758360804434796,0.003955446048174616,-0.015948495452190712,0.010209952354987485,0.009790998792590992,0.01300024797422876,-0.042149077172625546,-0.013322167432542716,-0.02678937526138896,-0.06339257608566533,-0.025088763080110068,-0.005725902270102492,0.011635270496003634,-0.0018560736243416042,-0.003302338179166745
2012-09-30,-0.014512384164873427,0.006106022947277494,0.014903847315210952,0.046764010605532674,0.007811430575942837,0.011570637758344132,-0.031055447261746038,0.005481211703300329,0.003290147758434031,-0.01098757721827772,0.057025716990126075,-0.02350251111262082,-0.04270898187930625,-0.0008041987366572687,0.04434914302061447,0.03674164349599901,0.031384648136925146,-0.02219469332518638,-0.012535662301272217,0.06396531695766436
2012-10-31,0.024191913615433956,0.0006214335580062786,0.08050275921358062,-0.008435217413395783,-0.013428647981838631,-0.009213000121997116,0.029722098356764787,0.029241123741481953,-0.0027366136916806543,0.028697172495008895,-0.013866775159646428,-0.008569452702231218,0.033621417775127456,-0.025364467697880123,-1.371059352285077e-05,0.051094703921183066,0.027064070740891375,0.02339135448924179,0.03508323938493906,0.03004258085102838
2012-11-30,0.000532544275739559,-0.00040215002934691074,0.014094112622388761,-0.01241557889387325,-0.009331288782455278,-0.042910581157576996,-0.03280303565033012,-0.043598794622597706,0.0020671607595969662,0.02377743969302962,0.013968025289050015,0.01393558737701989,-0.008651522709900739,0.004278740637507609,0.002370009703790428,0.022306426589020385,-0.03681912233513586,-0.027408098412736424,-0.01614996199929595,0.04533160776602538
2012-12-31,-0.012085631844912976,-0.02308837302809153,-0.002147320829968176,0.0708044320240268,-0.0008339300828931733,-0.007840402483037044,0.0768587269932805,0.003424382693377106,-0.008066723667406817,0.019395407622902164,-0.011629480000932946,0.006517346819718025,-0.02517747857312688,-0.01788777136148201,0.05529049665624427,0.040388380410486466,-0.014248187284016101,0.0023771207874803122,0.007805093502576268,-0.055883855906692474
2013-01-31,0.08009830234825276,0.029906244945851194,0.04752111905731363,-0.009495174756607792,0.026684181970671537,-0.09219358326143247,0.026644594322448513,0.014946542177565754,0.019774348329756664,0.04005852572462409,0.02830157953075842,-0.004805990879171041,-0.0002072984357940101,0.037275260533134166,-0.03682071594242799,-0.01867923597090892,-0.005213399670628855,0.04432932359270643,0.03083452323933368,-0.0446389131807687
2013-02-28,0.0337169260802156,0.07538403437995217,-0.0023587969871814215,0.07471936017582664,0.0022629632256590095,0.017396775701053514,-0.005798421058535685,0.04120950741971288,0.01637753530818226,0.011166792494639897,-0.0011640077728105958,0.0023622093017302264,-0.008683560026895843,-0.018094766065919313,-0.060059829805161946,-0.014283587493205064,-0.00596860238876381,-0.021204944799875704,0.0004255067586185924,-0.11285562933019858
2013-03-31,-0.036084636085975834,-0.0005228237269927588,-0.06641284587899283,0.02933701114591371,-0.002955434949031362,-0.05214095825627278,0.08778371380905488,0.004638519087956597,-0.03267221675468139,0.0034135270198330393,-0.018681499385636784,-0.01892256421750172,-0.018934149486786497,-0.007628761045865238,-0.028084520441842304,-0.0189329953797198,0.01091015729028779,-0.01965832877017018,-0.011135575723728124,-0.028810742606160962
2013-04-30,0.03557646327856796,0.02462106581681216,-0.02734672687062468,-0.007885706042705724,-0.02630955558742595,-0.062407794105800427,-0.03190688395617597,-0.018875090039822587,0.010778168671657762,0.0316810041389037,0.024013358399989866,0.0023365217215796505,-0.04349351724807331,-0.007265208390098785,0.049584426893333054,0.024297278270385324,0.023937142018525336,0.019837500827172033,-0.0032079572944656645,0.03812370178104692
2013-05-31,-0.038107213920013414,0.022040970323061914,-0.07068854167508978,0.016960355210862556,-0.012981183495591606,0.04632252455212779,0.05859336035069346,-0.001936404312933293,-0.005805878308515116,-0.003590093163020767,0.04587851849499248,0.04629763974138224,0.017446553814485836,0.03947375840682491,-0.06435280828346351,-0.02452990704632447,-0.06347320843433654,-0.030400921713263453,0.010119291698644861,0.028061492254096224
2013-06-30,0.03891942554167666,-0.009423100181645383,-0.006655418684884718,0.0410000745730806,-0.0379912417723518,0.10313070233532089,0.0260741525781975,0.01770771466507664,0.009401000538797848,-0.01881212558699724,-0.0034693046099269695,0.03925210378935194,0.02898443479820079,-0.009243136573440953,-0.11385639698232883,0.015229181568721155,0.03619946020015119,-0.012873581321054399,-0.027737773025206802,-0.007292503993227999
2013-07-31,0.058774806781376206,0.0223246948716379,0.012127973583138985,0.03583972506076914,-0.01551038872527653,0.04517964652399489,0.03789253048391471,-0.05513947122089788,0.0186396979410901,0.012351577052201714,0.03642502337857029,-0.021082133303964398,0.03042887938733549,0.060595819690210856,-0.0031658307305827502,0.044011488648934345,0.024649526513984256,0.02346330307814315,-0.004104284571883705,-0.00266027328912159
2013-08-31,-0.02165793132564354,0.005344983225394598,0.05955290238730412,-0.044364669156363216,0.02117771201013179,-0.09052946447287515,0.05830252817859792,-0.11354996669239212,-0.009998217035423751,-0.01378563855030248,-0.030001671728105164,0.026621333475105792,-0.025882846940673353,0.0212142352093017,0.022631700150994045,0.01612051652215516,0.049328654883076854,-0.01072701249210158,-0.008693394876117347,-0.024561721908518564
2013-09-30,0.05123294742295904,0.016750949214649313,0.022076744729830393,-0.008793519547771583,0.02961346773369994,-0.05646129999033996,-0.0058049931341892826,0.009930085029390166,-0.0070385990843477575,-0.0159338265349977,-0.024832360711515664,0.022488498112878275,-0.007350290468405922,0.009339704943998172,0.04477192528091133,0.004062263268837042,0.013587453495640955,-0.007797335180804281,0.014611757458082915,0.0064455566532689934
2013-10-31,0.020885658277964,-0.028943036747550548,-0.006606851425958718,-0.003383555270765716,0.012381047350412152,0.04727299706176358,-0.04770474657156651,0.01820424969076852,0.0062918921841320224,0.015685576643664684,0.03293176744592102,-0.01374907803666564,0.017818504443791898,0.027075476310919,-0.0006948344105944006,-0.0015150709753426438,0.056606618345451186,0.028833243223240997,0.021054897916786188,0.03356248907782795
2013-11-30,0.032335634164347704,2.3948036241912447e-05,0.0252367817445478,-0.0011610628440729253,-0.017838134332115955,-0.03480361898329446,0.03342405341109443,-0.07162472504469912,0.021774793877745162,-0.01070679515217433,0.04638657830098173,0.030373046285870325,0.01924108647953044,0.014811300489247782,-0.011529926118768963,-0.011505134274730492,0.022021876289551587,0.010654412088329764,-0.014011264823168473,-0.05794586218460304
2013-12-31,0.06727659335746866,0.015087695266306989,-0.08128776186173002,0.017432416409361436,-0.004345961109741754,-0.0031530315435945285,-0.026957776175995957,-0.034499437480946984,0.010386676411215191,0.003986715207278245,0.021598326066614663,0.05581254433711105,0.02548159124370584,-0.03842643725947308,0.05519860907790654,0.03618127631881213,0.056684855356318904,0.012713642812248054,0.0014077361399383575,0.0191271836977389
2014-01-31,-0.0027402154699066954,0.06179145125836996,0.009031393076875525,0.010881360466895144,0.004464791749577198,0.060029084962258616,0.10413824078256285,0.043298381575447895,0.04077717985667967,-0.027161913175641372,0.006087229176348851,-0.019395907803422374,-0.005777242807020041,0.004549394816377493,-0.0629182181700977,0.028415605058482715,0.030422198623382524,0.004678287374938498,-0.0016945797205606909,0.03991586198551007
2014-02-28,-0.01017330591784061,0.052870818197739804,0.03811943482565059,-0.027621245653350647,-0.006664630885414934,-0.05334760571407641,0.0004605451818202695,0.07132197290810095,-0.0057664145166949725,-5.98652737258433e-05,-0.002590523653442963,-0.030264042050465498,-0.0032918268374703356,0.01574139707842788,-0.02093522905421688,-0.005215733890831282,-0.007585398100633384,-0.0005042741952983251,-0.020076283589000377,-0.018368404543588027
2014-03-31,-0.03044092203311576,0.08607287980372959,-0.052921047057622975,0.013262831682678593,0.029184771506714263,0.01913301896628511,-0.010794585731464051,0.006373814849904152,-0.0025782591113265776,0.008524751974640404,-0.0221257778304442,0.038827825890590986,0.01858587604604696,0.006473134600172894,0.015049756990709129,1.7189889421438329e-06,0.08643614892415771,0.004404146843892098,0.02071508165390612,0.03297140680739065
2014-04-30,-0.04333778658283115,-0.04821324124941529,0.019765832171618643,0.005231567288930372,0.001568912928597191,-0.06790873919472118,0.00925728497190368,-0.024186918701600526,-0.01788463409709256,-0.011631995777755188,0.023072051065915842,0.014100124586855374,0.0390923169583714,-0.030417308869388354,0.02222047659163719,-0.036148071860290995,0.03605123445716314,0.010837903525663845,-0.02106494308151804,0.12351067080462019
2014-05-31,0.0024929060630417823,0.03737209673540774,0.011601517602997838,0.02250754976281818,-0.000606980947041447,-0.005673762619484594,-0.035635424993061285,0.015319912567342076,-0.020161476147989063,0.021247799402489033,0.03241553418090809,0.024324335053927424,0.0234388652322795,0.005393706118611456,-0.01373643032494753,-0.014410706191950716,0.027384329152053247,-0.002707161751897388,0.030087563974246313,-0.00022170934458904876
2014-06-30,0.03359551091321631,0.025245605715698588,0.0021068602823318613,0.0554549639283006,0.020035486541958983,0.02545873493237761,-0.042460747561076026,0.04991200207778521,-0.01271679786286644,0.031174313278865544,0.001794733768021855,0.022337778250471972,0.029563420894192966,0.05327862828395431,0.011991881197398125,0.05101149629205277,-0.03172316220855854,0.006572949206016931,0.02136957769222164,0.011319788594599646
2014-07-31,0.03449774429160416,0.11004787584470992,0.04063313159544604,0.050615479600323005,0.02677364929170008,-0.06322016881034853,0.07174678492819844,-0.0013773984902436462,-0.0008970429291966144,-0.03810911626168688,-0.01490965720109095,0.007553067354218271,-0.0033469289061952637,0.025651261750126518,-0.10438088987601665,-0.030830193469719096,-0.048370373932133705,-0.02290255418442535,0.009454098375629967,-0.034591095484638346
2014-08-31,0.03564930965265734,-0.030698748886282948,0.07687700579433869,0.019449770269551536,-0.03537400676618084,0.030562040557145648,-0.031170792779229645,-0.03185671651812894,0.015415656836291437,-0.007849603145699182,0.016903772469780625,-0.029564416878440275,0.04066914081931845,0.00569435122145835,-0.019088706710642524,0.012033541918663175,0.018318798535316375,0.005406692000350972,-0.003461727231482174,0.010838339017515458
2014-09-30,0.015411829566302208,-0.022575677449762563,0.015968399859115842,0.011506248798195336,0.008528028203228066,-0.003687417076301932,-0.0549695432260221,-0.027642813161532893,-0.019629273255280452,-0.011354688546614816,-0.004762150820069883,0.035863766602218884,0.013638855694236769,0.027570844373649695,0.021668752798865418,0.02547437865992612,0.009916496911429503,-0.010688401722785196,-0.001682822185897913,0.017060265003314375
2014-10-31,0.04078717890852827,-0.03987019582079082,-0.008860954027035826,-0.06767837339287283,-0.026894274834076328,0.06390379337952812,0.04580194704417613,-0.010709886265540949,0.013257376294883562,-0.019555445026669165,0.00024567884442801887,0.03476588020913042,-0.021048925931363857,-0.009904660219827398,-0.03996402502605936,-0.025667259795938563,-0.020689172556213657,-0.020299065766844857,-0.02743909895705201,0.020201613082365844
2014-11-30,-0.0010003813027575632,-0.08107641041342012,-0.01191989497219854,0.02157658710099846,-0.01228160382676192,0.018460350244461646,0.046808370374068514,0.0025263108183762656,0.005638882275881978,0.03058975452367961,0.06990848706973131,0.007486459113342313,0.04575571936294049,-0.02995475993850584,0.014634471339730074,0.017189698667304593,0.01838688745477582,0.015476088833721036,0.000776838781093657,-0.037719628403878505
2014-12-31,0.0787193553420805,-0.04505295189928815,-0.05399708522111194,-0.014628587983643273,-0.02736276562854785,0.08937816216424387,0.031585909737937755,0.062074855015655614,0.005169829962541672,-0.0007530079262605954,-0.001212061395807732,0.0028600248870205023,0.019061956874256176,-0.02055246070848689,0.020016084595960097,0.022656055994915585,0.05785134566525163,0.004708357025473891,0.007517951743130884,0.02474042924945525
2015-01-31,0.026314137918948925,-0.030699992642756153,0.02639567505715365,0.011303482303434004,0.03644219963724785,0.04324081820282033,0.06937504433667153,0.04042336682848009,0.02112695135587434,-0.00847841184306833,-0.010362608027893277,-0.04650803250787135,-0.01416496773758649,0.03516208726893656,-0.017570383212003295,-0.002616728738351109,0.021069620037057243,0.007804614065659405,0.014469078187597764,0.06197988897440224
2015-02-28,-0.015409231428836469,0.018522452913719862,-0.01811407614807868,-0.02717256341192003,0.026455322027766525,-0.009666595253758445,-0.02484847124492913,-0.0012558301503363027,0.027475819223364416,-0.027539702812264623,-0.0007021947674035016,0.029963457802261697,0.002164077977405674,0.006591256402691101,0.019983343675230615,0.07327336265775865,-0.024506530938716985,0.005089763519327313,-0.00788387197020591,0.016177573717857385
2015-03-31,-0.037579449389186725,0.011910604303583892,-0.0012796722717813873,-0.03515063933294811,-0.011236576619876712,0.0061821217306128485,-0.0691381325620999,-0.019043024032626497,0.008490524577815812,0.026145494218644035,0.03421286644833439,0.03031515732835846,0.019188677998316653,0.00603021593054771,-0.02632002175875324,-0.021302278573853334,0.009357283898833708,0.017525965481886008,0.002996014819883641,0.04346730696597073
2015-04-30,0.02989114232772695,0.08520270458028585,-0.008841174297282274,0.04570104098119111,0.02167822115418022,0.018564289724430527,0.04154531072019123,-0.0779069426683353,-0.014029187819173963,-0.02601015744226886,-0.0029665785651598713,-0.0011502546694070821,0.010044736739839105,-0.008459208388509325,-0.009390426724777301,0.02167131626578195,-0.027427498888710187,0.00678351534700235,-0.006562323846628174,-0.008929285635493842
2015-05-31,0.003804348870027679,0.0471859063061424,0.022969391228415875,0.00950948331239134,0.03718417053071027,0.025458687308875377,0.000620541545546251,0.047660459246675314,-0.03425389759047821,-5.13753523583068e-05,-0.01627587656029613,0.03211993633339487,0.0026389692201756673,0.045328270060583965,0.02191236207157011,-0.004760555039384941,-0.01428509337085771,0.0039256653272369026,-0.028159167799984397,0.02989744285631217
2015-06-30,0.004923439301036357,-0.04789940708638175,-0.014928320027208123,0.00012822344734413765,-0.004949104290644386,0.020258184242100123,-0.0010777730441170648,0.0076568732778898255,-0.016869987117282274,0.00015195357145886094,0.03070887241312354,-0.01447845373055209,0.001005881109406772,0.034069402804518575,-0.00040686430719681123,0.010328226287535722,-0.01949959158037718,-0.021233933931944664,0.00020944699867222506,0.02797803746355214
2015-07-31,0.00512837701837909,-0.05199819795977806,0.01773304257645557,-0.012303880261407645,-0.012610281897385306,-0.07339829104492675,0.014957238052120583,-0.04644535026588906,0.007103740917441063,0.039004495712547965,0.04954284232185418,0.02784247778994514,0.05011141143324921,0.06511257358365775,-0.013644239681415465,0.01980732826228958,-0.005413666415482626,0.011027588874425526,-0.005159372820036438,-0.02466108676793133
2015-08-31,0.00671006119781761,0.025972121663369176,-0.012897399694022857,0.009202790005360369,-0.004735012617091177,-0.03201764368777989,0.021610779879944923,0.1165310612366306,-5.728303028585714e-05,-0.012033357695022345,0.0015447342708214216,-0.013474053147064362,0.03985448027370144,0.010474954997821443,0.02313697874816592,0.00026814467546393446,-0.027387247593090934,0.019149578112147306,0.008138814422669116,0.014300209885098789
2015-09-30,-0.016376682606540315,-0.04259657112474075,0.00027271919433098646,0.04405743314842927,0.02621379011860437,-0.047543570074341075,0.04502263166091407,0.037881217890900175,-0.009339474799367899,-0.06994226367504311,-0.053677112296712355,-0.006857828711160555,-0.003226449712205941,-0.000452090184853619,0.020348001878198588,-0.0022101675909931943,-0.011105010489816278,-0.008957513600301902,-0.018336810219371343,-0.03953094296823378
2015-10-31,-0.04741387564826042,0.07878664251501709,-0.03030689045187759,-0.010311853008946143,0.013636217570534877,0.08786345094096451,0.06836339522873276,-0.04918940822089042,0.0031213324638147575,0.006130130266446681,0.030465750343607993,-0.001921698570451968,0.023828203987712866,-0.03629366507188858,-0.08007803139925598,-0.035796751204940205,-0.016596143281422157,-0.03397983961938774,-0.014581548752808315,-0.022125932761544925
2015-11-30,-0.010665166563759935,0.050144393140880074,-0.014457523385961273,0.00760486960706028,0.021141281679439208,-0.05312765816568864,-0.016031907607983314,-0.0035897567733911284,0.0007483853481248196,0.04202471909567296,-0.011395554044518242,0.011861273505734673,-0.02063859531934944,0.040483882327686294,0.04949644203377904,0.016988460852741114,-0.09536151394406518,0.0050626855797336005,0.0004902561242882482,0.011129212463269145
2015-12-31,0.04548364417600961,-0.008144121658940994,0.021917158469539726,-0.001970539715234176,0.02486240118520122,-0.019831683035879594,0.05116640949723021,0.055388594606691016,0.011180018004156935,0.04719530972715579,0.0438927984886998,0.01149610319962709,0.030055750453517813,-0.008528070302660017,0.007017526901366098,0.02759268001245347,0.09180823931736565,0.05558440919542557,0.013933352011287682,0.010993397661424278
2016-01-31,0.012715459891918478,-0.06809243906581233,0.025310240787383424,-0.01044740704831278,0.02344215288632551,-0.0459864479193173,-0.010102349512443189,-0.0072894435951624415,0.008316372121024991,0.01047179606233931,-0.0432632070346855,0.003124867516392707,0.048153515911122685,0.010694125731004818,0.021982568937724718,0.019320479004740886,0.043581874937022765,-0.0018681374428953733,-0.0039083934911674076,-0.04250024648801106
2016-02-29,-0.04529510166380418,0.05169763040423628,-0.03607910975028234,-0.01121104314905232,-0.011896439447421636,0.08448208025796772,0.03513530701710273,-0.027916737124471604,0.008223729371216636,-0.00837926183488917,0.027042815595986546,0.026642233906217953,-0.004012559647828184,-0.02627747361560356,0.048381375502083525,0.023707470122156238,-0.010727377941598368,-0.012137174084522216,-0.014010536775981727,0.04774398621453871
2016-03-31,0.00872335703596541,-0.005619621590536645,0.026598088117801913,0.008564033332097919,0.02608881034140579,-0.014235800506496938,0.05879013951082216,0.029350536680999094,-0.0069864767188110586,0.02670300010970313,-0.019723090762733708,-0.0019447246326429017,-0.01088450694641245,-0.005597902075547392,-0.045573272872850165,0.017528276115654176,0.010790558247043874,0.013935708171646341,0.011246619213083873,0.027693694798954484
2016-04-30,0.020523828175653406,0.05342580893148505,0.04703598406270169,-0.010321823552969836,0.008638200193550471,0.0732114899510654,0.013336559616240341,-0.03149223709740896,0.03849778947559521,-0.002834836818570047,0.038417481432313626,-0.028273915615930408,0.0013141413491343512,-0.004210622380307,-0.011711906477653767,0.02059159634428251,-0.02232331786601434,0.02051146869446742,0.040773898698023,-0.024322400389817346
2016-05-31,-0.032660818882159826,-0.06867627569573605,0.008337655607294664,0.039524350292539506,0.037753443960897366,-0.028717123536091172,0.024775333888373836,0.07198667261079071,0.00751596890582646,0.0192801953841138,0.011656765115592979,0.06089327733030288,-0.017134859481942485,-0.006600342980476479,-0.003109865409741221,-0.008665738259030518,0.06757679196340835,0.02684209339418134,0.007761887928320579,-0.053431905534427795
2016-06-30,-0.0026424598707779686,-0.035983557329196156,0.0498420297199139,-0.03868315970087503,-0.023146846754968288,0.03352244087637552,0.05389923690074222,0.04952937442576188,-0.004363520321541996,0.006227655231374255,-0.027213343581301022,0.03656446604991702,-0.02358625640076395,-0.018546844224451957,-0.03642525746880962,-0.01885461165014544,0.06080682680469164,-0.026999141460278073,0.008191415169246524,0.004959480245349044
2016-07-31,0.01842173776293404,0.01313262705665321,-0.014834212418157607,0.009046714612075098,0.04801972480473478,-0.05313328535711573,-0.02816246303573373,-0.028198524625240376,0.020067123354125208,0.03177274595338493,0.0010102050512534018,-0.02694480946566604,0.00019075026687363598,-0.004791684078205249,0.07753169656697464,0.03415890352080156,0.015297808492851542,0.01960107635545536,-0.01709156365608159,-0.019095089939920814
2016-08-31,-0.022472999222589475,0.01765954512496986,-0.0278528167464099,0.003592372883489069,0.021279983338399852,0.14811388473603485,-0.020734690559536265,0.06262646553682638,0.009336694001885562,0.06366165235400977,0.02594790103147805,0.026966989801000533,-0.027812242628278305,0.026096101026170285,-0.02887217674569293,0.03575749652536618,0.04139392620820382,0.013758201394943827,0.004848082721725504,0.0013746441206936777
2016-09-30,0.018786142617156294,-0.01591446040887973,-0.059200547122358595,0.05203834901906349,-0.008420351542031282,-0.06789059695020397,-0.05094410627212032,-0.0034880081120478596,0.030005153612516527,0.02408047972055753,0.02059227660783427,0.0021572347106984108,0.01554586721911863,-0.01243179813077866,-0.007157946908000003,0.011099234294279031,0.02215942817150753,0.011504203298380773,-0.006046683796002705,-0.010582460325385925
2016-10-31,0.021493689380319217,0.02301273582282227,0.04634451559300178,0.006386758555087336,-0.00988136036606846,0.012561001432098866,-0.0965874540881726,0.018424079015697824,0.013466112516269951,-0.001151710522193307,0.02660685386780519,0.017926263764839794,0.030063367051081903,0.014142225975019298,0.0165607307713204,0.010493476747223628,-0.0359651690042216,0.012942988629448189,-0.01873741748084793,-0.07260811435513734
2016-11-30,0.03953879235245923,-0.04666362370286378,0.017047599652800484,0.03278830089371722,-0.007703623099049707,0.032766046301358535,0.07379036087526775,0.006214849798855442,-0.017038928112340618,-0.007948529394649574,0.045981375077488534,0.0019453256497273391,-0.029602120373897676,0.02211877317046877,-0.056140552080785125,-0.02591697906114835,-0.021224601006799088,0.007397587106318982,-0.023473141442827687,-0.00874590377915967
2016-12-31,0.041606334850456235,-0.005924511241828848,-0.0037167184420378785,-0.04656126439003012,0.009742482639157576,0.03294249570994319,-0.04599311938767764,-0.029651832520467342,0.01121514712470922,-0.030793622686937614,-0.032719100245562176,0.00011756307599087505,0.04127272747939631,-0.007515354833148951,-0.0106359538031009,0.030274190520290813,0.010853917731347812,0.018314535641118266,0.021798487432714703,-0.00707371171853381
