,SPY,QQQ,IWM,EFA,EEM,TLT,LQD,HYG,GLD,IEF
2010-01-08,1.5106793667832759,-2.628395961702331,-0.9749380962412942,2.789169454862707,-0.9400819398431175,-0.13074862915349703,-1.2421741733122844,0.6111852287445994,2.123368973190827,-0.11806422332888493
2010-01-15,1.5033615530335038,-2.7230945859877695,-0.9463907345891425,2.807381863359785,-0.8858860923356044,-0.041279746015914484,-1.289293097422091,0.7265666288576815,1.8202108786734474,0.028423332426104155
2010-01-22,1.504126196431646,-2.713931341002273,-0.9495567608030877,2.8054941854846627,-0.8912414568127096,-0.04997746290551537,-1.2846566543554128,0.7154813148959117,1.8497017711758386,0.01456020789094028
2010-01-29,1.506176620467514,-2.6833781812912676,-0.9562384337977653,2.799762096487073,-0.907913051593763,-0.07928270990372424,-1.2691904590834593,0.6773411638777793,1.9477669899880563,-0.03504403515044272
2010-02-05,1.5033920981305007,-2.722722424926605,-0.9465151089250332,2.8073053346965215,-0.886102223527695,-0.04163384269051455,-1.2891042317927277,0.7261148120163051,1.8214092688652257,0.02785631815402203
2010-02-12,1.5040828660117396,-2.714475133384258,-0.9493846520082437,2.805603905691168,-0.8909285101735946,-0.04946013600898826,-1.284931873068355,0.7161438806015287,1.847953060462847,0.015396591876156407
2010-02-19,1.5042667329509452,-2.7121319646964634,-0.9501041722018899,2.8051340903668973,-0.8922701404879622,-0.05169120773431466,-1.2837456003975811,0.7132821207727547,1.8554868259406667,0.01177331548694811
2010-02-26,1.504097917680005,-2.714285327043112,-0.9494441521998469,2.80556566743251,-0.8910375609723022,-0.04964077485273135,-1.2848357793772796,0.7159124289025207,1.8485634349454805,0.01510414548475616
2010-03-05,1.5036708566636838,-2.7195004607702202,-0.9477048986137906,2.8066310171260236,-0.8880090071735681,-0.04468585101545401,-1.2874750340445849,0.7222402268095058,1.8317846480353217,0.02304850298308301
2010-03-12,1.506336116996589,-2.680584103967569,-0.9566298925174032,2.7992712179846375,-0.9093719418729082,-0.08197987649228167,-1.2677788640079686,0.6737854643615161,1.9567248179604206,-0.039772938445032754
2010-03-19,1.5049118772489032,-2.7033358596218005,-0.952455500619093,2.803420229806755,-0.8971991392509736,-0.06009458412129494,-1.2792903546066445,0.7024328125996313,1.8837438919538116,-0.002133373389294668
2010-03-26,1.5022880512815309,-2.7343538384658426,-0.9414675004402777,2.8098456306766737,-0.8789844800658411,-0.0306736413291393,-1.2949758529820345,0.739877718618383,1.7838834222051552,0.04456049050139299
2010-04-02,1.5051493063439718,-2.699905103830715,-0.9532624980516864,2.8027684078743826,-0.8990881639398006,-0.06338022838048452,-1.2775533989980183,0.6981680187113429,1.894756880856562,-0.007653220585554709
2010-04-09,1.5022188532625242,-2.7349960511511955,-0.941124981599865,2.8099941869309744,-0.8785714903279134,-0.030074124790041123,-1.2952983903764328,0.7406181320058473,1.7818068267752323,0.0454270392708704
2010-04-16,1.5019208130911488,-2.73782380451773,-0.9396697602423553,2.81064332503039,-0.8767697454619506,-0.027427313566984867,-1.2967218319441849,0.7438961202391706,1.7726617907543336,0.04929040661816293
2010-04-23,1.5026775076190488,-2.7303996932211305,-0.9432916138807881,2.808966100021469,-0.8814378633517608,-0.03439229111983551,-1.2929805735730824,0.7352304904685869,1.7966530421247164,0.03897489491277586
2010-04-30,1.5043479018301855,-2.7110789672418933,-0.9504162441111987,2.804924615472973,-0.8928695952140228,-0.05269466952382693,-1.2832124827046276,0.7119926892245839,1.8588714940685438,0.01013525819928347
2010-05-07,1.5031989364542357,-2.7248796673085596,-0.9456681992717948,2.8077638733387555,-0.884809927715321,-0.03959433094232212,-1.2901944107394907,0.7286939172778238,1.8144581333447571,0.031031675561916217
2010-05-14,1.505473135206089,-2.694954636314328,-0.9542801512692802,2.8018484213365915,-0.9017692261916771,-0.06813401133360157,-1.2750463023146867,0.6919684378187423,1.9106415321441639,-0.01574719908201283
2010-05-21,1.5032897002654464,-2.7238874514898477,-0.9460726936389602,2.807551118481295,-0.8854089958294376,-0.04053094276553173,-1.2896934495025723,0.727512339965263,1.81765602598126,0.029584348533084982
2010-05-28,1.5062843774570391,-2.6815455413775644,-0.9565201231032032,2.799437189524604,-0.9088776209795368,-0.0810490064836555,-1.2682653446157202,0.6750171107490385,1.953642409768722,-0.03812345093972356
2010-06-04,1.502053426749006,-2.736675752270739,-0.9403512192849293,2.8103690212530585,-0.8775297526247506,-0.02849268177820985,-1.29614737078426,0.7425937658544777,1.7763787057955907,0.047801857090756086
2010-06-11,1.5064364583731904,-2.6788016024795427,-0.9568684441065833,2.7989600156457093,-0.91029945348134,-0.08370128479919488,-1.2668788967750144,0.671513625136565,1.9624391803151593,-0.042799597828948245
2010-06-18,1.5064351401006835,-2.6787791069484306,-0.9568509283284792,2.7989583797396707,-0.9103047937337498,-0.08372541204263335,-1.266866746702502,0.6714782028084129,1.9625114516743316,-0.042856186567303126
2010-06-25,1.5043459748679144,-2.711095010875477,-0.9504060627255541,2.8049284256771507,-0.8928587630247202,-0.05267997765428558,-1.283220388166611,0.7120105894674236,1.8588198205834345,0.01015539185072507
2010-07-02,1.5042828813008882,-2.711922359637102,-0.9501662137319429,2.8050923841684847,-0.8923894373796465,-0.051890980214255714,-1.2836394559778854,0.7130254156045484,1.8561605951901101,0.011447170676801389
2010-07-09,1.504478127726577,-2.7093545718291234,-0.9509063369688386,2.8045844577163175,-0.89384480348285,-0.05433973121310922,-1.2823391910467072,0.7098746723865305,1.8644129519298278,0.007434424781375881
2010-07-16,1.502457080189764,-2.7326548757133953,-0.9422641780455286,2.8094657882691854,-0.8800426439747717,-0.03227059867628124,-1.2941186240326608,0.7378846821364917,1.7893717493820234,0.04217162046517311
2010-07-23,1.5039342279857968,-2.7163181244880557,-0.9487875894008265,2.80597779717755,-0.8898636562331012,-0.047707837239291576,-1.2858646082705072,0.7183853074530029,1.8420251913735057,0.01821929164192655
2010-07-30,1.503962100435672,-2.715987229347326,-0.9489040661920984,2.8059095514793446,-0.8900577414205403,-0.048021498257508365,-1.2856974521271993,0.7179858143335098,1.843089819930917,0.017720701165228992
2010-08-06,1.5075723829266867,-2.657470031545185,-0.9592036598552225,2.795335234156414,-0.9212557849793921,-0.10433145496808183,-1.2561495666074545,0.6441648655255569,2.030815706624693,-0.0794776912780141
2010-08-13,1.5060715527000275,-2.68508931828921,-0.955940164290632,2.800069948870869,-0.9070016696893628,-0.07763714354955656,-1.270053609093111,0.6794997763508799,1.9422807797283688,-0.03220015273827315
2010-08-20,1.5038365190436955,-2.7175141359200747,-0.9483905283566696,2.8062219147724714,-0.8891696737981235,-0.04657130364470206,-1.2864699604709877,0.719837069686375,1.8381772844440545,0.02004281424396126
2010-08-27,1.5035421505647713,-2.720989198241182,-0.9471557257251251,2.8069422466058294,-0.8871281053728088,-0.04327590089426092,-1.288227536713737,0.7240304914017311,1.826991264026398,0.02527031434838376
2010-09-03,1.5037750822445175,-2.7182424604841424,-0.9481336285689401,2.806372454898388,-0.8887423536682929,-0.0458806703301482,-1.2868381617738938,0.720716404530661,1.8358333713102077,0.021139961841643816
2010-09-10,1.5021458152199405,-2.735723095895383,-0.9407787822094237,2.8101576608253707,-0.8781170273661563,-0.02939089445566987,-1.2956653273985204,0.7414696262489429,1.7794571087226416,0.04644491630825733
2010-09-17,1.5049420194756808,-2.7029256662597216,-0.9525657661448325,2.8033406108170618,-0.8974292707368552,-0.06048600910802469,-1.2790830709533665,0.7019272898188812,1.8850609991474532,-0.002781136056276967
2010-09-24,1.5039347759071495,-2.7163126902918697,-0.9487902101002484,2.80597659500713,-0.8898670654297804,-0.047712911737385344,-1.2858618910796449,0.7183789733558622,1.842042692691733,0.018211731677053766
2010-10-01,1.5030278460921307,-2.7267323327258355,-0.9449006722927569,2.808163128878922,-0.883687561742709,-0.037846102201344545,-1.2911299336892479,0.730896721711045,1.8084851958510122,0.033723710118783765
2010-10-08,1.5045787514653557,-2.708001156865205,-0.9512787210791223,2.8043192991722483,-0.8946064566542358,-0.0556317927464602,-1.2816537923223943,0.7082086235621394,1.8687612758415206,0.00530396962615276
2010-10-15,1.503553016634594,-2.720876118781587,-0.9472059765612109,2.8069176075211137,-0.8871976916113731,-0.04338209559086659,-1.2881707017476307,0.7238972241786373,1.8273556230166463,0.025109112941677038
2010-10-22,1.5054282445757807,-2.6956414898251895,-0.9541391906613985,2.8019757648543773,-0.9013972352175104,-0.06747467696521263,-1.27539380191236,0.6928285475048671,1.908437947116024,-0.014624109469377266
2010-10-29,1.5041083388746759,-2.7141538422086553,-0.9494853284912403,2.805539187683979,-0.8911130917174829,-0.04976590883316669,-1.284769215667591,0.7157520846434152,1.8489862510508899,0.01490152466517607
2010-11-05,1.5034294445260246,-2.7222755536914987,-0.9466697225015721,2.8072128745634015,-0.8863634026729293,-0.0420584137783989,-1.2888777066005008,0.7255740040732017,1.8228482990921802,0.027180176990092876
2010-11-12,1.5022650183496717,-2.7345473299533043,-0.9413472035060153,2.809892362381104,-0.8788546722704522,-0.03049482754729289,-1.2950723290968424,0.740095367044861,1.783257177626742,0.044806436971528016
2010-11-19,1.5041018868803486,-2.714233276503875,-0.9494592254021276,2.805555325119756,-0.8910670766715449,-0.04969044556238278,-1.2848093797150193,0.7158485598602877,1.8487307876055425,0.015022844389014533
2010-11-26,1.5016373383619526,-2.740516740251915,-0.9382880894703675,2.8112627960383607,-0.8750553026728729,-0.024904012989344304,-1.2980792856625136,0.7470207549672642,1.7639477520259248,0.05297478965351123
2010-12-03,1.5049720372605566,-2.702498067114655,-0.9526696684296979,2.803258903177214,-0.8976657267210184,-0.060895238641331326,-1.2788665994589599,0.7013967662890574,1.886433793085375,-0.003466199446540319
2010-12-10,1.503522814951792,-2.7212180278057727,-0.9470748499011364,2.8069897201965004,-0.8869938194655,-0.043058752130338454,-1.288343389616204,0.7243068289090031,1.8262544865125805,0.02561498834907532
2010-12-17,1.5037948000068515,-2.718013973098013,-0.9482176992161705,2.806324816501102,-0.8888774992547569,-0.046096970662686546,-1.286722775979728,0.7204416468161058,1.8365688091209615,0.020798845766334485
2010-12-24,1.504586267001725,-2.7078837368629887,-0.9513014825987899,2.8042974003760435,-0.89466955469269,-0.055744925460983065,-1.2815939713987228,0.708061014758534,1.8691383345697254,0.005110654308146589
2010-12-31,1.5070332700062863,-2.6678978718516273,-0.9581922234169011,2.7970832751914885,-0.915935932512688,-0.0942379914166465,-1.2613855190440375,0.6575751723224809,1.997390435391928,-0.06143261467028305
2011-01-07,1.502932356116038,-2.72778696965782,-0.9444789061509061,2.8083889972952525,-0.8830534456198478,-0.03684889588122897,-1.2916634525880966,0.7321557721045993,1.8050847034611484,0.035269840920861384
2011-01-14,1.5046949212541345,-2.706411338749775,-0.9517003899169044,2.804010087506106,-0.8954963217506371,-0.05715079895380213,-1.2808486152178193,0.7062467615633506,1.8738680664390597,0.002787627826287853
2011-01-21,1.5030455333674715,-2.7265384427318393,-0.9449792636039789,2.8081215093422003,-0.88380447425879,-0.03802929011431542,-1.2910319195350581,0.7306656071533412,1.8091103274892295,0.03344041289173978
2011-01-28,1.5034807909112577,-2.721673720006371,-0.9468862204027735,2.807087466924804,-0.8867177558131202,-0.04262924926084573,-1.288573034641773,0.7248483475394718,1.8247864280537573,0.026276946695592596
2011-02-04,1.4992530259036956,-2.760454885234627,-0.9258716103397584,2.816160175233469,-0.8616741616443132,-0.0063753241198506675,-1.3080913207096994,0.7695202257548115,1.6991603180572525,0.07837355709902058
2011-02-11,1.5041925805701355,-2.71308734485628,-0.9498171379548364,2.8053247868462705,-0.8917250765198167,-0.05078098779758444,-1.2842293719015414,0.7144508912355414,1.852415482516348,0.013256177861763785
2011-02-18,1.5037716889848272,-2.718281836795278,-0.948119178633488,2.8063806613770987,-0.8887190755694047,-0.04584338881702932,-1.2868580495314217,0.7207637679443029,1.8357066282162997,0.021198782824093865
2011-02-25,1.5009929546057348,-2.7462676956769476,-0.9350371541694159,2.812626551092268,-0.8712996660081146,-0.019539062081346304,-1.3009715547605922,0.7536043056771018,1.745308390838114,0.06058293048319809
2011-03-04,1.5054660066880345,-2.6950626156371125,-0.9542574262162248,2.801868498799382,-0.901710568253154,-0.06803042769200873,-1.2751009024805053,0.6921034681797683,1.9102951127632828,-0.01557114615146169
2011-03-11,1.5053221048336751,-2.6972595217046713,-0.9538041427225403,2.802276436122429,-0.9005201005206113,-0.06592148269384249,-1.2762127497951146,0.6948539158474023,1.90324647977714,-0.01198093914386611
2011-03-18,1.5035042768763502,-2.721439772927643,-0.9469980443742128,2.807035554377654,-0.8868641839681585,-0.04284814552540315,-1.2884557302680364,0.7245751191731787,1.8255405388018304,0.025950387834440834
2011-03-25,1.504856913300802,-2.7041386669810663,-0.9522714662839306,2.8035725387185364,-0.8967586866316184,-0.059324876932315765,-1.2796974098727272,0.7034325126827914,1.881166413601857,-0.0008372716023287375
2011-04-01,1.5030803496703122,-2.7261581621835576,-0.9451344093262165,2.8080397884690806,-0.8840340948432817,-0.03838844472128113,-1.290839748250317,0.730212655883005,1.810336382503909,0.03288568279834667
2011-04-08,1.5027682430377802,-2.7294466939022928,-0.9437071538916717,2.8087574466800307,-0.8820216296566826,-0.035290428221882844,-1.292499260356247,0.7341032513793451,1.799728425569605,0.03760779936201599
2011-04-15,1.5016695146438483,-2.7402159799343955,-0.9384463724180888,2.8111930628403647,-0.8752480258851794,-0.025185521607816907,-1.297927757057358,0.7466729574091798,1.7649213866542097,0.05256673535523584
2011-04-22,1.5056549046793355,-2.692084273283143,-0.9548234098166182,2.8013223684793456,-0.9033097875300775,-0.0708937005963656,-1.2735935506143805,0.6883595563534284,1.9198489820581037,-0.020481089729628366
2011-04-29,1.504015980034514,-2.715313232999373,-0.9491186407302223,2.8057732142212233,-0.8904459773817118,-0.04866277650805073,-1.2853561522659998,0.7171648733187965,1.8452576692366436,0.016685043074179794
2011-05-06,1.5047143355988404,-2.7061331926978864,-0.9517670221882067,2.8039568542307345,-0.8956497870869262,-0.05741729412143224,-1.280707526314607,0.7059012513934263,1.8747613243757086,0.002341056810348796
2011-05-13,1.5041165070017042,-2.7140513664124897,-0.949517783839485,2.8055185108906997,-0.8911720727163523,-0.049863392585153266,-1.284717355000503,0.7156272349041648,1.8493157858539622,0.014743931903452533
2011-05-20,1.50409709455256,-2.7142950663688907,-0.9494407000604603,2.8055676750482856,-0.8910318403342294,-0.04963154963334935,-1.2848406940555934,0.7159241769773124,1.8485321069491618,0.015118796925203615
2011-05-27,1.5030841542249587,-2.726116332024404,-0.9451512791972185,2.8080308238953475,-0.8840592913847294,-0.038427969646235294,-1.2908186039843632,0.7301627712550969,1.810471235400664,0.03282449146088391
2011-06-03,1.5035312691409293,-2.7211080424418976,-0.9471071391774559,2.80696765855327,-0.8870562976757181,-0.04316383360466784,-1.288287441143228,0.7241719051665307,1.8266084371577402,0.02544348402449792
2011-06-10,1.5029855963085503,-2.727184198391053,-0.9447094742146733,2.8082610852873744,-0.8834125725868531,-0.03741999621174306,-1.2913580698508658,0.7314328071134042,1.8070279771096338,0.034376845436225524
2011-06-17,1.5047196541936594,-2.706071890849135,-0.9517898924788863,2.8039441916987498,-0.8956861690734307,-0.05747511959674254,-1.2806767570915614,0.7058277442733866,1.874958319840409,0.0022499190835513438
2011-06-24,1.5019804665423862,-2.7372887853717094,-0.9399705045776882,2.810517408126228,-0.8771186296250498,-0.027925618223878866,-1.296453401242713,0.7432838257482854,1.7743934494939737,0.048581789130164935
2011-07-01,1.5025515921553256,-2.7316865188909083,-0.9427041659379928,2.8092512206509572,-0.8806413559938882,-0.03318193661385527,-1.2936297616344519,0.7367444963465284,1.7924986208140503,0.040797809104234785
2011-07-08,1.5045234142009336,-2.7087528010004154,-0.9510761840843168,2.804466027054805,-0.8941847855477322,-0.05491379854796521,-1.2820345558633826,0.7091352435790265,1.8663465083135318,0.006490931895515128
2011-07-15,1.5024085343266402,-2.733160859914511,-0.9420409008775612,2.8095772213217924,-0.8797318958440806,-0.03179360399170261,-1.2943744179029042,0.7384826242204279,1.787737906356066,0.04289539230583319
2011-07-22,1.5054752470799397,-2.6949332893762437,-0.9542901927944067,2.8018438257078215,-0.9017825519784,-0.06815386042013025,-1.275035726184624,0.6919435470982493,1.9107100535456094,-0.015777052677815907
2011-07-29,1.5029062136973408,-2.728052143312945,-0.9443561814970318,2.8084477550175375,-0.8828887710939703,-0.036599890976233194,-1.2917969697094236,0.7324670675639171,1.8042290672407097,0.035643853070098874
2011-08-05,1.505179064779501,-2.6994445577431616,-0.9533542191408737,2.802682961933951,-0.8993366081491715,-0.06382298943178247,-1.2773197932787852,0.6975902191728565,1.8962348475746957,-0.008408925717229199
2011-08-12,1.504002731385823,-2.7154778436573683,-0.9490655267153691,2.805806584497142,-0.8903509347715014,-0.0485062431886337,-1.2854394699784983,0.7173651394672438,1.8447282147576918,0.016937348203470926
2011-08-19,1.504873723553969,-2.703895196056618,-0.9523283859293695,2.8035262084280554,-0.8968926069922276,-0.05955819903919894,-1.279573987539243,0.7031296800218196,1.8819481307047858,-0.001229367151972749
2011-08-26,1.503355360327421,-2.723135115068609,-0.9463547224914741,2.8073927882572693,-0.8858555041838064,-0.04124359261616002,-1.2893127682312138,0.7266086655139044,1.8200797225086738,0.028465165983994643
2011-09-02,1.5050011603150835,-2.702072105016009,-0.9527670414531197,2.803178239869422,-0.8978993714704959,-0.06130355093921338,-1.2786507591263312,0.7008663096393452,1.887801201374074,-0.00415408319275512
2011-09-09,1.5024005131377804,-2.7332395352294387,-0.942002487281847,2.8095949817472716,-0.879682415880845,-0.031719819853776476,-1.2944140474239725,0.7385744299612723,1.7874837156672274,0.04300466515632832
2011-09-16,1.5049679067523676,-2.702550508935057,-0.9526533867878009,2.8032693241039004,-0.8976356215007293,-0.06084544633744047,-1.2788930061539916,0.7014606856551941,1.8862653872852149,-0.0033853340816568434
2011-09-23,1.5040182430851232,-2.7152796196398516,-0.9491260137900956,2.805766798850699,-0.8904642970924229,-0.04869511763065835,-1.285339001520156,0.7171228661486769,1.8453657021827325,0.01663043940595301
2011-09-30,1.5015282248620618,-2.7415301736909052,-0.9377494500763941,2.811498543000753,-0.8744042483393226,-0.023955797204061425,-1.298589809613411,0.7481911593744579,1.7606663318129105,0.05434521987391054
2011-10-07,1.5059096090849073,-2.687952457527896,-0.9555509947849616,2.800573898939751,-0.9055112867294092,-0.0748700443901004,-1.2715037605345891,0.6831480289134673,1.9330999978450738,-0.02734299081624325
2011-10-14,1.501920246332731,-2.737882498019348,-0.9396835239640838,2.810651708871178,-0.8767461853114316,-0.027367743669306943,-1.2967531786261575,0.7439780894142565,1.7724736010709727,0.04940948390118889
2011-10-21,1.5029015565146913,-2.7280599132280243,-0.9443221098430612,2.8084529993246115,-0.8828743719947123,-0.03659583691015711,-1.2917996577448958,0.7324664939340864,1.8042030172268873,0.035627822720574895
2011-10-28,1.5039376209751734,-2.7162750576561736,-0.9488009059882605,2.805969124953693,-0.8898883391148029,-0.04774886270318368,-1.2858427776382437,0.7183327208851705,1.84216371460511,0.018152761681517582
2011-11-04,1.5030975061750627,-2.7259789761242446,-0.9452134068498808,2.808000612831946,-0.8841441427397733,-0.03855703389668177,-1.2907494464039933,0.7300011138941667,1.8109142459581515,0.032629527155246585
2011-11-11,1.5045848002114968,-2.7079099934491504,-0.9512980745909052,2.8043021051992043,-0.894655971067911,-0.05571944216402329,-1.2816074143601335,0.708094563674676,1.8690540488024283,0.00515537774431758
2011-11-18,1.506175482274232,-2.6834032859997885,-0.9562372546712886,2.79976625155734,-0.9079006720803294,-0.07925819957591958,-1.2692032420165902,0.6773738801885971,1.947686492218637,-0.03499945189488925
2011-11-25,1.5023975465496717,-2.7332687761152252,-0.94198832489642,2.809601569762728,-0.879664061958535,-0.031692384295241946,-1.294428781332313,0.7386085876526332,1.7873892448318451,0.0430453798008573
2011-12-02,1.5036042249962072,-2.7202772556952612,-0.9474224280863993,2.8067928821643653,-0.887550640254186,-0.043949794704180076,-1.2878677728845667,0.7231756116516966,1.829283796423423,0.024211376388900873
2011-12-09,1.5062503907675766,-2.6821281259223984,-0.9564327008171579,2.799540173477054,-0.9085716270728799,-0.08048731895665107,-1.2685594258772155,0.6757565873368614,1.9517746891383823,-0.037142642073571965
2011-12-16,1.5022917239335363,-2.7343414902182133,-0.9414924134495101,2.809840649300291,-0.8789981849844093,-0.030683237166774104,-1.2949703925901765,0.7398692928531112,1.783924010702058,0.04456004162008646
2011-12-23,1.5054046459391346,-2.696007083158041,-0.9540665031908387,2.802043317543818,-0.9011999751646741,-0.06712343294197254,-1.275578905300129,0.693287137956748,1.9072650131833089,-0.014024214867354168
2011-12-30,1.5052017476623336,-2.6990790857225706,-0.9534196594098721,2.8026160156457762,-0.8995314803628631,-0.06417514705371778,-1.2771341605006732,0.6971293308198805,1.8974075996018045,-0.009015160680097533
2012-01-06,1.5041034517975298,-2.714222022808273,-0.9494680353676843,2.8055524531997236,-0.8910751969120543,-0.049700579381455424,-1.2848038926371568,0.7158365319790316,1.8487670934394749,0.015010196690863786
2012-01-13,1.5085404967386287,-2.638273403039408,-0.9608603616033482,2.7921862715009658,-0.9310076702618375,-0.1229054159295333,-1.2465732645270842,0.6194168090203825,2.092352914493378,-0.11287637639214365
2012-01-20,1.5003043826931046,-2.7521870277685574,-0.9315000253889941,2.8140610585943695,-0.8673740861611663,-0.01402563008824793,-1.3039485070219703,0.7603287216051363,1.726088142497686,0.06825297103864
2012-01-27,1.5045198816058591,-2.7087994454694555,-0.9510628418625139,2.8044752244560085,-0.894158376938061,-0.054869323668219616,-1.2820581586220832,0.7091924995967511,1.8661966359057107,0.006563904996003256
2012-02-03,1.5051718888760615,-2.6995301400915777,-0.9533241937555588,2.8027003084530633,-0.8992863885965402,-0.06374217161843218,-1.277362689049135,0.6976933826780947,1.8959600679805984,-0.008280064876574223
2012-02-10,1.5047889137123984,-2.705085057648259,-0.9520293363410135,2.8037551128315856,-0.8962316304481984,-0.05842014612214323,-1.2801764745029653,0.7046029645225593,1.8781273481187004,0.0006683058773353956
2012-02-17,1.5038254789762213,-2.7176446093246924,-0.9483442335982023,2.806248905883607,-0.8890930360089054,-0.04644762133426657,-1.2865359005696502,0.7199945018696601,1.8377574030296113,0.020239111076617265
2012-02-24,1.503726878312859,-2.718816379754799,-0.947932874523843,2.806490966590247,-0.8884061649863988,-0.04533617963181498,-1.2871284601349837,0.7214099156605491,1.8339862373188123,0.022006061149371803
2012-03-02,1.5016598569088033,-2.740269120374683,-0.9383873402137672,2.811208997088693,-0.8752041946342638,-0.02513902805563064,-1.2979532668454652,0.7467245899615802,1.7647481275108976,0.05261137865383594
2012-03-09,1.5025825529602357,-2.7313846621872115,-0.9428530898388908,2.809183016346718,-0.8808316903443641,-0.033464719901599646,-1.293477892134805,0.7363928518896448,1.7934736161339118,0.040380017076360894
2012-03-16,1.5056276736460554,-2.692538091782456,-0.9547494116809983,2.8014040984948876,-0.9030698901087246,-0.07045611775113052,-1.273823569644285,0.6889339678588767,1.918393401037775,-0.019722060070000057
2012-03-23,1.501364688634306,-2.742979631463666,-0.9369209505561393,2.811842919567362,-0.8734547979222761,-0.022605110162776176,-1.2993180262246564,0.7498471833162843,1.755969411595191,0.05625431321637029
2012-03-30,1.5027365173369889,-2.729830631677021,-0.9435775375166955,2.808837110031687,-0.8817983204748845,-0.03492461363622486,-1.2926946636486332,0.7345693761507099,1.7984907583583625,0.038192005075710966
2012-04-06,1.5075769143835802,-2.6575319334174026,-0.9592595674056323,2.7953387802655048,-0.9212432539621958,-0.1042639876328566,-1.2561829420222692,0.6442651549770692,2.0306156140065634,-0.0793147791923607
2012-04-13,1.50130065684848,-2.743651101639398,-0.9366289583972403,2.8119919263580697,-0.8730438820222772,-0.021969629118610935,-1.299659279364721,0.7506434795633663,1.7537968229011818,0.05721996487115018
2012-04-20,1.5059501498597079,-2.6872313739409392,-0.9556470667900856,2.800447062409982,-0.9058859854793306,-0.07556727214871603,-1.2711382726218328,0.6822285383906235,1.9354122623512056,-0.028568042030614915
2012-04-27,1.5052698865722314,-2.6980595471834254,-0.9536405965362885,2.802425042636747,-0.9000871191752614,-0.06515310738203332,-1.2766179923826213,0.6958561180833348,1.9006793896363186,-0.010672074269001186
2012-05-04,1.5020616022052065,-2.7365178662292493,-0.9403662451718329,2.81034046212952,-0.8776095150052772,-0.02864742350227454,-1.2960652059425686,0.7423897681237148,1.7768868395265052,0.04752758386625624
2012-05-11,1.5020189347738362,-2.73691820394833,-0.9401565483994487,2.810432819025979,-0.877353279704797,-0.028273052435415648,-1.2962666088089583,0.7428527094072874,1.775591917309475,0.04807131278037193
2012-05-18,1.504633556993594,-2.707265029287002,-0.9514819306634982,2.80417515578057,-0.8950209645448421,-0.056334316229754974,-1.2812812132836418,0.7073027610944799,1.871126091189722,0.004145888950373688
2012-05-25,1.5004582131591246,-2.7508122743028656,-0.9322733049134448,2.8137327564687387,-0.8682705823414416,-0.015312103915276598,-1.303254432735758,0.758751063784954,1.7305523045513105,0.06642836024465888
2012-06-01,1.5047203365456696,-2.7060654706626495,-0.9517932742201548,2.803942753228946,-0.8956902877736951,-0.057481066376490864,-1.2806735736460513,0.7058203640907796,1.874978966799791,0.002241252013855011
2012-06-08,1.5038176043366052,-2.7177346514313294,-0.948310279459541,2.8062677653279087,-0.8890395185539592,-0.046362480714250864,-1.286581329500016,0.7201025083264464,1.8374675806745906,0.020372800993546214
2012-06-15,1.5019907549793057,-2.7372487520160123,-0.940038571880286,2.810502695391322,-0.8771590722881755,-0.02795812293003319,-1.296435163695805,0.7432524342840017,1.774524744348185,0.04856905380749721
2012-06-22,1.5070289710895135,-2.6680078669850382,-0.958192602948651,2.7971005893178282,-0.9158832762707039,-0.09413013028806327,-1.2614413188326032,0.6577203090868772,1.997037653948175,-0.06123232811733441
2012-06-29,1.5042243872190835,-2.7126737162213552,-0.949939059996559,2.8052424713159594,-0.8919603204667326,-0.05117534585047227,-1.284019804496091,0.7139441069888074,1.853745204431246,0.01261207707611387
2012-07-06,1.5072172015864684,-2.66437350327424,-0.9585481932490618,2.7964889108238835,-0.9177373683236055,-0.09764907782821282,-1.2596134200251652,0.6530471166853535,2.0086873537573324,-0.0675190201527526
2012-07-13,1.504816350163602,-2.7046734589286574,-0.9521178016903089,2.803677603229033,-0.8964555873054966,-0.05881551879777662,-1.2799674309712683,0.7040884685029545,1.8794488682984416,-1.4925005232591103e-06
2012-07-20,1.5051696921386184,-2.6995553119866598,-0.9533146835190834,2.8027054877496904,-0.8992714059295919,-0.06371847696250584,-1.2773752793702053,0.6977235058050393,1.8958792407411813,-0.00824276866648308
2012-07-27,1.5052506825088063,-2.6983439696889784,-0.953577415062718,2.8024784740507593,-0.8999316237931989,-0.06488047685261815,-1.2767619024832015,0.696210797349454,1.8997666636137793,-0.010211229642084253
2012-08-03,1.5041411256250592,-2.7137393759882125,-0.9496146428342673,2.80545579675809,-0.8913510329480078,-0.05016038302411361,-1.2845594016674409,0.7152465087921599,1.8503189944892053,0.014262410797527724
2012-08-10,1.503767947009472,-2.718332086680444,-0.9481053551521766,2.80639060417281,-0.888690816838112,-0.04579531205624532,-1.2868836137858952,0.7208256882662031,1.8355450011156829,0.02127794394870506
2012-08-17,1.5030683378072054,-2.7263013494898067,-0.9450845881725274,2.808069562645307,-0.8839503347488555,-0.03825229921033242,-1.2909124475039007,0.7303859403803366,1.80987501016225,0.033102168130324294
2012-08-24,1.5053340157282673,-2.697080460252237,-0.9538425152608649,2.80224299146487,-0.9006175662781345,-0.06609324551823104,-1.2761221393637716,0.6946301846988748,1.9038210401606446,-0.012272305379416615
2012-08-31,1.5057606557841339,-2.690335484767561,-0.9551150617668522,2.8010070354012515,-0.9042363740455368,-0.07257888413740927,-1.2727079002606976,0.6861483123575369,1.92545778541217,-0.023400083977035014
2012-09-07,1.5031015738369091,-2.7259251031758795,-0.9452286147580921,2.8079898220831443,-0.8841745464986897,-0.038608631302933724,-1.2907219556572915,0.7299347930359579,1.8110877171780089,0.03254494525886642
2012-09-14,1.500931508796203,-2.7467797445506923,-0.9347161934422452,2.8127520465810454,-0.8709553586752774,-0.019064130695157954,-1.3012281503904295,0.7541809384466449,1.7436462068541878,0.06123287707572098
2012-09-21,1.5050375876110074,-2.7015607425743537,-0.9528955016733169,2.8030801375721217,-0.8981834821819785,-0.06179238777718492,-1.2783921593063852,0.7002332686740562,1.8894428349904264,-0.004969555334393139
2012-09-28,1.5015697082726767,-2.741156666672267,-0.9379578679842681,2.8114104758827816,-0.8746473138225899,-0.02430427255834804,-1.2984020279666175,0.7477628999002335,1.7618762038984481,0.05384886104995053
2012-10-05,1.5052899825323034,-2.697795693653886,-0.9537172088538846,2.8023734516308028,-0.9002369874089247,-0.0654039812919636,-1.276485214693221,0.6955329354649232,1.9015262521924796,-0.011083535918629117
2012-10-12,1.5025701352818115,-2.7315029379014946,-0.942792493603487,2.809209997973878,-0.8807564066569796,-0.03335415825623169,-1.2935373058446047,0.7365299211295742,1.7930915164359633,0.04054173144157032
2012-10-19,1.501624520541572,-2.7406370819215984,-0.9382252047595753,2.8112906519246783,-0.8749783307127299,-0.024791319874470207,-1.2981399400412612,0.7471600646299585,1.763558176534093,0.05313846367933302
2012-10-26,1.5061542442361,-2.6837634777731867,-0.9561814270429874,2.7998302328477767,-0.907710974927355,-0.07891104099570541,-1.2693851475868723,0.6778305282120608,1.9465316714150553,-0.03439460838488584
2012-11-02,1.5054742525599565,-2.694870991222131,-0.954262968230626,2.8018367985185217,-0.9018038241543198,-0.06821819140907856,-1.275002644053654,0.6918525288577995,1.9109096543820663,-0.015914615248534592
2012-11-09,1.5054393901917797,-2.69545182869211,-0.9541682410378722,2.8019417081195463,-0.9014968732137658,-0.06765786478016081,-1.2752974477338859,0.6925878323789937,1.9090463654394187,-0.014943040671944274
2012-11-16,1.5032657591129732,-2.724134146614113,-0.9459613372809617,2.8076052392130904,-0.885256660975277,-0.04029925194497781,-1.289817550148186,0.727802660435744,1.816860665528869,0.029934622672839684
2012-11-23,1.5038223522969172,-2.7176943076252256,-0.9483350646515287,2.806258215936556,-0.8890664978302695,-0.04639959165775913,-1.2865613560274007,0.7200571796008645,1.8375976747580918,0.02032139519975411
2012-11-30,1.5075056564021447,-2.6588763242926396,-0.9591152847580267,2.795564662048725,-0.9205526781069636,-0.10296513376039176,-1.2568559563700563,0.6459892111416993,2.026306872722775,-0.07700102502726569
2012-12-07,1.50235644807911,-2.7337337116763942,-0.9418106665363496,2.8097008359983207,-0.8793871787859147,-0.0312511102186324,-1.2946649985557164,0.739166795797661,1.7858887678100295,0.04373481808788595
2012-12-14,1.5061184214127543,-2.6843933981059767,-0.9560942540344005,2.7999410100721933,-0.9073824936068767,-0.07830265566026898,-1.2697037569370835,0.6786325821051833,1.9445119974146663,-0.03332745266019153
2012-12-21,1.504132067252999,-2.7138520911930173,-0.9495783587071243,2.805478599537724,-0.8912859737990617,-0.05005323036983063,-1.2846164126989559,0.7153836407967317,1.8499565337647828,0.014435225415752661
2012-12-28,1.5005204335033302,-2.750228108527643,-0.9325774193806662,2.813596254597436,-0.8686438157297586,-0.015861095626772716,-1.302958630769579,0.7580731178954265,1.7324476909177675,0.06563157312045957
2013-01-04,1.501426795223141,-2.74238970352983,-0.9372232884502714,2.8117067572776184,-0.8738302441359851,-0.023158548256426936,-1.2990201665747088,0.7491621185527653,1.7578798186555704,0.055446461238127756
2013-01-11,1.5050746042404546,-2.7009735446298966,-0.9530050998900679,2.8029718513151214,-0.8984979062553361,-0.06235789842083568,-1.2780937937360173,0.6994941092796948,1.891327384490884,-0.005939706394001121
2013-01-18,1.5071146086256209,-2.666338588185366,-0.9583494512384967,2.796820085462135,-0.916732745238566,-0.09574737201962003,-1.2606011012924951,0.6555716891386902,2.0023885712977467,-0.06412569654964964
2013-01-25,1.5033437486520511,-2.723272349987675,-0.9463061361188714,2.807421330906927,-0.8857749519738445,-0.041113300919113714,-1.2893823133338418,0.7267744114435162,1.8196377156766512,0.02867184565420038
2013-02-01,1.5034538291635926,-2.7220254689242105,-0.9467835802325094,2.80715800200477,-0.886518145971148,-0.04229305976852245,-1.2887520486905595,0.725280088182955,1.8236543537363281,0.02682603049930359
2013-02-08,1.5070514975992904,-2.667576963963947,-0.9582364514216506,2.7970277657969023,-0.9161035741909863,-0.0945472286169251,-1.2612244908754833,0.6571667767977979,1.9984188694265932,-0.06197620055159083
2013-02-15,1.5032079240663443,-2.7248011120479956,-0.9457143371106798,2.8077453932252485,-0.884861786933353,-0.03966698360419265,-1.290155305929931,0.7286048620801998,1.8147117569811524,0.030929589273207103
2013-02-22,1.5052493389223212,-2.6983986763799352,-0.9535838035196363,2.802486653378806,-0.8999074997972608,-0.06482595099847321,-1.2767903138734409,0.6962850312213302,1.8995912807569746,-0.010106059710685945
2013-03-01,1.5024491456186166,-2.7327661419310747,-0.9422365252843383,2.8094878019358562,-0.8799810529436869,-0.032163449018943434,-1.2941757332284929,0.7380229701444116,1.7890132341326652,0.04234975057498689
2013-03-08,1.5056087622519612,-2.6927910745112884,-0.9546786741391406,2.8014529997795425,-0.902926979763065,-0.07021552707608407,-1.273950661254395,0.6892445806957729,1.917581829044788,-0.019325255028091525
2013-03-15,1.5056751614779944,-2.6917349443812957,-0.9548748043783437,2.801260108543454,-0.9034927253261916,-0.07123114507877908,-1.2734163089380102,0.6879155962253509,1.9209693798050147,-0.02107031794919321
2013-03-22,1.5012338355464294,-2.744126277891584,-0.9362542471271194,2.812117032399715,-0.872700154612412,-0.021537295613303843,-1.2998939849754274,0.7511540326735462,1.7522521278249308,0.057754931775225414
2013-03-29,1.5012044278180041,-2.744349778287448,-0.9360938215046953,2.812174052468287,-0.872543464219347,-0.021332275000808164,-1.3000050406902797,0.7513991852021014,1.751526165986904,0.05802054822728122
2013-04-05,1.5035620215942385,-2.720762762491428,-0.9472415478046882,2.8068946141876108,-0.8872628050645733,-0.04349014150507693,-1.2881131393903322,0.7237589034272538,1.8277204662468456,0.02493439080015012
2013-04-12,1.505875865180251,-2.688452542557042,-0.9554398236956064,2.8006669202013503,-0.9052375904114293,-0.0743915756744757,-1.2717555682119288,0.6837711801551398,1.9314963257660593,-0.026533190752318615
2013-04-19,1.5044657630876621,-2.7095113151323234,-0.9508576292271022,2.8046158274177784,-0.89375485300717,-0.05419068283263466,-1.2824183767455402,0.7100658409460292,1.8639092142601696,0.0076762112331313585
2013-04-26,1.5039720962234409,-2.7158598757946466,-0.9489431548255144,2.805883949909444,-0.8901306422882165,-0.048142835791830985,-1.2856328962630879,0.7178302237002028,1.8434994216949256,0.017523713435283205
2013-05-03,1.506141238042085,-2.6839942019987832,-0.9561504076939101,2.799870697915728,-0.9075909399728813,-0.07868810555168149,-1.2695018704148215,0.6781245963881638,1.9457919169332858,-0.034002923647185844
2013-05-10,1.5030526087253575,-2.7264797073197675,-0.9450165262643442,2.8081073494652826,-0.8838441165086369,-0.038083346303353104,-1.2910027695618262,0.7305998808591305,1.8093001130896673,0.033366513818489985
2013-05-17,1.5039809428583815,-2.7157410533639763,-0.9489758613842627,2.80586049793201,-0.8901974809707494,-0.04825645115928005,-1.2855725186066809,0.7176838513444092,1.8438814915440482,0.017336581806100693
2013-05-24,1.5024838479813358,-2.7323975581137017,-0.942394020392934,2.809407253336849,-0.8802057996337759,-0.03251142498799768,-1.2939892205174215,0.7375857893409006,1.79020314854163,0.04181798444511582
2013-05-31,1.5052582621951756,-2.698261217270912,-0.9536115147887042,2.8024611470200753,-0.8999817674610056,-0.0649580315059711,-1.276720647907249,0.6961127006214609,1.90003236977876,-0.010331300681630217
2013-06-07,1.5035819361818192,-2.7205354557183083,-0.9473274494920348,2.80684683855761,-0.8873979457435068,-0.04370522024281853,-1.287998304209761,0.7234861991790447,1.8284524405541673,0.024596960933788114
2013-06-14,1.5040678532361405,-2.7146612031939172,-0.9493243054917672,2.8056416296145334,-0.8908209753949038,-0.04928326517544233,-1.2850260032204737,0.7163701335738428,1.8473546421248623,0.015681493927125523
2013-06-21,1.5024801853806604,-2.7324661485723176,-0.9423865874423243,2.809419705548783,-0.8801708537090303,-0.032444361546330305,-1.2940248088065442,0.7376740850317625,1.7899824867684466,0.04193629734689423
2013-06-28,1.5072283007453908,-2.6642385791629053,-0.9585942158851075,2.7964626307643923,-0.9178163530135321,-0.09777572056363688,-1.2595468865103823,0.6528845494307313,2.009119151918339,-0.06772287772328855
2013-07-05,1.5033365356863562,-2.7233812086433327,-0.9462832571385501,2.807442169637109,-0.8857159715043881,-0.041008267130110895,-1.2894381084860782,0.7269108839011238,1.8192875495361407,0.02884967414173172
2013-07-12,1.50689936255027,-2.6703760145288333,-0.957905269712102,2.7975064934180844,-0.9146584740364293,-0.09184297797076302,-1.2626319865878837,0.6607471702431083,1.9894474029581168,-0.05718570633356812
2013-07-19,1.5054397971595261,-2.6954129002392313,-0.9541593529331329,2.8019363964759765,-0.9015126955459583,-0.06769714469900409,-1.275277089050199,0.6925335988379425,1.9091711410045975,-0.01502175101051666
2013-07-26,1.5041517254996715,-2.713605663961427,-0.9496565417810044,2.8054288806786056,-0.8914278536760737,-0.05028761744748089,-1.2844917289830877,0.7150834665952674,1.850748943374829,0.014056389700700755
2013-08-02,1.5051299126773938,-2.7001871747987147,-0.9531971213588584,2.8028218037705606,-0.8989331334525845,-0.0631100632313526,-1.2776961390881834,0.6985189329964956,1.8938515456496128,-0.007198563164369176
2013-08-09,1.5004942747444858,-2.750486548963264,-0.9324535591164784,2.8136553850191564,-0.8684820608361576,-0.015617129343535919,-1.3030899249381747,0.7583763974261611,1.7316096693716574,0.06599349663615009
2013-08-16,1.5027937918628544,-2.729207925190377,-0.943833336250296,2.8087026492456606,-0.8821748270984144,-0.03551306863728367,-1.2923795909164242,0.7338278714513982,1.800499586818264,0.037284848714618325
2013-08-23,1.5060733849416217,-2.6851495187667984,-0.9559734800516699,2.8000758801980985,-0.9069832234513943,-0.07757417594455548,-1.270085697461616,0.6795900673579361,1.942087671631107,-0.03206090845272982
2013-08-30,1.5044294458105223,-2.7099932665241147,-0.9507212574084571,2.80471078420921,-0.8934824716772868,-0.05373088505079315,-1.2826624230506984,0.7106579726246328,1.8623605224793767,0.008431578587608434
2013-09-06,1.504666477234214,-2.7068053755005694,-0.9515986026275787,2.8040863686995,-0.8952766095757531,-0.05677405965505895,-1.281048229282304,0.7067338603049673,1.872602469584681,0.0034137008179010663
2013-09-13,1.4997757922217405,-2.7563794151150462,-0.9286795670388115,2.81511931226514,-0.864494417090621,-0.010145959367814816,-1.306048715213807,0.7649976678317367,1.712443055997122,0.07341224551036114
2013-09-20,1.5048259655784615,-2.7045826978108574,-0.9521653860923394,2.803657321673211,-0.8965137463042538,-0.05889957865711337,-1.2799224490938064,0.7039840862188385,1.8797406791871398,-0.00012419469927991145
2013-09-27,1.505164183494913,-2.6996444541623412,-0.9532989123355626,2.8027218006816894,-0.8992239357165793,-0.0636325556079019,-1.2774205718516622,0.6978359853154962,1.8955931901106333,-0.008094729928684518
2013-10-04,1.5045215707584743,-2.7087622233311928,-0.9510646023730516,2.8044688990395503,-0.8941766711196928,-0.05490579364780066,-1.2820389718145055,0.7091439479909909,1.8663160741829092,0.006497770314318707
2013-10-11,1.5051367432583507,-2.7000639527844283,-0.9532127373820755,2.8027999436485205,-0.8989968179554229,-0.06322953707142362,-1.2776332715647563,0.6983614432250101,1.8942469008523166,-0.007408714226091106
2013-10-18,1.5035705425758557,-2.720666833665433,-0.9472787135794553,2.806874345308424,-0.8873201239108692,-0.04358081298905074,-1.2880647112148844,0.7236441065731148,1.8280294044946828,0.024792796407615912
2013-10-25,1.5039481181431624,-2.7161482204029506,-0.9488440860063756,2.8059431320250527,-0.8899622749523258,-0.047869255115394214,-1.2857786439158367,0.7181791175601746,1.8425717722667572,0.017960340397736106
2013-11-01,1.5036748971982803,-2.7194409319609365,-0.9477181884372416,2.8066195788380583,-0.8880415136219376,-0.044743154242700055,-1.2874446094018062,0.7221658761789971,1.8319760680680013,0.02295197738128474
2013-11-08,1.5041757051197897,-2.713301540108936,-0.9497508300552553,2.8053677902083782,-0.8916022663300087,-0.050577103501581885,-1.284337785416868,0.7147123172008485,1.8517267999448415,0.013586912938792661
2013-11-15,1.5055664460949834,-2.693443383684804,-0.9545472434784006,2.8015734004064603,-0.9025743779798348,-0.06958931733517852,-1.2742804319855359,0.6900621095390427,1.915489378259693,-0.018256579836425323
2013-11-22,1.5056921207759308,-2.6914005073077085,-0.9549047644100284,2.801202690090439,-0.9036618806752965,-0.07155638375240851,-1.273245897893427,0.6874842967685395,1.9220419335373484,-0.02165160713338814
2013-11-29,1.5060782319101529,-2.685022369193729,-0.955972184793523,2.800055613933666,-0.9070436486424602,-0.07769918216058018,-1.2700206179669196,0.6794219793541936,1.942495397468568,-0.03229321990936862
2013-12-06,1.5038848775140252,-2.716918851655827,-0.9485859854648382,2.806100623014948,-0.8895143997092493,-0.04713726138197649,-1.2861685326804693,0.7191137709770495,1.8400925078871537,0.019133251499183858
2013-12-13,1.499469494038419,-2.758755041484721,-0.9270300714055901,2.8157270062854756,-0.8628464590767967,-0.007950035234448727,-1.3072383983906,0.7676293695430159,1.704701619101775,0.0762925166234707
2013-12-20,1.5033202419664276,-2.7235034970596788,-0.94619335343705,2.8074729818858843,-0.8856295643313551,-0.040897156282006054,-1.2894982206974945,0.7270437147868613,1.818892319385288,0.02899253378312343
2013-12-27,1.50474055458271,-2.705775329058389,-0.9518625240016411,2.803887273343323,-0.8958502962219658,-0.05775906276814617,-1.2805264146328226,0.7054598818215443,1.8759107123852836,0.0017752045501037371
2014-01-03,1.5032755916861098,-2.7240240043957566,-0.9460043408122136,2.807581848251041,-0.8853225664412172,-0.04040341646639036,-1.2897618722137678,0.7276708983724116,1.8172155784977235,0.02977228352206005
2014-01-10,1.5044437402024253,-2.7098127103059544,-0.9507777593568034,2.8046745864368523,-0.8935862077611715,-0.053902552377727675,-1.2825712024642766,0.7104378770699278,1.8629408291442686,0.00815339941245936
2014-01-17,1.504253131537273,-2.7123070092286756,-0.9500514549049516,2.805169030312204,-0.8921702316029204,-0.051524466312728515,-1.2838342154548328,0.7134962128598049,1.8549241189256285,0.01204488386919902
2014-01-24,1.5051640754604638,-2.6996554019715227,-0.9533014585665394,2.802723296059174,-0.8992195048185723,-0.06362150026803674,-1.2774263109077288,0.6978512519087239,1.8955581065588738,-0.00807255345483524
2014-01-31,1.5041229546493997,-2.713971813486976,-0.9495438178001999,2.8055023647518285,-0.8912181231291821,-0.04993897702458918,-1.2846771301337143,0.7155305829723713,1.8495716222768057,0.01462233692425663
2014-02-07,1.5060455632130783,-2.685616549980826,-0.9558988544116837,2.8001592390308714,-0.9067366165642523,-0.07712417741170889,-1.2703216787770464,0.6801814844183169,1.9405902034962579,-0.03127861301300676
2014-02-14,1.5034198866014787,-2.722420900093488,-0.9466397299108488,2.8072406051771726,-0.8862848213933325,-0.04191814561254823,-1.2889521911618345,0.7257563787440166,1.822380832268633,0.02741808538075121
2014-02-21,1.5061941424413294,-2.683123393969499,-0.9562977398534462,2.799714636460116,-0.9080533965866309,-0.07952596465243471,-1.2690625778584308,0.6770246492294749,1.9485837860990898,-0.03545414130956894
2014-02-28,1.5007718892214439,-2.7481891065245803,-0.9339073317803892,2.8130890930245265,-0.8700311847101563,-0.017748776346446206,-1.3019377564080792,0.7557918718317855,1.7390733904880982,0.06308791120379728
2014-03-07,1.5040250411221252,-2.715191894737514,-0.9491522599546535,2.80574925402639,-0.8905143028129446,-0.04877875894314858,-1.2852945209917188,0.7170154811308916,1.845647808078723,0.01649415308184956
2014-03-14,1.5011284887078624,-2.7450427297186257,-0.9357156111240389,2.8123370226712856,-0.8720951951923762,-0.020684143341069206,-1.3003542949111089,0.7521969313733059,1.7492801255305666,0.05894940600419822
2014-03-21,1.502794537966356,-2.7291570132068044,-0.9438234261680176,2.8086952245583925,-0.8821959250815181,-0.03556444937603591,-1.292352595261072,0.7337574497485468,1.8006628061059693,0.0371833907141836
2014-03-28,1.5012620776598282,-2.743894374889793,-0.936402960489775,2.8120599508207325,-0.8728571470384072,-0.021751848222611603,-1.2997780421274479,0.7508940812117384,1.7530045914429273,0.0574636716328091
2014-04-04,1.5055195464754998,-2.694201624984451,-0.9544125726961157,2.801711409669519,-0.9021701855161599,-0.06885926738426744,-1.2746645963963572,0.6910183356983988,1.9130571131788698,-0.01699815804493552
2014-04-11,1.5066231626663216,-2.675434419047787,-0.957296469464777,2.798376159520836,-0.9120451249830573,-0.0869545293766103,-1.2651800993828535,0.6672150627788048,1.97323316124426,-0.04853690395513723
2014-04-18,1.5040170868144553,-2.715298731295966,-0.9491228459003056,2.8057703290122795,-0.8904542018849089,-0.048676617905820806,-1.2853487936821806,0.7171470786784775,1.8453043011324948,0.016662395031474996
2014-04-25,1.503760133704941,-2.7184181107491,-0.948070648139651,2.8064088952251836,-0.8886389782165482,-0.045714201695255904,-1.2869269390566513,0.7209281585976092,1.835268025931537,0.021403664397935084
2014-05-02,1.5004644531542313,-2.7507436179256994,-0.9323006615919122,2.8137176899611456,-0.8683118043910112,-0.015377494963604832,-1.303219319188901,0.7586687451160273,1.7307746977089262,0.06632731212079826
2014-05-09,1.5047222116611734,-2.7060466382127677,-0.9518021987728609,2.803938647139721,-0.8957020581487047,-0.05749862033362274,-1.2806641963133503,0.7057983946882191,1.8750395150211383,0.0022149432710547147
2014-05-16,1.501661503228662,-2.740280735515505,-0.9384038178773061,2.8112090612175327,-0.8752038632636653,-0.025125798178028402,-1.297960036114419,0.7467451604254062,1.7647114253274303,0.052647100749893115
2014-05-23,1.503481272628378,-2.721694690250067,-0.9468964821259391,2.807089785454637,-0.8867109949666976,-0.04260744542265753,-1.288584360855557,0.7248793172393556,1.8247193918799447,0.026324206418603245
2014-05-30,1.5057821131382192,-2.6900189083390567,-0.9551861682708072,2.800947950778644,-0.9044098287489547,-0.07288179983121315,-1.2725483707745513,0.685754015481041,1.926473116562778,-0.023912119996099702
2014-06-06,1.5027723300748304,-2.72944954876374,-0.943740040028876,2.808754123343846,-0.8820306058949943,-0.03528411503492248,-1.292502074799434,0.7341174773607525,1.7997203404135074,0.03764211332903056
2014-06-13,1.50387435240279,-2.7170524238803777,-0.9485446811760235,2.8061275394480107,-0.8894378479177842,-0.047009999769078936,-1.2862362625485364,0.7192768808268598,1.8396628378991196,0.019339604715020452
2014-06-20,1.504947504577758,-2.702844523835112,-0.9525838183276848,2.8033252921589673,-0.8974736207089524,-0.0605638539397904,-1.2790419236597348,0.7018260765268524,1.8853214865613332,-0.002912619353636092
2014-06-27,1.5023428215204293,-2.73381521760449,-0.9417292742777708,2.809724069952774,-0.8793228381349227,-0.03117904281396373,-1.29470438535795,0.739248723659073,1.7856239112039958,0.04381123185282591
2014-07-04,1.505225798350581,-2.6987573924473054,-0.9535094866827081,2.8025534585279077,-0.8997130700136642,-0.06448148049310473,-1.2769720586276945,0.6967341075435685,1.8984401666672703,-0.009520042824849462
2014-07-11,1.5028625421048878,-2.728488884274224,-0.9441492637862028,2.808545117973648,-0.8826160498660478,-0.03619024582232573,-1.2920167154034867,0.7329782778125893,1.8028195835769103,0.03625563768425266
2014-07-18,1.5028190945940287,-2.728927221424774,-0.9439446281680735,2.8086425297528597,-0.8823432896443713,-0.03577872567406724,-1.292237430721878,0.7334923610886366,1.8014049251419368,0.03687238505570214
2014-07-25,1.5032348979472743,-2.724465534943987,-0.945821949479184,2.807676785843825,-0.8850552312183619,-0.03998690070953006,-1.2899846867137872,0.7281959209103621,1.8157924928693607,0.030414205494028224
2014-08-01,1.504607284105484,-2.707620165887867,-0.9513852054480543,2.804244533163975,-0.894821396902428,-0.05599526086747484,-1.2814609954692184,0.7077401987277493,1.8699852580183616,0.004705750559472577
2014-08-08,1.500028251793482,-2.754289498206719,-0.9299988240181583,2.8146013638324296,-0.8659025847474672,-0.012089644642340547,-1.3049976988792145,0.762642364406131,1.7192429921578896,0.07076327830396693
2014-08-15,1.5016382005446893,-2.740452461932024,-0.9382748853607896,2.811253364150947,-0.875081685124611,-0.024969088255126382,-1.2980449885912562,0.7469315605115344,1.7641539671010444,0.052846016955592656
2014-08-22,1.504285995010853,-2.7118861361947,-0.9501794743939085,2.8050848871431637,-0.8924108489282784,-0.051925225398729104,-1.28362121416216,0.7129818688094243,1.8562770844485257,0.011393063665809855
2014-08-29,1.5018749225550025,-2.738275497354967,-0.9394508776777654,2.8107456142914287,-0.8764862213815787,-0.027002879340197204,-1.2969499263525541,0.7444241843418008,1.7712010112198577,0.04991966969897197
2014-09-05,1.5022323263531452,-2.7348252622740583,-0.9411774937986493,2.809959146411402,-0.8786691862243957,-0.03023763185282786,-1.2952110471109686,0.74040899279076,1.7823576952700144,0.04516246043557848
2014-09-12,1.501647542645029,-2.740371496366567,-0.9383228130912997,2.811233971877587,-0.8751352408868722,-0.0250443178035868,-1.2980044119577083,0.7468396113016522,1.7644162889607622,0.05274086532100304
2014-09-19,1.5031825076213727,-2.725034430694048,-0.9455873192912231,2.807799130158554,-0.8847109038801836,-0.03945011936474985,-1.2902718574239305,0.7288725635370821,1.81395875085596,0.031241678481166525
2014-09-26,1.5042531233287089,-2.7123089216924883,-0.9500519821775267,2.805169285869506,-0.8921694854516276,-0.05152252379881887,-1.2838352274556182,0.7134989063722368,1.8549179938129527,0.012048831192675635
2014-10-03,1.5019194647622245,-2.737884096417584,-0.9396779064619782,2.810652633620701,-0.8767436579939746,-0.027366749180081175,-1.2967537894515708,0.7439784256615702,1.7724682462995056,0.04940742916118781
2014-10-10,1.5044364840950224,-2.709915265167468,-0.9507524519353978,2.8046943707619043,-0.8935294092680319,-0.053804301303078984,-1.282623283122693,0.7105650726930889,1.8626113479663609,0.00831743528029305
2014-10-17,1.5019861470353368,-2.737210854931142,-0.939990781762629,2.810501806491473,-0.8771620445544513,-0.028000660888751305,-1.2964133542545206,0.7431871975078576,1.7746447710988977,0.04845777425792939
2014-10-24,1.5004987506520164,-2.750426080128531,-0.9324696867151783,2.813643051359136,-0.8685158559839449,-0.015675537009450922,-1.3030586765139829,0.7583013944115109,1.731805166835184,0.06589747309324112
2014-10-31,1.5045271320328384,-2.7087042905660814,-0.9510904057127082,2.804456422740671,-0.8942123588277997,-0.054960014020561096,-1.2820100231404061,0.7090758086876765,1.8665023815684574,0.006415347237913505
2014-11-07,1.5040571567884888,-2.714796507454607,-0.9492821566324144,2.8056688671829684,-0.8907433231445495,-0.04915445635326217,-1.2850945258988766,0.7165352167874116,1.8469195206242013,0.015890208100639746
2014-11-14,1.5033714931037963,-2.722943332138833,-0.9464218858886999,2.8073529919314177,-0.8859678445105048,-0.041425743770098444,-1.2892155585150937,0.7263768093928932,1.8206973818858057,0.028175688509318064
2014-11-21,1.5043159541678772,-2.7114948623188484,-0.9502938462184302,2.8050072251496574,-0.892633096416543,-0.0522982738576494,-1.2834230467192922,0.7125022259346231,1.8575347429162494,0.010782977362356672
2014-11-28,1.5030247849632203,-2.726787075547055,-0.9448936239791468,2.8081731325370445,-0.8836593083186873,-0.037792764912918206,-1.2911582162454764,0.7309667960647147,1.808309165778144,0.033817109660159606
2014-12-05,1.5063450553698714,-2.6804823728163325,-0.9566689974166099,2.799250596797296,-0.9094327815048254,-0.08207515642429897,-1.2677284710133254,0.6736641757584979,1.9570508015832384,-0.03992285033351175
2014-12-12,1.5024744285889764,-2.7325895741469384,-0.9423797383151327,2.809441358469536,-0.8801100228259509,-0.032322993070609485,-1.2940891145651132,0.7378350405846013,1.7895856438163567,0.04215497146427456
2014-12-19,1.5092515195328304,-2.6237139777939733,-0.961918019814355,2.789859029338261,-0.9383623811129242,-0.13699169216601464,-1.239363636121187,0.6005845036345645,2.139039033732543,-0.1383843792297445
2014-12-26,1.5053821660610736,-2.6962557809250454,-0.953966325673975,2.8020950202040678,-0.9010499752798925,-0.06689021515443656,-1.2757028499330363,0.6935826266699234,1.9064667102133057,-0.01366137618198442
2015-01-02,1.504941583781172,-2.702902663953408,-0.952555201054184,2.803338050126692,-0.8974369448256088,-0.060509824784381695,-1.2790707878768672,0.7018935277943797,1.8851346350200984,-0.002832374227892043
2015-01-09,1.5048707829521017,-2.7039380991771123,-0.9523185257546828,2.8035343523519516,-0.8968690611423218,-0.059517066203618005,-1.279595742009611,0.7031830979936448,1.8818103843572593,-0.0011601233676119093
2015-01-16,1.5015922248232028,-2.740949192340488,-0.9380695342737884,2.811362049190332,-0.874781039040618,-0.024498251466996558,-1.298297566538697,0.7475237290854487,1.7625480491469852,0.053569531414619134
2015-01-23,1.5053454417087797,-2.6969198724071113,-0.9538828019456733,2.8022123380988453,-0.9007068093919269,-0.06624662021367196,-1.2760411144757982,0.6944314448158326,1.9043363655136738,-0.012528371702950292
2015-01-30,1.5056028725281672,-2.69284565431783,-0.954649111677494,2.801465164121899,-0.9028916935391231,-0.07016524626088283,-1.2739775223195458,0.6893069386027743,1.9174066653065764,-0.019252412444541366
2015-02-06,1.50569624553893,-2.6914002897486986,-0.9549373103141804,2.801198989592041,-0.9036721174438542,-0.07155288332025207,-1.273247060337674,0.6874946174873393,1.9220427456271072,-0.0216229370807584
2015-02-13,1.5006117983881053,-2.749478365190047,-0.9330577674421647,2.8134106598877517,-0.8691512224859412,-0.016556256932466783,-1.3025827924001983,0.7572314496059122,1.7348839930375899,0.06468850353145861
2015-02-20,1.500051258550545,-2.754065449492083,-0.9301085995724249,2.814549610339057,-0.8660435648430476,-0.012301174506250678,-1.3048837792402657,0.7623799936512601,1.719970264200193,0.07045144091301614
2015-02-27,1.5032961709991546,-2.7237848898091124,-0.9460916955738947,2.807531768674641,-0.8854637611488313,-0.040630186441508974,-1.2896407669967098,0.7273829400469813,1.817985884048103,0.02941453620117791
2015-03-06,1.5059756917220526,-2.686824439420869,-0.9557223737037253,2.8003731570853168,-0.906104014871496,-0.07595828209880855,-1.2709328939592734,0.6817165439320723,1.9367171280924935,-0.029240516777761627
2015-03-13,1.5021443666505976,-2.735744482162926,-0.9407740754010598,2.810161835543418,-0.8781053821896496,-0.02937021908690145,-1.2956763443532737,0.7414964097188367,1.779388188711696,0.04647970256926266
2015-03-20,1.5031270663355372,-2.725664757386119,-0.9453478330101955,2.807932405959095,-0.8843358347064771,-0.03885308700335077,-1.2905909476122528,0.7296288636676702,1.8119274098698483,0.0321767138862449
2015-03-27,1.5064367670350682,-2.6788140706246457,-0.9568748006876622,2.798961295934288,-0.9102954541813582,-0.08368830512114038,-1.2668855008217594,0.6715321553618884,1.9623991498592688,-0.04277123675394749
2015-04-03,1.5049908995920627,-2.702174094844822,-0.9527178193398479,2.8032004924808938,-0.8978353377813683,-0.06120868219990929,-1.2787014134309669,0.7009849375405685,1.8874734745764137,-0.004012456593023917
2015-04-10,1.505313967306922,-2.697375293779633,-0.9537758889482442,2.8022984526568755,-0.9004560109124362,-0.06581081470296639,-1.2762712027397232,0.6949974529265152,1.9028749642797416,-0.011795626087050782
2015-04-17,1.5049765939947901,-2.7023944141491434,-0.9526734268766948,2.8032415359446374,-0.8977163546795393,-0.0609968242906211,-1.2788132872082165,0.7012612367768023,1.8867662852015088,-0.003651344713523219
2015-04-24,1.5052045433780294,-2.6990450526916723,-0.953431144271992,2.802609172015296,-0.8995513094684323,-0.064207333510879,-1.2771170879685376,0.6970881606000218,1.8975168599785774,-0.009066808060411269
2015-05-01,1.503761625524705,-2.718421140423844,-0.9480832908393083,2.806407946603989,-0.888641499568729,-0.04570984493407106,-1.2869290177554298,0.7209362041335716,1.8352586221444969,0.02142039511461933
2015-05-08,1.5056912032123826,-2.6915075299324096,-0.9549308318956802,2.8012170465896844,-0.9036188497910939,-0.0714482380913414,-1.2733018236415699,0.6876339357620747,1.9216988367010839,-0.0214337489131311
2015-05-15,1.5010449170364335,-2.745912118733764,-0.9353327012442316,2.812530963789111,-0.8715616541093226,-0.01986128604167923,-1.3007963714400366,0.7532268174824944,1.7464656436277566,0.060195789633237774
2015-05-22,1.5079276452540662,-2.650503950249414,-0.9598382976465383,2.7941819644293857,-0.9248015335013988,-0.11107214591671077,-1.252665235526632,0.6351944900356639,2.0531449795000007,-0.09156791637842225
2015-05-29,1.5065561272270405,-2.6766187019392627,-0.9571350523529356,2.7985824976359703,-0.9114276894858893,-0.08581177501251798,-1.2657768481937042,0.6687232789576842,1.9694369846475914,-0.04652882148397604
2015-06-05,1.5012040293480884,-2.7444618439906305,-0.9361255346371653,2.8121895702856152,-0.8725002245740694,-0.021217828106955317,-1.3000653032656388,0.7515574802671369,1.7511668724967957,0.058252782176823815
2015-06-12,1.5048126844857959,-2.7047580456469484,-0.9521151538450553,2.803691762076979,-0.8964144154365588,-0.0587325442093158,-1.2800110009545025,0.7041992151803458,1.8791775179671628,0.00014998038209732557
2015-06-19,1.5062350128786366,-2.682367790828592,-0.9563856629011939,2.7995837946783113,-0.9084423144402892,-0.08025752413858882,-1.2686799988091275,0.6760571675719231,1.9510063786682015,-0.03674906267928062
2015-06-26,1.5025310587126393,-2.731935003691544,-0.9426203557849426,2.809302889040251,-0.8804968681380541,-0.03294503245869653,-1.2937563578594744,0.7370462906726785,1.791697314359252,0.04117606514789154
2015-07-03,1.504080949332904,-2.714498544697765,-0.9493768408776859,2.805608676736809,-0.8909149116845173,-0.04943790634132452,-1.2849437073945604,0.7161722774558389,1.8478777633550503,0.015432244115250616
2015-07-10,1.5039045396200217,-2.716694061507928,-0.9486708026854027,2.8060535770213155,-0.8896480279508896,-0.04734976109316804,-1.2860551684749262,0.7188441800999394,1.8408159559163948,0.018799569054642706
2015-07-17,1.5071396816795737,-2.6657785199348787,-0.9583728501014039,2.796729297279907,-0.9170087744444476,-0.09629342873405129,-1.2603182241852315,0.6548411054262367,2.004184444946309,-0.06512273193201308
2015-07-24,1.5073402376034442,-2.6619554376244214,-0.9587669830764882,2.7960851073941853,-0.9189660161877619,-0.09999164590148721,-1.2583983846646336,0.6499321876268894,2.0164385416467354,-0.07171760681646155
2015-07-31,1.5031510436071278,-2.7253957056623768,-0.9454524977253845,2.807875225579361,-0.8844966962426792,-0.03910767861477873,-1.2904548319431046,0.7293068106025156,1.8127945761690132,0.031779754230306524
2015-08-07,1.4996953372343649,-2.756922306456382,-0.9282208010076862,2.815267649211378,-0.8640920096419752,-0.009652671423941505,-1.3063170995229976,0.7655732894695039,1.7106704076331973,0.07399820450453834
2015-08-14,1.501109265930189,-2.7452367717588944,-0.9356256808087036,2.8123808151752776,-0.8719747036504086,-0.020500968338754078,-1.3004527657473939,0.7524253744992604,1.7486518006447302,0.0592236340546977
2015-08-21,1.5068051570490097,-2.67209598666285,-0.9576959754460284,2.797801964791696,-0.9137689661315246,-0.09018144288596383,-1.2634976055769416,0.6629455173907002,1.9839344170142739,-0.054247079542371866
2015-08-28,1.5076125759276156,-2.656754487095648,-0.9592985691297619,2.795213154371251,-0.921628980995499,-0.10502045407849855,-1.25579224662479,0.6432533216343242,2.0331085175524124,-0.08069283156140541
2015-09-04,1.4982646252181637,-2.768019231606664,-0.9205275702872837,2.8181191579766875,-0.8563977127615615,0.0006255036874867947,-1.3118866849330992,0.7778852010587345,1.6744598587788246,0.08747685286871079
2015-09-11,1.5008602800804027,-2.7473404416480216,-0.9343339671697606,2.8128931338057943,-0.8705686439443816,-0.01854715828987987,-1.3015079326412327,0.7548027409730025,1.7418245089376163,0.061917479896460216
2015-09-18,1.5050790618976915,-2.7009363464074436,-0.9530286972718315,2.802963104034123,-0.898523024354146,-0.062391857103617235,-1.2780755514442201,0.6994526769270384,1.8914469593044654,-0.005986325582060204
2015-09-25,1.5044276792901128,-2.7100205779445092,-0.9507158222402741,2.8047159047725723,-0.8934677539838756,-0.053704575559090674,-1.2826763453005348,0.710692266312668,1.8622728014942294,0.008476423158702496
2015-10-02,1.5044611396318608,-2.709579849217371,-0.9508424890482466,2.804628842021509,-0.8937174498154545,-0.05412483425711891,-1.2824532454645372,0.7101514094685621,1.8636890725002224,0.007787404180573887
2015-10-09,1.503072049950695,-2.726271430915259,-0.9451044172309461,2.8080622535609785,-0.8839707941169742,-0.0382797417211735,-1.2908976346661851,0.7303527324151673,1.8099717043413708,0.033065278382326646
2015-10-16,1.505819315679728,-2.6894066788883384,-0.9552897256801834,2.8008375587378924,-0.904734722745634,-0.07347144962962356,-1.2722385969376684,0.6849804260871433,1.9284365385075577,-0.024932665130873933
2015-10-23,1.5034606890754265,-2.7219457063040613,-0.9468127035406075,2.8071413318092047,-0.8865652441824933,-0.042368667700757444,-1.2887116866402832,0.7251840526097665,1.823911230157981,0.026706704715824793
2015-10-30,1.5051985913949004,-2.699146922056796,-0.953415825282511,2.802627498056532,-0.8994979026152393,-0.06410885008993739,-1.2771689408706304,0.6972175712324427,1.8971900076009323,-0.008895227369692994
2015-11-06,1.5040912802012862,-2.7143725633483546,-0.949419007035637,2.8055829888490273,-0.8909881299078706,-0.04955751301954492,-1.284880031140408,0.7160195113670909,1.8482829535305783,0.015240510503832105
2015-11-13,1.506387065862043,-2.6796973286577646,-0.9567567473971671,2.7991154171751704,-0.9098358793431103,-0.08283535714005756,-1.2673313599491043,0.6726579167256779,1.9595676335564947,-0.04127136083218215
2015-11-20,1.503966743816513,-2.7159251955293167,-0.9489213351242022,2.805897283687738,-0.8900926963240705,-0.04808079462947097,-1.285665936046567,0.7179094583557718,1.8432892958760942,0.017623175917510635
2015-11-27,1.504835177526631,-2.704439963705943,-0.9521936865849083,2.8036307236582507,-0.8965906695428709,-0.05903693968652455,-1.279849875891396,0.7038049074090187,1.8801989049211478,-0.0003585781034057156
2015-12-04,1.503903775161521,-2.7167012454328443,-0.9486670236957183,2.8060552029614856,-0.889643422556494,-0.04734308609987452,-1.2860587486842088,0.718852453421247,1.8407928103995617,0.0188092845253248
2015-12-11,1.506210750971278,-2.682732123726181,-0.9563071447984489,2.7996509110686505,-0.9082435650634055,-0.079908991865689,-1.2688630446670146,0.6765118114884712,1.9498384175862082,-0.03615702099386855
2015-12-18,1.5064149545746046,-2.6791445075522793,-0.9568050769966483,2.799021788489022,-0.9101155875746911,-0.08337221310377822,-1.267051286320451,0.671944905480719,1.9613400426056367,-0.042233019602133215
2015-12-25,1.5043288757747486,-2.7113208370444117,-0.950341550750443,2.8049730554624857,-0.8927309560807121,-0.05246452939246007,-1.2833347949332918,0.7122878863130165,1.8580940249693156,0.010508825681751866
2016-01-01,1.502035378471801,-2.7368239132613312,-0.9402559539270887,2.8104052533362784,-0.8774293669276727,-0.028355983611943268,-1.296221194518472,0.7427595048782759,1.7758988041985506,0.04798747136160229
2016-01-08,1.5067479980657352,-2.673250255063789,-0.9576037437689905,2.7979951865926127,-0.9131870680158123,-0.0890604551920077,-1.264080796072955,0.6644368250750046,1.9802339441354646,-0.05223163575526311
2016-01-15,1.503203557930649,-2.7248286375781676,-0.9456886342554247,2.80775296849094,-0.8848406216626017,-0.039642546661120145,-1.2901686258669125,0.7286330270845583,1.8146226033855484,0.030956909132530887
2016-01-22,1.5028687234121514,-2.728403095726361,-0.9441711328884057,2.80852816010462,-0.8826637212490039,-0.036272712770500745,-1.2919727929444336,0.7328718864411528,1.8030958497244136,0.03611883589636733
2016-01-29,1.5025188019671047,-2.7320648412519093,-0.9425646094755,2.8093312767779506,-0.880417613397119,-0.03282250364371455,-1.293822030546654,0.7372001928376897,1.7912781915062364,0.04136313522591575
2016-02-05,1.5072087170718795,-2.6645562890802688,-0.9585381614062551,2.796518757398286,-0.9176465199679005,-0.09747118590719892,-1.2597055761321594,0.6532847496250228,2.008101291865451,-0.06719578346685653
2016-02-12,1.5054690894018,-2.6949531436172727,-0.9542477351278155,2.801851840282147,-0.9017598364966313,-0.06813915109135879,-1.275044263412797,0.6919559306229643,1.9106461059217321,-0.01577883648276792
2016-02-19,1.503826928695911,-2.717638363295983,-0.9483536794267661,2.806246783559034,-0.889098971079578,-0.04645275904791535,-1.2865330318618358,0.7199892797143219,1.8377776826980028,0.020236130044809196
2016-02-26,1.5062898901041746,-2.6813825739138712,-0.9565128854225428,2.7994119327150964,-0.9089533833670245,-0.08120981300065741,-1.2681818626843155,0.6747998539565584,1.9541650307640985,-0.03842618915151617
2016-03-04,1.5053044112739609,-2.697535266452552,-0.9537501725147027,2.8023273713089596,-0.9003716092064457,-0.06565638908460084,-1.276352501386946,0.6952001171086686,1.9023617182308725,-0.01152767927721383
2016-03-11,1.5012226506846298,-2.7442368067220997,-0.9362011618407772,2.812142168576583,-0.8726309341570475,-0.02143318239405394,-1.299949974981315,0.751283546750776,1.7518942232514292,0.057909470831875434
2016-03-18,1.502759332327257,-2.7295710966095657,-0.9436758731990281,2.8087820157982533,-0.8819526407548317,-0.035170764154258946,-1.2925630017879526,0.7342576882703729,1.7993277612614769,0.03780657884827763
2016-03-25,1.5060837526773052,-2.6849681320351833,-0.9559989958102776,2.800043904062254,-0.9070779273837417,-0.07774933961504046,-1.2699939256951267,0.6793592396922423,1.9426692608658918,-0.0323678367583244
2016-04-01,1.5047354660012053,-2.7058179264849134,-0.9518356668157455,2.8038973182384903,-0.8958215872213542,-0.05772009907815416,-1.280547359169658,0.7055074208817482,1.875773658468417,0.0018287751799639373
2016-04-08,1.5056962635789752,-2.6913488307298743,-0.9549214301751026,2.801192464071234,-0.9036917663129621,-0.0716052640190414,-1.2732200399625315,0.6874215766976708,1.9222077039552565,-0.021730677103624706
2016-04-15,1.5060253033564814,-2.685928983530342,-0.9558358813188897,2.800216489203975,-0.9065675931265901,-0.07682462627416911,-1.2704790658167437,0.6805728668719154,1.9395884294505126,-0.030766938816149825
2016-04-22,1.5033340152768413,-2.7233757541515184,-0.9462618142288116,2.807443728877834,-0.8857118368779358,-0.04101595246957177,-1.2894344086509855,0.7268968396200234,1.8193044423897018,0.02882074021442218
2016-04-29,1.5038883247000043,-2.716882280037597,-0.9486017331887513,2.806092744619476,-0.8895367506256463,-0.047171622881029315,-1.2861501659900014,0.7190705342011998,1.8402102561379743,0.01908069306437037
2016-05-06,1.504659211411286,-2.7069058895323286,-0.9515725605397802,2.804105840821877,-0.8952205405788577,-0.05667796157153608,-1.2810991513821117,0.7068580911836877,1.872279621878872,0.003573338308892815
2016-05-13,1.5006559131231096,-2.749063844437485,-0.933273382618782,2.813313947093261,-0.8694160131757028,-0.01694567266153433,-1.3023730039450292,0.756750446363102,1.7362285497107428,0.06412306054831766
2016-05-20,1.4980580957396055,-2.7694093307755856,-0.9193522953893878,2.818503563594209,-0.8553670288668261,0.0018948088149682186,-1.31257743055065,0.7793639097525229,1.6699044090105264,0.08898129867061755
2016-05-27,1.502537147611137,-2.73179700131647,-0.9426252981751752,2.809279011037454,-0.8805640341778869,-0.033081004768560573,-1.2936843706664853,0.7368654729429341,1.7921409068932022,0.04092917061984984
2016-06-03,1.5034805905886084,-2.721673738586082,-0.9468846553457329,2.8070876502004394,-0.8867172559414562,-0.0426293992716829,-1.2885729817567273,0.7248478722822699,1.8247863251180139,0.026275592712350006
2016-06-10,1.4991580097454293,-2.761128723231221,-0.9253406249942977,2.816340524474226,-0.8611868029492451,-0.00575810602460205,-1.308426627122358,0.7702475416006012,1.696959331420998,0.07913547708046846
2016-06-17,1.5006547495924827,-2.74906012732788,-0.9332631315396117,2.813314503809479,-0.8694145474458477,-0.0169504216115699,-1.3023706236324917,0.7567422991326136,1.7362400623906296,0.06410723663219553
2016-06-24,1.5031511565654958,-2.7253661158585936,-0.9454442316253548,2.807871220040089,-0.8845081779590579,-0.039137790717873155,-1.2904390704168234,0.7292650909734447,1.812889344780374,0.03171857421830051
2016-07-01,1.5032891021273025,-2.7238477687764218,-0.9460557343055948,2.8075464342166794,-0.8854225542071005,-0.04057194702573983,-1.2896720921071814,0.7274545195840192,1.8177829433550403,0.029497097138996776
2016-07-08,1.501852153121945,-2.738538245861679,-0.9393542680428894,2.810801566864727,-0.8763309638160625,-0.02675274507820071,-1.297083875519146,0.7447410919057252,1.7703524079341126,0.05031287849146802
2016-07-15,1.506333774532472,-2.6806956468633834,-0.9566462057818352,2.7992872222573304,-0.9093236040955143,-0.08186849578970348,-1.267836421814294,0.6739378959819374,1.9563670383459475,-0.0395555567729569
2016-07-22,1.5026520916409545,-2.730700193355585,-0.9431856274938081,2.8090290364687727,-0.88126166455834,-0.03410638571624416,-1.2931333939079617,0.7355939218373584,1.7956840471268507,0.039428167958002726
2016-07-29,1.5038539170804985,-2.7172973993143836,-0.9484600487527854,2.8061779338315365,-0.8892946682494399,-0.046777550446156814,-1.2863601385717247,0.7195731922441143,1.8388745741995947,0.01971018797874624
2016-08-05,1.5040762674084776,-2.7145567471147865,-0.9493580746588044,2.805620463630002,-0.8908813093374928,-0.04938256989413388,-1.284973155007995,0.7162430841042785,1.847690582266629,0.015521458603824988
2016-08-12,1.5032301831860362,-2.724517079319556,-0.9458009398909862,2.807687839088211,-0.8850241115247408,-0.03993824292693136,-1.2900107124418283,0.7282573045857053,1.8156263628452514,0.03048939639883841
2016-08-19,1.5035310725256876,-2.7211113135104306,-0.9471066087577913,2.806968265178278,-0.8870545743693953,-0.04316066213248053,-1.288289122236874,0.7241760552340554,1.8265979221198883,0.025448965949062697
2016-08-26,1.503079265407779,-2.7261644243609386,-0.9451278513514737,2.808041596082832,-0.8840290564667711,-0.03838295800661355,-1.2908427519244758,0.730218839608486,1.810316070060472,0.03289127095070343
2016-09-02,1.5034231997584069,-2.722347405933336,-0.9466429799832291,2.8072279551175408,-0.8863208167156257,-0.04199035261992732,-1.288914051002057,0.7256603574733644,1.8226168712396427,0.02728722266522059
2016-09-09,1.5034177220651108,-2.722420361449451,-0.9466225932893992,2.8072424890148078,-0.8862797002979004,-0.0419205182054442,-1.2889512253298654,0.725750197492089,1.822382078068825,0.027401911931228005
2016-09-16,1.5048732298698717,-2.703915971888159,-0.9523309380479101,2.8035293188993418,-0.8968834939884973,-0.05953746548562648,-1.2795848112172536,0.7031579146717812,1.8818815301382539,-0.001189312951801824
2016-09-23,1.5009707161409866,-2.7465131338695326,-0.9349396855665126,2.8126801156401444,-0.8711523935555752,-0.019305591552099655,-1.3010968441319655,0.75389845243295,1.744514133536861,0.06094423092474353
2016-09-30,1.5068639932116297,-2.6711305940836674,-0.957860920255796,2.797630801695278,-0.9142828958107116,-0.09110842984379275,-1.2630134929793255,0.6617273094983458,1.9870281009448931,-0.05585387237685326
2016-10-07,1.5030926660923396,-2.7260386737664533,-0.9451939489537512,2.8080128717587267,-0.8841096336238634,-0.03850013526790996,-1.2907798057334146,0.7300737757991321,1.8107219378702422,0.03272094582495253
2016-10-14,1.5019351786235238,-2.7377090613829003,-0.9397465500650076,2.810614886096938,-0.8768484364233391,-0.02753290231558081,-1.2966647554138013,0.7437686878534304,1.7730336597016279,0.049149293325108534
2016-10-21,1.5036001083322617,-2.720309721660177,-0.9474001780706329,2.8068008514331972,-0.8875282074147177,-0.043920154325660744,-1.2878837734196706,0.7232113698547153,1.8291789887276284,0.024250716543056505
2016-10-28,1.5037565149759666,-2.7184599281404815,-0.9480551848503792,2.80641762554361,-0.8886142203890366,-0.04567461986974845,-1.2869480567958842,0.7209784217954527,1.835133419020615,0.021466028709885964
2016-11-04,1.5003867336566405,-2.75140133539053,-0.9318984329360644,2.8138784648083255,-0.8678727209014918,-0.014765420614052305,-1.3035499923437897,0.7594133289870508,1.728637654901363,0.06717171983254885
2016-11-11,1.5052406505395866,-2.6985401011569445,-0.9535591774541661,2.8025124593108055,-0.8998323025106508,-0.06468961974506801,-1.2768621472611188,0.6964635948950059,1.8991374994283032,-0.009870856045753218
2016-11-18,1.5037414865096141,-2.7186546681044335,-0.9479974856503652,2.8064566424058217,-0.8885034134034312,-0.04548873720692885,-1.2870469764522088,0.7212170758294332,1.8345069197173196,0.021769156355179044
2016-11-25,1.5039769480660563,-2.7157962610448827,-0.9489615722978757,2.8058712898856752,-0.8901667103254638,-0.04820356454744079,-1.2856006071502466,0.7177521499091668,1.8437039947691587,0.017424332735852845
2016-12-02,1.5050457297857434,-2.701412088622478,-0.9529135604167605,2.8030538175127973,-0.8982600549331747,-0.061936639828246286,-1.2783162360036022,0.7000430069766594,1.889919814167013,-0.005223788637950921
2016-12-09,1.503370353227002,-2.7229531810988976,-0.9464159956004214,2.8073553167339376,-0.8859613091722869,-0.041416651651898076,-1.2892204528095892,0.7263879372164914,1.8206655928040079,0.02818839035165439
2016-12-16,1.5028168632646461,-2.7289445113274797,-0.9439325040292268,2.808646841619251,-0.8823312575973725,-0.03576292296619821,-1.2922459746555603,0.7335113509747585,1.8013489900422368,0.03689312467494528
2016-12-23,1.5019657707406504,-2.737363961753985,-0.9398788556029946,2.8105408351171337,-0.8770540660663251,-0.027860785011427636,-1.2964891141399526,0.7433542238507774,1.7741482672955367,0.04863768557058625
2016-12-30,1.4979071621998665,-2.7705136797372187,-0.9185215870296861,2.818797193480964,-0.8545807214475062,0.00291410090547064,-1.3131307896823121,0.7805711961683374,1.6662895955402963,0.09026752960178856
2017-01-06,1.5009119694676858,-2.7468501047485097,-0.9345853684319169,2.8127794193962514,-0.8708807230281479,-0.019007837081996427,-1.301259868119307,0.7542328611680407,1.7434140220856418,0.0612456292922583
2017-01-13,1.502578222020761,-2.7313775966376292,-0.9428169998380893,2.8091860031219675,-0.8808237052164923,-0.0334755267899288,-1.2934727429781212,0.7363720545641759,1.793495081043695,0.04033521070966195
2017-01-20,1.501190347614781,-2.744513931564482,-0.9360347755281291,2.8122090858205246,-0.8724468957593965,-0.021175582086950362,-1.300089011562,0.7515977867399996,1.750995422050756,0.05826755427489685
2017-01-27,1.5049422328248125,-2.7029480314197056,-0.9525743816970532,2.8033432888724965,-0.8974212918071991,-0.06046303789010614,-1.2790949485860308,0.7019595808769463,1.884989381555681,-0.0027327927298414602
2017-02-03,1.4992394273360454,-2.7606133451589168,-0.9258150627745255,2.8161945523770813,-0.8615811136217358,-0.006223242792489847,-1.308172996547845,0.7697126364462872,1.6986462213129159,0.07861292342318364
2017-02-10,1.5050476484325137,-2.701410576428821,-0.9529282133956551,2.80305190749911,-0.8982653513901578,-0.061936489606856826,-1.2783160337338446,0.7000457540568463,1.8899248400146669,-0.005213485447800981
2017-02-17,1.5035917614657925,-2.720425144471432,-0.9473704011360045,2.8068235118540583,-0.8874639260160903,-0.043809456338970376,-1.2879426299359626,0.7233542636433696,1.8288076897596597,0.024434331175578982
2017-02-24,1.5050436426494236,-2.701445144416236,-0.9529073648474977,2.803059917335395,-0.8982423469182681,-0.061904806823074573,-1.2783330325151563,0.7000846094458149,1.8898137234690204,-0.0051691973794211424
2017-03-03,1.5034569539279314,-2.721987660318612,-0.9467963897561807,2.8071502145386846,-0.886540158857963,-0.042329006189389465,-1.2887328765291373,0.7252342480539555,1.8237760893894865,0.02676858574122516
2017-03-10,1.5057349668259719,-2.69073808590856,-0.9550372887316954,2.8010807783067064,-0.9040197325119287,-0.07219218302667448,-1.2729113097203857,0.6866538938778076,1.9241665539806057,-0.022737593091847686
2017-03-17,1.5061361291003847,-2.684024086897669,-0.9561192461738605,2.799878978691285,-0.9075669600417153,-0.07866237487276448,-1.269515932347821,0.6781537916791018,1.9456961786664841,-0.03397647780342554
2017-03-24,1.5043274234433828,-2.7113401061529356,-0.9503360989096447,2.80497685803745,-0.8927200672940646,-0.052446139511917164,-1.2833445596017727,0.712311564531572,1.8580320950765763,0.01053903038135422
2017-03-31,1.502633021479792,-2.730864945600073,-0.9430873204106636,2.8090682041301633,-0.8811524278089692,-0.03395388303454374,-1.2932155694667062,0.7357804148878276,1.7951514024382766,0.039641103384896056
2017-04-07,1.503229463861293,-2.724500067520276,-0.9457900415805547,2.80768624758044,-0.8850287842172142,-0.03995621084975176,-1.2900014084220577,0.7282313604307402,1.8156806640424494,0.030448776674931198
2017-04-14,1.5005593520359988,-2.749940870133114,-0.9327920302165585,2.81352155838532,-0.8688478507878512,-0.016124293877729245,-1.3028158806399692,0.7577602634396736,1.7333825126524036,0.06529723914182686
2017-04-21,1.5047139285156628,-2.7061539953804115,-0.9517702629816357,2.803959898290303,-0.8956408801368099,-0.05739645253529391,-1.2807184028085128,0.7059297448574245,1.8746946484676186,0.002381773711654578
2017-04-28,1.5038198766096023,-2.7177134761567903,-0.9483215635379884,2.806262951155562,-0.8890531384524231,-0.04638214608763604,-1.2865707772326,0.7200781643641421,1.8375358206072636,0.020344288730867355
2017-05-05,1.504178353367098,-2.713266155277983,-0.9497606873046704,2.805360811004668,-0.8916222108756054,-0.05061090548009615,-1.2843198312983208,0.7146687773745349,1.85184054732525,0.013531301165125065
2017-05-12,1.5025430788235001,-2.731799494316695,-0.9426724969877218,2.809273964943386,-0.8805776865338814,-0.03307354765144273,-1.2936875770954201,0.7368837512919045,1.7921345268790536,0.04097548064731722
2017-05-19,1.505069259786613,-2.701053928912546,-0.9529879116274002,2.8029869192976813,-0.8984541800259056,-0.06228073085873009,-1.2781345473489036,0.6995945874215963,1.8910693780989827,-0.005808845831388076
2017-05-26,1.5062681090752899,-2.6817330617820576,-0.9564497083825682,2.7994750550978367,-0.9087660020207945,-0.08087314114053376,-1.268358348372538,0.6752412525045041,1.9530414491194663,-0.0378456040986042
2017-06-02,1.5054691285566204,-2.694982523764647,-0.9542571794143099,2.8018555380621244,-0.9017487465233206,-0.06810919666733395,-1.2750597324294861,0.6919977516254157,1.9105519509442839,-0.015716990389346465
2017-06-09,1.502466920500665,-2.7325952277012773,-0.9423227275536922,2.809448920980849,-0.8800894099206754,-0.03232342090451854,-1.2940897735670212,0.7378244232541956,1.78956547553497,0.04211481937650534
2017-06-16,1.5059093419085765,-2.68795373715219,-0.9555492788699065,2.800574297675042,-0.905510141152158,-0.07486898466228062,-1.2715043488729505,0.6831491557061816,1.933095893644237,-0.027342198224551507
2017-06-23,1.501171609161656,-2.7447626909464886,-0.9359656172811857,2.812259816887041,-0.8723069577394045,-0.020936007488727083,-1.3002171030842813,0.7519051645494658,1.750191963780745,0.05865982216117853
2017-06-30,1.5062083262415829,-2.682861131429436,-0.956328242559168,2.799669213180174,-0.9081883771125876,-0.07977989198730642,-1.2689297718021746,0.6766888381424107,1.9494246487369566,-0.03590361141045113
2017-07-07,1.5042843978296667,-2.7118988591572553,-0.9501708595665708,2.8050879729293694,-0.8924020896151132,-0.05191363069073218,-1.283627464281432,0.7129958923982357,1.8562360886199152,0.011408551533917155
2017-07-14,1.5052598618866448,-2.6981891127230058,-0.9536017434598103,2.802450521127366,-0.900013142789317,-0.06503004877950129,-1.2766831506439942,0.6960144206479463,1.9002635161676698,-0.010471121433997954
2017-07-21,1.5065001677005139,-2.6776728908854643,-0.9570208610252668,2.7987630892943764,-0.9108873035362588,-0.08479092354275455,-1.2663094792547311,0.6700755889487715,1.9660574497867054,-0.0447148374858906
2017-07-28,1.5032181280026797,-2.7247111862389204,-0.9457664917811881,2.8077243163356944,-0.8849209449430816,-0.03975022077415247,-1.2901105160407436,0.7285027074809338,1.8150020660043253,0.030812141954452966
2017-08-04,1.508016564157084,-2.6487715073664395,-0.9600004078259292,2.7938959191486306,-0.9256852402973831,-0.1127471436625083,-1.2518007218424456,0.6329652281477428,2.058698015144135,-0.0945707056028863
2017-08-11,1.5038963324430508,-2.716788996950455,-0.9486357401088421,2.806073357574018,-0.8895918303035183,-0.04725993552645984,-1.2861030742261634,0.7189582780583945,1.8405104440776072,0.01894116496236862
2017-08-18,1.5023492608844753,-2.733726221681024,-0.94175210553633,2.8097063591325684,-0.8793723232016539,-0.03126469470872362,-1.2946587129276992,0.7391383251564966,1.7859107416124627,0.04366937126942849
2017-08-25,1.5043280927117855,-2.7113386476687635,-0.9503409079415803,2.804976067589437,-0.8927222675755916,-0.052447049454823924,-1.2833439948852783,0.7123111855302826,1.858036870351683,0.010540651342849205
2017-09-01,1.5022512362833067,-2.7346941300305683,-0.941284834747384,2.8099244706226583,-0.8787652779312399,-0.030356112686973625,-1.295146697900838,0.7402696606270011,1.782783083129591,0.04501860263444692
